ticket_id,customer_id,region,channel,category,priority,agent_id,created_date,resolved_date,first_response_time_hours,resolution_time_hours,csat_score,status,sla_breached
TKT000833,CUST_081,West,Email,Other,Medium,AGENT_13,2026-05-28,2026-05-30,5.1,50.3,5,Closed,Yes
TKT001533,CUST_051,Central,Chat,Account Access,Medium,AGENT_14,2026-05-08,2026-05-09,4.6,42.6,5,Resolved,Yes
TKT003804,CUST_058,South,Email,Delivery Delay,Low,AGENT_06,2026-04-12,2026-04-18,29.5,157.6,4,Resolved,Yes
TKT000718,CUST_059,Central,Email,Other,Medium,AGENT_10,2026-01-25,2026-01-26,23.9,36.8,5,Resolved,Yes
TKT000925,CUST_056,West,Chat,Other,Low,AGENT_06,2026-01-26,,22.1,82.1,5,Resolved,Yes
TKT003518,CUST_125,West,Chat,Damaged Goods,Medium,AGENT_07,2026-03-05,2026-03-07,1.0,48.6,3,Resolved,Yes
TKT003762,CUST_016,West,Phone,Billing,Critical,AGENT_05,2026-02-04,2026-02-04,0.8,6.2,4,Resolved,Yes
TKT000227,CUST_007,East,Chat,Delivery Delay,Medium,AGENT_04,2026-04-04,2026-04-06,21.3,56.1,3,Resolved,Yes
TKT000949,CUST_140,South,Email,Delivery Delay,Low,AGENT_04,2026-02-26,2026-03-03,25.0,141.9,4,Closed,Yes
TKT004659,CUST_116,South,Chat,Billing,Critical,AGENT_04,2026-03-12,2026-03-12,1.7,6.6,3,Closed,Yes
TKT001457,CUST_058,East,Chat,Billing,Medium,AGENT_04,2026-04-10,2026-04-11,1.4,38.8,,Reopened,Yes
TKT003774,CUST_002,Central,Phone,Account Access,Low,AGENT_09,2026-04-05,,27.3,,,Open,No
TKT002196,CUST_112,West,Email,Delivery Delay,Medium,AGENT_12,2026-03-29,2026-04-01,19.3,73.7,,Reopened,Yes
TKT001532,CUST_129,East,Phone,Delivery Delay,Low,AGENT_05,2026-03-21,2026-03-24,28.5,89.6,,Reopened,Yes
TKT003635,CUST_071,West,Phone,Damaged Goods,Critical,AGENT_06,2026-04-27,2026-04-27,0.9,,3,Resolved,Yes
TKT004014,CUST_016,Central,Chat,Delivery Delay,High,AGENT_12,2026-05-07,2026-05-07,2.4,9.4,1,Resolved,No
TKT000536,CUST_045,West,Chat,Other,Medium,AGENT_05,2026-04-24,2026-04-25,20.1,45.2,4,Resolved,Yes
TKT002062,CUST_017,West,Phone,Billing,High,AGENT_10,2026-03-13,2026-03-14,7.2,,5,Resolved,Yes
TKT004747,CUST_072,East,Email,Damaged Goods,Medium,AGENT_14,2026-02-07,2026-02-07,2.0,21.7,2,Resolved,No
TKT004663,CUST_053,East,Email,Other,High,AGENT_07,2026-03-02,2026-03-08,7.1,162.2,5,Resolved,Yes
TKT001114,CUST_061,Central,Email,Delivery Delay,Low,AGENT_03,2026-04-03,2026-04-08,31.9,138.0,5,Resolved,Yes
TKT004348,CUST_010,North,Chat,Billing,Low,AGENT_02,2026-04-09,2026-04-11,42.0,51.2,3,Resolved,No
TKT002279,CUST_127,East,Chat,Billing,Low,AGENT_05,2026-05-14,2026-05-17,23.4,76.7,4,Resolved,Yes
TKT002041,CUST_123,South,Phone,Account Access,Medium,AGENT_05,2026-01-01,2026-01-01,18.0,,5,Resolved,No
TKT004358,CUST_016,West,Phone,Damaged Goods,Medium,AGENT_11,2026-05-03,2026-05-04,20.1,,3,Resolved,Yes
TKT003120,CUST_124,South,Email,Other,High,AGENT_11,2026-04-10,2026-04-10,7.7,17.3,4,Resolved,Yes
TKT004299,CUST_100,Central,Phone,Delivery Delay,High,AGENT_03,2026-03-18,2026-03-18,3.9,,5,Resolved,No
TKT000514,CUST_034,North,Phone,Other,Medium,AGENT_10,2026-04-12,2026-04-14,2.7,,,Reopened,Yes
TKT000225,CUST_078,East,Chat,Damaged Goods,Medium,AGENT_13,2026-05-12,2026-05-15,17.4,79.4,5,Resolved,Yes
TKT004944,CUST_129,South,Portal,Other,Low,AGENT_07,2026-03-20,,14.1,685.8,5,Resolved,Yes
TKT003164,CUST_134,West,Chat,Delivery Delay,Medium,AGENT_02,2026-01-24,2026-01-24,9.8,20.7,4,Resolved,No
TKT001189,CUST_020,South,Email,Billing,Medium,AGENT_03,2026-06-20,2026-06-22,15.8,69.9,4,Resolved,Yes
TKT002813,CUST_018,East,Email,Delivery Delay,High,AGENT_14,,2026-06-12,4.2,20.8,,Reopened,Yes
TKT000990,CUST_037,Central,Phone,Delivery Delay,Low,AGENT_03,2026-03-20,2026-03-22,11.3,,4,Resolved,No
TKT000603,CUST_015,East,Email,Account Access,Low,AGENT_11,2026-02-09,,44.9,161.8,3,Closed,Yes
TKT003061,CUST_047,North,Email,Delivery Delay,Low,AGENT_03,2026-06-10,2026-06-12,8.7,64.6,5,Closed,No
TKT003455,CUST_106,East,Email,Account Access,Critical,AGENT_13,2026-01-01,,1.6,7.2,3,Resolved,Yes
TKT004563,CUST_079,West,Phone,Billing,Low,AGENT_10,2026-06-12,2026-06-13,20.0,,5,Resolved,No
TKT003360,CUST_098,North,Phone,Billing,Medium,AGENT_03,2026-04-02,2026-04-03,19.3,,5,Resolved,No
TKT002533,CUST_131,South,Email,Account Access,Critical,AGENT_11,2026-03-30,2026-03-30,1.5,4.6,4,Resolved,Yes
TKT000493,CUST_054,South,Email,Delivery Delay,Medium,AGENT_13,2026-04-30,2026-05-02,22.9,69.2,1,Resolved,Yes
TKT002012,CUST_004,East,Email,Billing,Low,AGENT_05,2026-03-14,2026-03-18,23.5,108.0,3,Closed,Yes
TKT003319,CUST_107,Central,Chat,Other,Medium,AGENT_13,2026-06-16,,14.9,35.8,,Reopened,No
TKT001575,CUST_023,South,Portal,Billing,Medium,AGENT_07,2026-03-23,,3.4,297.0,4,Resolved,Yes
TKT001083,CUST_081,North,Phone,Other,Critical,AGENT_01,2026-02-02,2026-02-02,0.5,-18.2,4,Resolved,Yes
TKT002240,CUST_079,South,Chat,Billing,Medium,AGENT_12,2026-05-18,2026-05-20,3.5,53.4,,Reopened,Yes
TKT001613,CUST_052,North,Chat,Other,Low,AGENT_04,2026-05-01,,21.4,,,Open,No
TKT002867,CUST_010,West,Phone,Delivery Delay,Low,AGENT_01,2026-05-18,2026-05-18,0.5,,5,Resolved,No
TKT002551,CUST_086,West,Chat,Billing,High,AGENT_10,2026-01-08,2026-01-08,6.3,15.0,4,Closed,Yes
TKT000143,CUST_142,West,Chat,Delivery Delay,Low,AGENT_09,2026-05-13,,24.0,133.4,4,Resolved,Yes
TKT003227,CUST_048,Central,Email,Damaged Goods,High,AGENT_12,2026-04-05,2026-04-05,4.4,10.6,5,Closed,No
TKT000720,CUST_088,North,Email,Other,Medium,AGENT_11,2026-03-20,2026-03-22,1.6,48.5,4,Closed,Yes
TKT001759,CUST_033,West,Phone,Other,Medium,AGENT_09,2026-02-06,2026-02-07,18.3,,3,Resolved,No
TKT000881,CUST_026,West,Portal,Delivery Delay,Medium,AGENT_03,2026-04-29,,4.2,41.2,4,Resolved,Yes
TKT000663,CUST_145,Central,Chat,Other,Low,AGENT_03,2026-05-24,2026-05-27,4.4,81.9,2,Resolved,Yes
TKT000880,CUST_048,East,Chat,Other,Low,AGENT_02,2026-03-02,,11.7,,,Open,No
TKT001573,CUST_124,North,Email,Billing,Low,AGENT_05,2026-03-10,2026-03-13,41.3,76.2,5,Resolved,Yes
TKT000801,CUST_117,Central,Email,Delivery Delay,Medium,AGENT_15,2026-03-04,2026-03-07,23.5,72.5,5,Resolved,Yes
TKT000118,CUST_034,East,Email,Account Access,Medium,AGENT_02,2026-03-02,2026-03-03,2.0,35.8,,Reopened,No
TKT002768,CUST_028,North,Portal,Other,Low,AGENT_06,2026-03-01,2026-03-04,22.5,72.6,3,Resolved,Yes
TKT004867,CUST_060,West,Email,Billing,Critical,AGENT_09,2026-05-07,2026-05-07,0.9,4.1,5,Resolved,Yes
TKT001710,CUST_131,North,Chat,Other,Low,AGENT_10,2026-05-26,,13.3,148.6,4,Resolved,Yes
TKT001594,CUST_108,East,Email,Other,Low,AGENT_13,2026-05-24,2026-05-30,18.4,148.3,1,Resolved,Yes
TKT003964,CUST_035,South,Chat,Billing,Critical,AGENT_12,2026-01-28,2026-01-28,1.1,4.0,3,Resolved,No
TKT000566,CUST_146,East,Email,Other,High,AGENT_06,2026-02-15,2026-02-15,7.0,22.6,4,Resolved,Yes
TKT003259,CUST_148,West,Chat,Delivery Delay,High,AGENT_03,,2026-06-21,1.7,24.0,4,Closed,Yes
TKT004453,CUST_135,Central,Phone,Billing,Critical,AGENT_12,2026-03-10,2026-03-10,1.4,,5,Resolved,Yes
TKT003132,CUST_107,West,Portal,Other,High,AGENT_06,,2026-03-16,1.7,9.8,4,Resolved,No
TKT001645,CUST_002,Central,Portal,Delivery Delay,Low,AGENT_03,2026-05-05,,39.1,,,Open,No
TKT003723,CUST_077,West,Chat,Delivery Delay,High,AGENT_13,2026-02-23,,2.8,18.9,5,Resolved,Yes
TKT003402,CUST_059,North,Portal,Delivery Delay,Low,AGENT_12,2026-06-10,,4.2,115.6,3,Closed,Yes
TKT002117,CUST_141,North,Portal,Billing,High,AGENT_13,2026-04-21,2026-04-22,3.2,24.5,,Reopened,Yes
TKT003246,CUST_103,West,Chat,Billing,Medium,AGENT_03,2026-05-10,2026-05-11,8.5,37.6,4,Resolved,Yes
TKT004382,CUST_126,South,Phone,Other,Low,AGENT_03,2026-06-30,,15.4,,2,Resolved,No
TKT003445,CUST_074,East,Chat,Damaged Goods,Low,AGENT_11,2026-02-02,2026-02-06,1.8,100.9,4,Resolved,Yes
TKT000633,CUST_022,North,Portal,Billing,Medium,AGENT_10,2026-03-08,2026-03-09,9.2,38.0,4,Closed,Yes
TKT003783,CUST_019,West,Portal,Damaged Goods,High,AGENT_14,2026-01-15,,5.5,,,Open,No
TKT004472,CUST_031,South,Portal,Other,High,AGENT_13,2026-05-02,2026-05-02,6.4,21.6,3,Resolved,Yes
TKT001905,CUST_035,North,Chat,Billing,Low,AGENT_11,2026-06-21,,43.6,,,Open,No
TKT002356,CUST_084,South,Email,Delivery Delay,High,AGENT_07,2026-06-09,2026-06-19,7.6,250.1,,Reopened,Yes
TKT004658,CUST_020,Central,Chat,Billing,Critical,AGENT_15,2026-03-08,2026-03-08,1.4,5.2,5,Resolved,Yes
TKT001171,CUST_106,East,Email,Billing,High,AGENT_10,2026-05-25,2026-05-25,2.7,20.9,3,Resolved,Yes
TKT004247,CUST_097,South,Phone,Damaged Goods,Low,AGENT_14,2026-01-29,2026-02-02,15.5,,4,Closed,Yes
TKT000319,CUST_037,South,Phone,Billing,Low,AGENT_10,2026-06-13,2026-06-19,19.4,153.0,3,Resolved,Yes
TKT002335,CUST_036,West,Email,Billing,Low,AGENT_01,,,44.7,146.2,5,Closed,Yes
TKT001510,CUST_061,East,Email,Delivery Delay,Medium,AGENT_15,2026-05-07,2026-05-08,16.4,32.2,2,Closed,No
TKT001010,CUST_102,East,Email,Delivery Delay,High,AGENT_05,2026-05-16,2026-05-16,7.2,12.8,5,Resolved,Yes
TKT004676,CUST_105,East,Email,Damaged Goods,Low,AGENT_05,2026-01-19,2026-01-24,29.5,136.5,5,Resolved,Yes
TKT003644,CUST_111,South,Portal,Account Access,Low,AGENT_08,2026-02-15,2026-02-18,40.2,72.3,5,Resolved,Yes
TKT004615,CUST_049,East,Chat,Other,Medium,AGENT_15,2026-02-18,2026-02-20,17.7,64.8,3,Closed,Yes
TKT003915,CUST_093,North,Phone,Damaged Goods,Low,AGENT_15,2026-06-01,2026-06-06,47.4,,5,Resolved,Yes
TKT004787,CUST_032,North,Chat,Account Access,Low,AGENT_02,2026-03-06,2026-03-09,20.9,92.5,,Reopened,Yes
TKT002389,CUST_124,North,Email,Delivery Delay,High,AGENT_11,2026-02-27,2026-02-27,4.8,8.7,,Reopened,No
TKT001574,CUST_089,West,Chat,Billing,Low,AGENT_08,2026-06-08,,9.8,59.7,3,Resolved,No
TKT000632,CUST_050,West,Chat,Delivery Delay,Low,AGENT_13,2026-06-02,2026-06-04,32.2,57.0,,Reopened,No
TKT004763,CUST_031,North,Chat,Damaged Goods,Low,AGENT_09,,,44.2,,,Open,No
TKT004820,CUST_043,North,Chat,Delivery Delay,High,AGENT_01,2026-04-29,2026-04-29,1.4,7.9,1,Resolved,No
TKT001475,CUST_076,South,Phone,Delivery Delay,Low,AGENT_13,2026-03-06,2026-03-10,4.8,,4,Resolved,Yes
TKT000020,CUST_043,Central,Phone,Billing,Low,AGENT_11,2026-06-24,,9.5,23.1,5,Resolved,No
TKT003310,CUST_022,North,Chat,Billing,Low,AGENT_04,2026-01-10,2026-01-12,12.8,69.5,5,Closed,No
TKT004847,CUST_137,North,Chat,Delivery Delay,Medium,AGENT_06,2026-06-18,2026-06-20,11.9,49.9,4,Closed,Yes
TKT001973,CUST_080,North,Chat,Damaged Goods,Medium,AGENT_12,2026-05-22,2026-05-23,13.2,27.6,4,Resolved,No
TKT003665,CUST_097,East,Email,Other,Medium,AGENT_11,2026-01-12,,11.0,30.6,4,Closed,No
TKT000854,CUST_142,West,Chat,Other,Low,AGENT_05,2026-04-27,,31.4,171.3,3,Resolved,Yes
TKT002699,CUST_029,East,Email,Other,Medium,AGENT_13,2026-04-13,,17.3,26.4,5,Resolved,No
TKT001335,CUST_127,North,Portal,Other,Critical,AGENT_13,2026-06-07,2026-06-07,1.7,4.5,5,Resolved,Yes
TKT000534,CUST_096,South,Email,Account Access,Medium,AGENT_10,2026-06-16,2026-06-18,6.1,54.9,5,Resolved,Yes
TKT000425,CUST_043,East,Chat,Account Access,Critical,AGENT_15,2026-01-13,2026-01-13,1.2,3.4,3,Resolved,No
TKT003398,CUST_076,North,Email,Delivery Delay,Medium,AGENT_02,2026-02-20,2026-02-22,1.8,63.4,4,Resolved,Yes
TKT001618,CUST_075,West,Email,Other,Medium,AGENT_06,2026-02-12,2026-02-14,9.3,68.0,2,Resolved,Yes
TKT004124,CUST_004,East,Chat,Delivery Delay,Medium,AGENT_08,2026-02-26,2026-02-27,19.9,43.4,4,Resolved,Yes
TKT001312,CUST_051,North,Chat,Billing,Low,AGENT_15,2026-02-06,2026-02-10,13.5,109.1,3,Resolved,Yes
TKT004221,CUST_023,North,Chat,Delivery Delay,High,AGENT_04,2026-04-21,2026-04-21,0.9,14.7,5,Resolved,Yes
TKT003952,CUST_147,West,Phone,Account Access,Low,AGENT_02,2026-06-24,2026-06-27,31.8,,5,Resolved,Yes
TKT002078,CUST_108,South,Email,Account Access,High,AGENT_03,2026-06-10,2026-06-10,5.1,23.3,4,Resolved,Yes
TKT003676,CUST_096,West,Chat,Account Access,High,AGENT_14,2026-02-08,2026-02-08,3.3,7.4,,Reopened,No
TKT002341,CUST_128,North,Email,Billing,High,AGENT_05,2026-05-25,2026-05-25,3.8,23.6,4,Resolved,Yes
TKT001058,CUST_134,Central,Email,Other,Low,AGENT_04,2026-03-03,2026-03-05,5.5,53.4,4,Resolved,No
TKT003496,CUST_040,West,Chat,Damaged Goods,Medium,AGENT_09,2026-04-15,2026-04-16,9.3,39.5,4,Resolved,Yes
TKT003121,CUST_131,South,Chat,Billing,Low,AGENT_12,2026-04-09,2026-04-12,41.2,83.8,,Reopened,Yes
TKT003883,CUST_043,Central,Phone,Damaged Goods,Critical,AGENT_13,2026-05-09,2026-05-09,1.7,,4,Resolved,Yes
TKT001864,CUST_130,West,Email,Account Access,Low,AGENT_01,2026-04-22,2026-04-24,1.9,66.7,5,Resolved,No
TKT000033,CUST_051,West,Chat,Other,Medium,AGENT_13,2026-06-22,2026-06-23,1.8,29.7,4,Resolved,No
TKT002908,CUST_092,East,Chat,Other,Low,AGENT_01,2026-02-05,2026-02-08,35.1,75.8,2,Closed,Yes
TKT001899,CUST_099,Central,Chat,Damaged Goods,Low,AGENT_05,2026-01-11,2026-01-12,18.5,34.9,4,Resolved,No
TKT000546,CUST_064,South,Phone,Damaged Goods,Low,AGENT_03,2026-04-30,,34.0,,,Open,No
TKT004250,CUST_085,Central,Chat,Billing,High,AGENT_08,2026-02-28,,5.7,,,Open,No
TKT001501,CUST_034,West,Portal,Other,Low,AGENT_04,2026-05-18,2026-05-18,7.8,13.9,,Reopened,No
TKT000753,CUST_083,Central,Portal,Billing,Low,AGENT_14,2026-01-26,,45.8,,,Open,No
TKT004864,CUST_003,North,Email,Other,High,AGENT_05,2026-04-23,,5.4,29.4,5,Resolved,Yes
TKT001849,CUST_036,South,Chat,Billing,Low,AGENT_12,2026-02-27,2026-03-04,28.8,123.2,4,Resolved,Yes
TKT001272,CUST_104,East,Email,Damaged Goods,High,AGENT_14,2026-06-01,2026-06-01,2.4,16.9,4,Resolved,Yes
TKT004800,CUST_084,West,Email,Billing,Medium,AGENT_15,2026-05-29,2026-05-30,2.1,44.0,5,Resolved,Yes
TKT004567,CUST_043,South,Portal,Billing,Low,AGENT_08,2026-06-22,2026-06-25,11.5,91.2,5,Resolved,Yes
TKT004143,CUST_063,Central,Chat,Billing,High,AGENT_02,2026-03-21,2026-03-21,3.6,20.0,5,Resolved,Yes
TKT001127,CUST_079,Central,Phone,Account Access,Low,AGENT_08,2026-04-20,2026-04-23,13.2,,5,Closed,Yes
TKT002517,CUST_135,East,Portal,Account Access,Medium,AGENT_04,2026-03-07,2026-03-09,22.9,71.4,5,Resolved,Yes
TKT002254,CUST_012,West,Portal,Account Access,Medium,AGENT_01,2026-06-22,2026-06-24,11.5,66.9,1,Closed,Yes
TKT001654,CUST_120,South,Chat,Delivery Delay,Critical,AGENT_03,2026-01-12,2026-01-12,1.3,3.8,4,Resolved,No
TKT004103,CUST_143,Central,Phone,Delivery Delay,Critical,AGENT_08,2026-06-14,2026-06-14,0.8,,5,Resolved,Yes
TKT000487,CUST_120,North,Email,Damaged Goods,Low,AGENT_03,2026-05-01,2026-05-07,12.8,145.5,4,Resolved,Yes
TKT000995,CUST_099,North,Chat,Billing,Low,AGENT_11,2026-04-16,2026-04-16,10.0,20.4,,Reopened,No
TKT001697,CUST_101,East,Email,Billing,Low,AGENT_05,2026-05-17,2026-05-18,34.7,46.9,4,Resolved,No
TKT001251,CUST_118,East,Email,Billing,Low,AGENT_01,2026-03-04,,21.8,,,Open,No
TKT001331,CUST_015,West,Email,Other,High,AGENT_11,2026-05-06,2026-05-06,5.9,8.2,4,Resolved,No
TKT002769,CUST_144,Central,Phone,Delivery Delay,High,AGENT_05,2026-06-27,2026-06-28,7.3,,4,Resolved,Yes
TKT004738,CUST_061,South,Chat,Delivery Delay,Low,AGENT_01,2026-04-17,2026-04-22,44.1,143.1,5,Resolved,Yes
TKT003464,CUST_078,Central,Chat,Damaged Goods,Medium,AGENT_05,2026-05-03,2026-05-05,14.8,58.2,2,Closed,Yes
TKT004209,CUST_051,South,Chat,Delivery Delay,Low,AGENT_13,2026-06-14,2026-06-19,8.4,124.8,5,Resolved,Yes
TKT000216,CUST_136,North,Email,Billing,Low,AGENT_13,2026-04-21,2026-04-24,16.8,72.6,4,Resolved,Yes
TKT002593,CUST_060,West,Chat,Damaged Goods,Low,AGENT_01,2026-03-11,,30.1,147.7,5,Resolved,Yes
TKT004126,CUST_044,Central,Email,Billing,Low,AGENT_03,2026-01-06,2026-01-11,15.8,143.3,,Reopened,Yes
TKT001739,CUST_089,Central,Email,Billing,Medium,AGENT_15,2026-01-02,2026-01-02,6.4,16.3,2,Resolved,No
TKT001685,CUST_032,West,Phone,Damaged Goods,Medium,AGENT_05,2026-04-01,2026-04-01,9.4,,3,Resolved,No
TKT004388,CUST_110,West,Portal,Account Access,Low,AGENT_13,2026-03-19,2026-03-24,8.1,124.9,4,Resolved,Yes
TKT001723,CUST_078,Central,Chat,Other,Low,AGENT_04,2026-06-02,,28.2,,,Open,No
TKT004317,CUST_074,West,Phone,Billing,Low,AGENT_08,2026-06-07,2026-06-11,26.0,109.7,4,Resolved,Yes
TKT003018,CUST_114,North,Chat,Account Access,Medium,AGENT_15,2026-06-23,2026-06-23,7.9,19.8,4,Resolved,No
TKT000873,CUST_144,Central,Email,Delivery Delay,Medium,AGENT_01,2026-04-30,2026-05-01,7.2,36.2,4,Resolved,Yes
TKT001260,CUST_061,North,Phone,Damaged Goods,High,AGENT_06,2026-02-19,2026-02-20,7.5,29.9,5,Resolved,Yes
TKT003031,CUST_096,South,Chat,Delivery Delay,Critical,AGENT_06,2026-05-30,,0.7,,,Open,No
TKT002246,CUST_038,South,Chat,Delivery Delay,Critical,AGENT_13,2026-06-07,2026-06-07,1.5,7.1,5,Resolved,Yes
TKT002480,CUST_136,West,Portal,Account Access,Medium,AGENT_11,2026-01-08,2026-01-11,14.6,80.4,5,Resolved,Yes
TKT003590,CUST_084,West,Portal,Account Access,Medium,AGENT_03,2026-05-19,,5.0,74.6,,Reopened,Yes
TKT003084,CUST_016,South,Email,Other,Medium,AGENT_09,2026-04-17,2026-04-20,13.2,78.6,4,Resolved,Yes
TKT003397,CUST_010,Central,Chat,Billing,High,AGENT_02,2026-03-30,2026-03-30,1.7,15.8,5,Resolved,Yes
TKT001123,CUST_089,West,Phone,Billing,Critical,AGENT_15,2026-03-05,2026-03-05,1.3,,4,Resolved,Yes
TKT003641,CUST_134,North,Chat,Account Access,Low,AGENT_10,2026-01-24,,13.7,,,Open,No
TKT004654,CUST_048,Central,Email,Delivery Delay,Low,AGENT_04,,2026-04-19,34.0,141.1,3,Closed,Yes
TKT000967,CUST_138,Central,Phone,Other,Low,AGENT_11,2026-06-24,2026-06-28,20.8,,5,Resolved,Yes
TKT004992,CUST_109,North,Phone,Account Access,High,AGENT_08,2026-03-16,2026-03-16,2.5,,,Reopened,Yes
TKT004705,CUST_134,Central,Portal,Account Access,Medium,AGENT_11,2026-04-07,2026-04-09,3.6,57.3,4,Resolved,Yes
TKT002878,CUST_128,North,Chat,Billing,Low,AGENT_02,2026-01-13,,39.9,93.0,3,Closed,Yes
TKT000504,CUST_078,West,Email,Account Access,Medium,AGENT_13,2026-02-18,,13.0,,,Open,No
TKT004253,CUST_125,South,Email,Billing,Medium,AGENT_15,2026-05-19,2026-05-21,13.6,49.7,5,Closed,Yes
TKT003188,CUST_073,Central,Email,Billing,Medium,AGENT_12,2026-03-01,2026-03-04,18.1,86.8,3,Resolved,Yes
TKT000559,CUST_136,East,Email,Delivery Delay,Medium,AGENT_12,2026-05-08,2026-05-10,7.3,64.7,4,Closed,Yes
TKT001742,CUST_146,North,Phone,Billing,Low,AGENT_05,2026-06-18,2026-06-18,15.4,,4,Resolved,No
TKT003434,CUST_131,Central,Email,Delivery Delay,Medium,AGENT_08,2026-04-12,2026-04-14,20.1,65.6,5,Resolved,Yes
TKT004276,CUST_014,West,Phone,Damaged Goods,High,AGENT_01,2026-05-08,2026-05-08,4.9,-3.2,2,Resolved,No
TKT002357,CUST_079,North,Email,Billing,Low,AGENT_03,2026-06-05,,32.9,140.3,4,Resolved,Yes
TKT002695,CUST_126,West,Email,Account Access,Low,AGENT_05,2026-06-11,,1.6,112.9,5,Resolved,Yes
TKT004451,CUST_099,West,Portal,Delivery Delay,Low,AGENT_03,2026-05-08,2026-05-12,13.5,111.7,2,Resolved,Yes
TKT002518,CUST_077,East,Chat,Billing,Critical,AGENT_09,2026-03-04,2026-03-04,0.7,3.1,4,Closed,No
TKT003210,CUST_060,South,Email,Billing,Medium,AGENT_10,2026-05-02,2026-05-02,15.9,22.7,5,Resolved,No
TKT003601,CUST_078,East,Chat,Delivery Delay,Medium,AGENT_11,2026-05-01,,20.6,,,Open,No
TKT001466,CUST_131,South,Chat,Other,High,AGENT_06,2026-03-01,2026-03-01,1.3,21.7,3,Closed,Yes
TKT001725,CUST_054,East,Phone,Billing,Low,AGENT_11,2026-03-20,2026-03-24,43.0,,1,Closed,Yes
TKT003997,CUST_105,West,Email,Billing,Medium,AGENT_01,2026-01-21,2026-01-22,19.7,35.9,3,Resolved,No
TKT003291,CUST_056,South,Phone,Account Access,Medium,AGENT_08,2026-04-13,2026-04-13,16.9,19.0,5,Resolved,No
TKT002701,CUST_090,Central,Chat,Delivery Delay,Low,AGENT_03,2026-02-25,2026-03-01,17.2,-13.9,4,Resolved,Yes
TKT002133,CUST_061,Central,Chat,Account Access,Medium,AGENT_07,2026-03-01,2026-03-14,18.5,326.1,5,Resolved,Yes
TKT001056,CUST_019,South,Chat,Delivery Delay,Critical,AGENT_10,2026-04-11,2026-04-11,0.6,5.2,4,Resolved,Yes
TKT002044,CUST_086,South,Chat,Damaged Goods,Medium,AGENT_01,2026-01-05,,6.0,,,Open,No
TKT001088,CUST_131,North,Chat,Other,Medium,AGENT_05,2026-01-08,,4.0,,,Open,No
TKT004758,CUST_024,East,Chat,Delivery Delay,High,AGENT_13,2026-03-28,2026-03-29,4.6,24.1,2,Resolved,Yes
TKT000155,CUST_019,Central,Email,Delivery Delay,Critical,AGENT_09,2026-01-15,2026-01-15,2.0,5.2,5,Resolved,Yes
TKT002579,CUST_015,North,Chat,Delivery Delay,Critical,AGENT_11,2026-03-08,2026-03-08,1.0,6.2,5,Resolved,Yes
TKT002583,CUST_029,North,Email,Billing,Critical,AGENT_14,2026-04-10,2026-04-10,1.8,4.5,,Reopened,Yes
TKT001748,CUST_006,West,Chat,Billing,Critical,AGENT_10,2026-04-06,2026-04-06,1.8,4.8,4,Resolved,Yes
TKT004877,CUST_150,Central,Chat,Delivery Delay,Medium,AGENT_10,2026-04-24,2026-04-26,18.5,51.9,5,Resolved,Yes
TKT002298,CUST_026,South,Portal,Delivery Delay,Medium,AGENT_09,2026-04-24,,5.5,14.0,,Reopened,No
TKT000523,CUST_051,East,Email,Delivery Delay,Medium,AGENT_09,2026-06-15,,19.9,,,Open,No
TKT001229,CUST_144,Central,Phone,Delivery Delay,Critical,AGENT_13,2026-04-27,2026-04-27,1.9,,4,Resolved,Yes
TKT003226,CUST_090,West,Phone,Billing,High,AGENT_02,2026-06-04,2026-06-04,5.8,,1,Resolved,No
TKT000280,CUST_053,South,Chat,Account Access,Medium,AGENT_06,2026-02-08,2026-02-10,14.4,58.8,4,Resolved,Yes
TKT004952,CUST_103,South,Portal,Other,Low,AGENT_09,2026-05-26,2026-05-28,15.5,60.9,5,Closed,No
TKT002023,CUST_137,North,Phone,Billing,Low,AGENT_04,2026-05-22,2026-05-25,33.9,,5,Resolved,Yes
TKT004015,CUST_065,West,Chat,Delivery Delay,Low,AGENT_05,2026-06-21,2026-06-24,31.0,80.1,,Reopened,Yes
TKT001109,CUST_125,East,Phone,Other,Low,AGENT_13,2026-02-01,,42.6,,,Reopened,Yes
TKT003417,CUST_020,East,Portal,Delivery Delay,Medium,AGENT_13,2026-01-19,2026-01-21,23.6,63.6,2,Resolved,Yes
TKT001076,CUST_128,East,Phone,Billing,Medium,AGENT_04,2026-02-07,2026-02-10,19.8,,5,Resolved,Yes
TKT001657,CUST_019,Central,Portal,Account Access,Low,AGENT_07,2026-04-08,2026-05-08,13.7,725.0,5,Resolved,Yes
TKT001016,CUST_023,Central,Email,Other,High,AGENT_01,2026-06-09,2026-06-09,7.4,10.6,3,Resolved,No
TKT003840,CUST_084,East,Phone,Billing,Low,AGENT_03,2026-02-20,2026-02-21,26.9,,,Reopened,No
TKT003589,CUST_092,South,Email,Damaged Goods,High,AGENT_15,2026-04-09,2026-04-09,7.9,19.3,5,Resolved,Yes
TKT000516,CUST_018,South,Email,Account Access,High,AGENT_02,2026-04-29,2026-04-29,5.1,15.8,5,Resolved,Yes
TKT003694,CUST_126,South,Phone,Other,Low,AGENT_09,2026-02-03,2026-02-08,7.4,,4,Resolved,Yes
TKT004470,CUST_126,North,Phone,Billing,Low,AGENT_03,2026-06-28,2026-06-30,32.0,,1,Closed,No
TKT003805,CUST_120,North,Email,Billing,Medium,AGENT_13,2026-02-14,2026-02-14,7.5,10.3,3,Resolved,No
TKT002131,CUST_007,North,Chat,Account Access,Medium,AGENT_08,2026-06-14,2026-06-16,4.0,70.6,3,Closed,Yes
TKT001148,CUST_040,North,Chat,Delivery Delay,Medium,AGENT_08,2026-01-05,,2.5,10.2,5,Resolved,No
TKT001386,CUST_150,West,Email,Damaged Goods,Low,AGENT_09,2026-06-13,2026-06-18,33.9,139.2,5,Resolved,Yes
TKT000264,CUST_073,Central,Email,Billing,Medium,AGENT_15,2026-03-28,2026-03-30,6.5,53.6,4,Resolved,Yes
TKT003875,CUST_066,Central,Chat,Damaged Goods,Medium,AGENT_01,2026-03-20,2026-03-22,2.7,-2.0,4,Resolved,Yes
TKT001209,CUST_141,South,Email,Account Access,Critical,AGENT_08,2026-01-17,2026-01-17,1.9,5.7,4,Resolved,Yes
TKT002345,CUST_094,North,Chat,Account Access,Medium,AGENT_14,2026-03-14,2026-03-17,17.0,77.3,3,Resolved,Yes
TKT002107,CUST_123,South,Email,Damaged Goods,Low,AGENT_06,2026-06-26,2026-06-27,19.1,29.8,5,Resolved,No
TKT001648,CUST_040,West,Portal,Delivery Delay,Low,AGENT_04,2026-03-20,2026-03-27,47.4,172.9,5,Resolved,Yes
TKT002930,CUST_059,North,Email,Damaged Goods,Low,AGENT_11,2026-02-05,2026-02-08,47.4,88.6,,Reopened,Yes
TKT004039,CUST_130,West,Chat,Billing,Critical,AGENT_05,2026-01-29,2026-01-29,0.5,4.6,5,Closed,Yes
TKT000920,CUST_149,East,Chat,Other,Critical,AGENT_05,2026-06-27,2026-06-27,1.3,4.3,1,Resolved,Yes
TKT001024,CUST_037,South,Phone,Account Access,High,AGENT_13,2026-04-15,2026-04-15,1.4,,,Reopened,Yes
TKT003851,CUST_052,East,Email,Delivery Delay,Medium,AGENT_04,2026-01-08,2026-01-09,5.6,38.0,4,Resolved,Yes
TKT003158,CUST_064,Central,Phone,Billing,Medium,AGENT_07,2026-06-17,2026-06-25,7.0,,5,Resolved,Yes
TKT004438,CUST_143,Central,Phone,Delivery Delay,High,AGENT_15,2026-01-28,,2.2,,5,Resolved,No
TKT000596,CUST_046,West,Chat,Other,Medium,AGENT_06,2026-05-02,2026-05-03,21.6,45.2,4,Resolved,Yes
TKT002980,CUST_010,West,Email,Billing,Low,AGENT_12,2026-01-14,2026-01-19,38.7,122.9,4,Resolved,Yes
TKT003930,CUST_027,South,Portal,Delivery Delay,Low,AGENT_13,2026-05-25,2026-05-27,8.5,59.7,,Reopened,No
TKT000624,CUST_100,West,Portal,Account Access,Critical,AGENT_02,2026-06-30,2026-06-30,0.9,6.5,,Reopened,Yes
TKT004475,CUST_011,North,Portal,Delivery Delay,High,AGENT_12,2026-03-03,2026-03-03,5.8,15.3,4,Resolved,Yes
TKT002643,CUST_020,South,Email,Other,Medium,AGENT_02,2026-05-27,2026-05-28,13.6,29.8,4,Resolved,No
TKT004288,CUST_100,West,Email,Other,Low,AGENT_02,2026-05-02,2026-05-07,13.7,143.8,4,Resolved,Yes
TKT004407,CUST_127,Central,Phone,Account Access,High,AGENT_07,2026-01-28,2026-01-29,0.6,,5,Closed,Yes
TKT004457,CUST_048,Central,Phone,Billing,Medium,AGENT_03,2026-02-04,2026-02-05,23.6,,,Reopened,Yes
TKT003622,CUST_025,Central,Phone,Delivery Delay,High,AGENT_06,2026-02-01,,4.1,,5,Resolved,Yes
TKT004691,CUST_141,South,Chat,Billing,Low,AGENT_01,2026-02-04,2026-02-06,9.6,52.1,4,Resolved,No
TKT001951,CUST_043,East,Portal,Billing,Medium,AGENT_13,2026-03-05,2026-03-07,13.0,70.4,1,Resolved,Yes
TKT001559,CUST_027,West,Portal,Billing,Critical,AGENT_03,2026-01-25,2026-01-25,0.8,6.5,5,Resolved,Yes
TKT003487,CUST_009,Central,Email,Other,Medium,AGENT_03,2026-02-18,2026-02-19,21.7,34.7,5,Resolved,No
TKT002193,CUST_019,South,Phone,Billing,Low,AGENT_05,2026-06-24,2026-06-24,18.0,,4,Closed,No
TKT000543,CUST_078,South,Phone,Billing,High,AGENT_13,2026-04-03,2026-04-03,3.0,,5,Resolved,Yes
TKT002614,CUST_136,North,Chat,Delivery Delay,Critical,AGENT_12,2026-02-28,,0.9,4.1,4,Resolved,Yes
TKT004024,CUST_043,East,Chat,Other,Medium,AGENT_06,2026-01-31,2026-02-03,12.3,76.0,3,Resolved,Yes
TKT003371,CUST_118,South,Email,Delivery Delay,High,AGENT_10,2026-04-27,2026-04-27,3.9,12.1,4,Resolved,Yes
TKT003247,CUST_083,South,Email,Billing,Medium,AGENT_14,2026-03-12,2026-03-15,23.3,87.0,4,Resolved,Yes
TKT000893,CUST_057,South,Phone,Damaged Goods,Medium,AGENT_15,2026-01-03,2026-01-03,6.6,,5,Resolved,No
TKT002223,CUST_108,West,Phone,Damaged Goods,Low,AGENT_03,2026-05-13,,31.6,,,Reopened,Yes
TKT003848,CUST_063,North,Chat,Delivery Delay,Medium,AGENT_10,2026-06-24,2026-06-26,20.7,70.9,4,Resolved,Yes
TKT002630,CUST_142,Central,Email,Account Access,High,AGENT_12,2026-06-27,2026-06-27,7.4,23.1,4,Resolved,Yes
TKT002075,CUST_033,Central,Email,Billing,High,AGENT_10,2026-06-04,2026-06-05,3.8,25.8,5,Resolved,Yes
TKT003571,CUST_149,North,Phone,Delivery Delay,Low,AGENT_03,2026-03-20,2026-03-23,46.4,,5,Resolved,Yes
TKT001768,CUST_045,South,Email,Billing,Low,AGENT_04,2026-04-29,2026-05-04,28.7,123.7,5,Resolved,Yes
TKT001287,CUST_138,East,Email,Delivery Delay,High,AGENT_05,2026-01-26,,5.8,12.4,2,Resolved,Yes
TKT003871,CUST_038,North,Email,Delivery Delay,Medium,AGENT_07,2026-02-23,2026-03-25,9.8,729.7,5,Resolved,Yes
TKT004298,CUST_150,South,Email,Damaged Goods,Medium,AGENT_05,2026-04-18,2026-04-20,4.7,58.1,5,Closed,Yes
TKT003514,CUST_037,South,Phone,Account Access,Medium,AGENT_09,2026-04-11,,18.0,,1,Resolved,No
TKT000721,CUST_031,West,Chat,Delivery Delay,Medium,AGENT_08,2026-03-17,2026-03-18,20.9,25.7,1,Resolved,No
TKT002004,CUST_096,East,Phone,Account Access,High,AGENT_06,2026-04-08,2026-04-08,2.7,,5,Closed,Yes
TKT002250,CUST_118,West,Email,Delivery Delay,Medium,AGENT_08,2026-05-06,2026-05-07,14.5,40.7,5,Resolved,Yes
TKT002608,CUST_006,South,Email,Billing,Low,AGENT_12,2026-02-08,2026-02-14,31.2,151.4,4,Closed,Yes
TKT001217,CUST_046,Central,Portal,Billing,High,AGENT_15,2026-01-30,2026-01-30,3.7,23.6,4,Closed,Yes
TKT000144,CUST_070,Central,Email,Delivery Delay,Medium,AGENT_13,2026-02-13,2026-02-15,2.2,65.6,2,Resolved,Yes
TKT002707,CUST_023,West,Email,Delivery Delay,Low,AGENT_14,2026-02-03,,21.8,136.9,3,Resolved,Yes
TKT001890,CUST_041,North,Portal,Other,Medium,AGENT_09,2026-02-25,2026-02-26,23.2,39.5,2,Resolved,Yes
TKT001069,CUST_068,Central,Chat,Delivery Delay,Low,AGENT_11,2026-05-18,2026-05-21,14.5,89.6,4,Resolved,Yes
TKT001560,CUST_147,Central,Portal,Billing,Low,AGENT_03,2026-01-23,2026-01-25,7.9,67.6,,Reopened,No
TKT003245,CUST_028,West,Chat,Billing,Low,AGENT_05,2026-03-02,2026-03-02,2.6,20.1,5,Closed,No
TKT001135,CUST_144,East,Phone,Account Access,Low,AGENT_12,2026-02-01,,40.8,,4,Resolved,Yes
TKT002957,CUST_045,North,Email,Delivery Delay,Low,AGENT_14,2026-05-06,2026-05-09,2.3,76.4,3,Resolved,Yes
TKT001404,CUST_149,North,Email,Account Access,High,AGENT_04,2026-03-11,2026-03-11,6.0,19.4,2,Resolved,Yes
TKT004590,CUST_013,South,Email,Damaged Goods,Low,AGENT_13,2026-03-10,2026-03-16,24.6,152.1,5,Resolved,Yes
TKT000427,CUST_036,East,Phone,Billing,Medium,AGENT_08,2026-01-30,2026-02-01,15.2,,5,Resolved,Yes
TKT000901,CUST_020,Central,Chat,Delivery Delay,Medium,AGENT_01,2026-05-13,,11.5,27.0,4,Resolved,No
TKT001237,CUST_120,West,Portal,Billing,Low,AGENT_06,2026-06-15,2026-06-20,42.5,127.6,4,Resolved,Yes
TKT002931,CUST_087,Central,Phone,Billing,Low,AGENT_04,2026-01-09,2026-01-09,4.6,,5,Resolved,No
TKT001988,CUST_069,North,Portal,Damaged Goods,Low,AGENT_05,2026-03-18,2026-03-22,19.3,106.4,5,Resolved,Yes
TKT002922,CUST_101,Central,Chat,Delivery Delay,Medium,AGENT_11,2026-04-16,2026-04-19,20.8,84.5,5,Resolved,Yes
TKT003470,CUST_031,South,Email,Billing,Medium,AGENT_06,2026-02-07,2026-02-07,7.3,11.1,5,Resolved,No
TKT002547,CUST_108,East,Phone,Billing,Medium,AGENT_11,2026-01-19,2026-01-20,3.5,,5,Resolved,No
TKT002622,CUST_063,Central,Phone,Other,Critical,AGENT_03,2026-03-07,,1.7,,,Open,No
TKT001873,CUST_097,South,Phone,Delivery Delay,Medium,AGENT_13,,2026-01-17,16.8,,4,Resolved,No
TKT000253,CUST_010,East,Phone,Damaged Goods,Medium,AGENT_12,2026-03-03,2026-03-04,4.7,,5,Resolved,No
TKT004735,CUST_118,West,Chat,Delivery Delay,Low,AGENT_12,2026-05-28,,30.6,,,Open,No
TKT001399,CUST_111,South,Chat,Other,High,AGENT_09,2026-02-08,2026-02-09,5.3,27.1,5,Resolved,Yes
TKT002566,CUST_057,South,Email,Delivery Delay,Medium,AGENT_08,2026-01-28,2026-01-29,11.7,39.7,3,Resolved,Yes
TKT003250,CUST_026,West,Email,Delivery Delay,Low,AGENT_12,2026-05-19,2026-05-21,30.9,52.6,4,Resolved,No
TKT000501,CUST_071,East,Email,Damaged Goods,Medium,AGENT_12,2026-03-24,2026-03-25,7.7,44.5,5,Resolved,Yes
TKT000183,CUST_064,South,Email,Billing,Medium,AGENT_15,2026-05-04,2026-05-04,4.9,7.4,3,Resolved,No
TKT002071,CUST_082,West,Portal,Delivery Delay,Medium,AGENT_06,2026-01-12,2026-01-13,10.8,31.7,5,Resolved,No
TKT003938,CUST_144,Central,Email,Billing,High,AGENT_04,2026-02-26,2026-02-26,6.1,23.5,4,Resolved,Yes
TKT001326,CUST_064,North,Email,Billing,Low,AGENT_08,2026-06-24,2026-06-27,35.3,94.3,5,Resolved,Yes
TKT003716,CUST_027,East,Portal,Account Access,Low,AGENT_08,2026-06-27,2026-06-27,15.7,22.9,4,Resolved,No
TKT001285,CUST_028,South,Email,Billing,Critical,AGENT_05,2026-05-08,2026-05-08,1.2,4.1,,Reopened,Yes
TKT002840,CUST_080,North,Phone,Account Access,Low,AGENT_09,,2026-03-29,23.7,,5,Resolved,Yes
TKT002391,CUST_092,South,Email,Damaged Goods,Medium,AGENT_08,2026-04-02,2026-04-04,1.1,66.7,5,Resolved,Yes
TKT003627,CUST_061,North,Phone,Delivery Delay,High,AGENT_11,2026-02-23,2026-02-24,3.0,,4,Resolved,Yes
TKT004048,CUST_100,North,Portal,Damaged Goods,Critical,AGENT_03,2026-06-25,,0.9,3.0,2,Closed,No
TKT004360,CUST_106,Central,Portal,Billing,Medium,AGENT_02,2026-05-02,,21.9,,,Open,No
TKT000597,CUST_132,Central,Email,Account Access,Low,AGENT_07,2026-05-15,2026-07-17,9.5,1527.5,3,Closed,Yes
TKT000558,CUST_139,Central,Email,Other,Medium,AGENT_14,2026-01-01,2026-01-02,20.8,40.1,5,Resolved,Yes
TKT004364,CUST_030,East,Email,Other,Medium,AGENT_08,2026-02-21,2026-02-21,2.1,22.5,3,Resolved,No
TKT002597,CUST_035,North,Portal,Billing,Medium,AGENT_04,2026-05-24,2026-05-26,10.8,66.7,,Reopened,Yes
TKT003607,CUST_008,North,Email,Account Access,Medium,AGENT_11,2026-04-10,2026-04-12,17.7,54.3,4,Resolved,Yes
TKT003688,CUST_055,Central,Chat,Damaged Goods,High,AGENT_09,2026-06-25,2026-06-25,5.9,14.5,5,Resolved,Yes
TKT003577,CUST_119,West,Phone,Delivery Delay,Medium,AGENT_05,2026-02-06,,10.0,,4,Resolved,Yes
TKT003187,CUST_050,South,Phone,Other,Critical,AGENT_10,2026-06-04,2026-06-04,1.5,,,Reopened,Yes
TKT003668,CUST_005,West,Email,Billing,High,AGENT_12,2026-02-14,2026-02-14,7.1,14.8,5,Closed,Yes
TKT003254,CUST_034,Central,Phone,Delivery Delay,High,AGENT_02,2026-03-03,2026-03-03,4.3,,3,Resolved,Yes
TKT003515,CUST_092,West,Portal,Delivery Delay,High,AGENT_04,2026-01-24,2026-01-24,5.9,22.2,5,Resolved,Yes
TKT001791,CUST_128,Central,Email,Account Access,Low,AGENT_05,2026-01-25,2026-01-28,15.6,84.6,4,Resolved,Yes
TKT002091,CUST_117,West,Chat,Delivery Delay,Critical,AGENT_02,2026-02-06,2026-02-06,1.0,4.5,5,Resolved,Yes
TKT003302,CUST_013,West,Email,Account Access,Low,AGENT_03,2026-05-04,2026-05-10,21.1,153.5,4,Resolved,Yes
TKT001428,CUST_076,West,Portal,Damaged Goods,Medium,AGENT_08,2026-02-02,2026-02-04,6.3,66.3,3,Closed,Yes
TKT003701,CUST_052,East,Phone,Damaged Goods,Medium,AGENT_08,2026-02-09,2026-02-09,15.0,,4,Resolved,No
TKT002162,CUST_023,North,Chat,Other,Low,AGENT_15,2026-02-12,2026-02-13,5.8,-11.9,5,Resolved,No
TKT002456,CUST_047,North,Email,Other,Medium,AGENT_07,2026-01-13,2026-01-15,4.9,63.6,3,Closed,Yes
TKT001168,CUST_122,South,Email,Account Access,Critical,AGENT_09,2026-01-13,2026-01-13,1.1,7.1,5,Resolved,Yes
TKT001782,CUST_068,Central,Portal,Delivery Delay,Medium,AGENT_10,2026-03-17,,10.0,76.5,5,Closed,Yes
TKT002305,CUST_117,East,Email,Delivery Delay,Low,AGENT_01,2026-04-08,2026-04-10,18.0,67.4,5,Resolved,No
TKT003013,CUST_094,East,Chat,Delivery Delay,Medium,AGENT_01,2026-01-18,2026-01-20,9.7,48.7,4,Resolved,Yes
TKT002238,CUST_057,Central,Email,Billing,Low,AGENT_13,2026-06-13,,17.9,,,Open,No
TKT000609,CUST_126,West,Chat,Billing,Low,AGENT_10,2026-05-08,2026-05-09,10.6,33.4,4,Resolved,No
TKT003899,CUST_068,Central,Email,Billing,High,AGENT_07,2026-03-09,,8.0,,,Open,No
TKT004118,CUST_022,South,Email,Delivery Delay,Low,AGENT_07,2026-04-07,2026-05-04,14.1,660.8,4,Resolved,Yes
TKT001780,CUST_032,South,Email,Other,High,AGENT_13,2026-01-29,2026-01-29,6.4,17.5,,Reopened,Yes
TKT003710,CUST_043,Central,Email,Account Access,Medium,AGENT_12,2026-06-05,2026-06-06,6.2,28.8,4,Closed,No
TKT003920,CUST_096,East,Chat,Delivery Delay,High,AGENT_08,2026-05-05,,6.3,24.7,5,Resolved,Yes
TKT004547,CUST_119,South,Email,Billing,Medium,AGENT_15,2026-05-20,2026-05-22,7.5,52.2,5,Resolved,Yes
TKT001930,CUST_121,South,Email,Billing,Medium,AGENT_13,2026-04-09,2026-04-10,17.4,41.0,5,Resolved,Yes
TKT002821,CUST_102,East,Phone,Delivery Delay,Low,AGENT_01,2026-05-18,2026-05-21,24.8,84.9,5,Resolved,Yes
TKT004121,CUST_078,Central,Email,Damaged Goods,Critical,AGENT_15,2026-03-26,2026-03-26,1.8,6.2,5,Resolved,Yes
TKT001497,CUST_089,South,Email,Account Access,High,AGENT_08,2026-06-24,2026-06-24,7.9,-3.2,1,Resolved,Yes
TKT001756,CUST_038,East,Chat,Delivery Delay,Medium,AGENT_10,2026-05-06,2026-05-09,2.9,73.0,4,Resolved,Yes
TKT000012,CUST_138,South,Portal,Delivery Delay,High,AGENT_10,2026-02-16,2026-02-16,1.9,12.2,1,Resolved,Yes
TKT003561,CUST_008,North,Portal,Account Access,Medium,AGENT_11,2026-01-10,2026-01-12,23.2,66.7,3,Resolved,Yes
TKT000177,CUST_150,Central,Email,Delivery Delay,High,AGENT_15,2026-04-29,2026-04-29,5.1,14.4,4,Resolved,Yes
TKT001226,CUST_007,West,Chat,Billing,High,AGENT_07,2026-04-24,2026-05-02,6.3,193.1,4,Resolved,Yes
TKT004302,CUST_037,Central,Email,Other,Low,AGENT_11,2026-01-20,2026-01-21,12.1,42.8,2,Resolved,No
TKT004278,CUST_052,West,Email,Delivery Delay,High,AGENT_06,2026-06-29,2026-06-29,5.5,20.3,5,Resolved,Yes
TKT003753,CUST_081,North,Phone,Delivery Delay,Medium,AGENT_07,2026-05-27,2026-06-13,22.5,,5,Resolved,Yes
TKT004372,CUST_058,North,Chat,Billing,Low,AGENT_09,2026-05-27,2026-05-29,5.5,65.3,4,Resolved,No
TKT003632,CUST_068,West,Phone,Damaged Goods,High,AGENT_07,2026-06-25,,6.3,,,Open,No
TKT000182,CUST_038,North,Chat,Delivery Delay,Medium,AGENT_10,2026-05-17,2026-05-18,0.8,35.0,4,Closed,No
TKT003501,CUST_030,West,Email,Delivery Delay,Medium,AGENT_15,2026-06-06,2026-06-06,13.6,17.1,4,Closed,No
TKT003077,CUST_021,North,Chat,Billing,Medium,AGENT_09,,,17.9,,,Open,No
TKT000046,CUST_084,West,Chat,Account Access,High,AGENT_12,2026-01-08,2026-01-08,5.2,13.2,5,Closed,Yes
TKT001987,CUST_091,East,Email,Billing,High,AGENT_07,2026-01-10,2026-01-18,3.1,203.3,5,Resolved,Yes
TKT000471,CUST_093,North,Chat,Delivery Delay,Low,AGENT_15,2026-05-13,,37.9,,,Open,No
TKT003734,CUST_051,Central,Email,Delivery Delay,Medium,AGENT_01,2026-01-19,2026-01-21,5.8,57.7,5,Resolved,Yes
TKT002913,CUST_094,South,Portal,Billing,High,AGENT_07,2026-05-29,2026-06-07,4.1,229.4,3,Resolved,Yes
TKT001452,CUST_097,North,Phone,Delivery Delay,Low,AGENT_09,2026-02-04,2026-02-04,9.5,,4,Resolved,No
TKT002135,CUST_108,South,Chat,Billing,Low,AGENT_12,2026-06-02,2026-06-06,28.0,112.9,5,Resolved,Yes
TKT000274,CUST_007,North,Email,Other,Low,AGENT_12,2026-02-01,2026-02-03,34.6,62.5,5,Closed,No
TKT004266,CUST_149,Central,Chat,Account Access,Low,AGENT_14,2026-02-23,2026-02-25,2.0,57.8,5,Resolved,No
TKT001091,CUST_012,Central,Chat,Other,Low,AGENT_07,,2026-06-11,37.2,1374.0,3,Resolved,Yes
TKT002366,CUST_076,West,Phone,Other,Medium,AGENT_08,2026-02-17,2026-02-19,15.3,,5,Resolved,Yes
TKT002683,CUST_143,East,Chat,Damaged Goods,Low,AGENT_04,2026-01-29,2026-01-31,39.3,53.8,2,Resolved,No
TKT002926,CUST_045,East,Chat,Billing,High,AGENT_05,2026-05-22,2026-05-22,2.8,18.1,5,Resolved,Yes
TKT003425,CUST_051,West,Portal,Damaged Goods,High,AGENT_15,2026-04-07,,3.2,,,Open,No
TKT004551,CUST_055,West,Email,Account Access,Medium,AGENT_15,2026-04-24,2026-04-26,5.7,53.2,2,Resolved,Yes
TKT002505,CUST_033,West,Email,Billing,Critical,AGENT_10,2026-01-11,2026-01-11,0.5,4.7,5,Resolved,Yes
TKT002893,CUST_145,West,Email,Damaged Goods,Critical,AGENT_02,2026-03-18,2026-03-18,0.6,6.4,4,Resolved,Yes
TKT001745,CUST_030,South,Phone,Billing,Medium,AGENT_07,2026-03-17,2026-04-07,6.8,,4,Resolved,Yes
TKT000140,CUST_024,North,Email,Delivery Delay,Critical,AGENT_07,2026-04-29,2026-05-01,1.3,59.9,3,Resolved,Yes
TKT002613,CUST_013,Central,Phone,Other,High,AGENT_08,2026-05-11,2026-05-11,4.2,,,Reopened,Yes
TKT002847,CUST_042,South,Phone,Account Access,High,AGENT_07,2026-06-30,2026-07-09,2.9,,5,Resolved,Yes
TKT000955,CUST_115,Central,Chat,Damaged Goods,Critical,AGENT_15,2026-05-09,,0.8,,,Open,No
TKT001156,CUST_038,Central,Email,Billing,High,AGENT_02,2026-03-06,2026-03-06,5.5,19.3,3,Closed,Yes
TKT002553,CUST_092,Central,Portal,Other,High,AGENT_07,2026-04-18,2026-04-22,3.7,109.0,5,Resolved,Yes
TKT000988,CUST_049,West,Chat,Delivery Delay,Medium,AGENT_15,2026-03-25,,2.9,31.6,3,Resolved,No
TKT001271,CUST_033,South,Chat,Account Access,Critical,AGENT_03,2026-03-05,,1.2,3.4,4,Resolved,No
TKT004114,CUST_024,South,Phone,Billing,Medium,AGENT_13,2026-06-17,2026-06-20,23.4,,3,Resolved,Yes
TKT000270,CUST_068,East,Portal,Delivery Delay,Low,AGENT_10,2026-06-09,2026-06-11,18.3,64.6,,Reopened,No
TKT003154,CUST_045,South,Chat,Damaged Goods,Low,AGENT_13,2026-01-28,2026-01-30,13.3,58.6,3,Resolved,No
TKT003537,CUST_072,North,Chat,Damaged Goods,Medium,AGENT_14,2026-02-27,2026-02-28,7.3,45.4,5,Closed,Yes
TKT001210,CUST_098,West,Email,Delivery Delay,Low,AGENT_04,2026-05-16,2026-05-19,14.1,74.6,4,Resolved,Yes
TKT004384,CUST_094,South,Email,Billing,Medium,AGENT_15,2026-04-22,,14.8,61.9,4,Resolved,Yes
TKT000894,CUST_045,Central,Phone,Account Access,Medium,AGENT_10,,,20.4,,4,Resolved,Yes
TKT004755,CUST_047,North,Chat,Other,Medium,AGENT_04,2026-01-11,2026-01-13,10.2,65.0,,Reopened,Yes
TKT004129,CUST_040,Central,Portal,Billing,Low,AGENT_10,2026-04-24,2026-04-26,32.1,57.9,4,Resolved,No
TKT004138,CUST_088,West,Email,Damaged Goods,Low,AGENT_13,2026-01-19,2026-01-24,29.8,120.2,5,Closed,Yes
TKT002401,CUST_005,North,Chat,Other,High,AGENT_08,2026-03-03,2026-03-03,0.6,7.7,4,Resolved,No
TKT002297,CUST_043,Central,Phone,Delivery Delay,Medium,AGENT_03,2026-01-02,2026-01-03,16.8,42.2,5,Closed,Yes
TKT001634,CUST_110,North,Portal,Delivery Delay,Low,AGENT_03,2026-01-24,2026-01-28,21.9,115.5,1,Resolved,Yes
TKT002741,CUST_005,West,Chat,Delivery Delay,Medium,AGENT_13,2026-01-30,2026-01-31,1.1,43.8,4,Resolved,Yes
TKT001230,CUST_087,Central,Chat,Billing,High,AGENT_03,2026-06-21,2026-06-22,7.0,25.8,5,Resolved,Yes
TKT004273,CUST_101,East,Chat,Damaged Goods,Low,AGENT_09,2026-05-18,2026-05-20,8.7,52.5,4,Resolved,No
TKT001865,CUST_049,Central,Chat,Delivery Delay,Low,AGENT_03,2026-04-21,2026-04-22,7.6,35.1,4,Resolved,No
TKT002726,CUST_099,South,Chat,Billing,Medium,AGENT_03,2026-05-21,2026-05-23,6.1,65.0,4,Resolved,Yes
TKT000321,CUST_101,Central,Email,Billing,High,AGENT_11,2026-01-17,2026-01-18,7.9,30.1,4,Resolved,Yes
TKT002212,CUST_056,Central,Email,Account Access,High,AGENT_08,2026-04-18,2026-04-19,3.9,27.1,5,Resolved,Yes
TKT000374,CUST_001,North,Email,Other,High,AGENT_11,2026-06-07,2026-06-07,6.9,22.2,2,Resolved,Yes
TKT003363,CUST_022,West,Chat,Delivery Delay,High,AGENT_03,2026-04-04,2026-04-05,2.6,26.1,5,Resolved,Yes
TKT004818,CUST_129,Central,Portal,Damaged Goods,High,AGENT_15,2026-05-20,2026-05-20,4.8,23.8,,Reopened,Yes
TKT004308,CUST_039,West,Chat,Delivery Delay,Low,AGENT_04,2026-01-10,,30.2,126.9,5,Resolved,Yes
TKT003224,CUST_006,South,Chat,Billing,Low,AGENT_14,2026-06-10,2026-06-15,20.9,131.4,5,Resolved,Yes
TKT001303,CUST_049,West,Email,Damaged Goods,Low,AGENT_06,2026-04-20,2026-04-25,16.2,135.8,3,Resolved,Yes
TKT002586,CUST_087,East,Email,Account Access,Low,AGENT_10,2026-01-30,2026-02-02,4.2,73.4,4,Closed,Yes
TKT001261,CUST_078,North,Phone,Billing,Low,AGENT_06,2026-01-05,2026-01-11,29.7,,4,Resolved,Yes
TKT001340,CUST_109,North,Portal,Billing,Medium,AGENT_08,2026-02-19,2026-02-21,1.2,66.0,5,Resolved,Yes
TKT001980,CUST_003,West,Email,Other,Low,AGENT_03,2026-01-21,2026-01-25,25.8,102.0,5,Resolved,Yes
TKT003528,CUST_001,West,Portal,Billing,Medium,AGENT_04,2026-02-28,2026-03-01,5.6,26.7,5,Resolved,No
TKT003373,CUST_069,East,Email,Billing,Low,AGENT_08,2026-03-23,2026-03-27,25.4,105.7,5,Resolved,Yes
TKT002679,CUST_026,South,Portal,Billing,Critical,AGENT_15,2026-02-12,,0.5,3.6,3,Resolved,No
TKT002278,CUST_044,South,Portal,Account Access,Medium,AGENT_11,2026-06-09,2026-06-10,7.0,45.8,5,Closed,Yes
TKT003139,CUST_046,South,Phone,Billing,Critical,AGENT_06,2026-06-19,2026-06-19,0.8,6.4,5,Resolved,Yes
TKT000175,CUST_051,West,Phone,Account Access,Low,AGENT_06,2026-04-14,2026-04-16,8.8,,5,Resolved,No
TKT003001,CUST_050,North,Email,Account Access,High,AGENT_04,2026-06-03,2026-06-03,3.3,18.3,5,Resolved,Yes
TKT000441,CUST_142,South,Chat,Delivery Delay,Low,AGENT_14,2026-04-01,2026-04-03,13.5,52.9,5,Resolved,No
TKT001952,CUST_116,South,Email,Billing,Medium,AGENT_02,2026-05-24,2026-05-24,15.5,20.9,,Reopened,No
TKT002355,CUST_007,North,Email,Other,Critical,AGENT_13,2026-06-04,2026-06-04,1.0,-11.4,2,Resolved,No
TKT002981,CUST_003,West,Email,Delivery Delay,Medium,AGENT_04,2026-02-23,2026-02-24,3.2,45.2,4,Resolved,Yes
TKT000690,CUST_129,East,Portal,Account Access,Low,AGENT_05,2026-04-30,2026-05-07,39.2,173.2,5,Resolved,Yes
TKT004979,CUST_113,North,Chat,Delivery Delay,Critical,AGENT_09,,,0.7,4.2,4,Resolved,Yes
TKT003548,CUST_031,East,Portal,Other,Critical,AGENT_12,2026-06-11,2026-06-11,0.8,6.0,2,Resolved,Yes
TKT001450,CUST_102,North,Portal,Damaged Goods,Low,AGENT_06,2026-04-02,2026-04-08,22.9,161.6,5,Closed,Yes
TKT004272,CUST_049,South,Portal,Other,Low,AGENT_15,2026-04-17,2026-04-20,42.9,81.5,1,Closed,Yes
TKT003687,CUST_075,South,Portal,Other,Low,AGENT_14,2026-04-29,,24.3,32.7,5,Resolved,No
TKT000019,CUST_002,South,Email,Billing,High,AGENT_12,2026-01-24,2026-01-24,4.6,8.3,,Reopened,No
TKT003439,CUST_084,Central,Phone,Damaged Goods,High,AGENT_02,2026-03-22,2026-03-22,4.9,,3,Resolved,Yes
TKT004794,CUST_093,Central,Email,Delivery Delay,Low,AGENT_11,2026-06-23,2026-06-26,37.4,94.5,5,Resolved,Yes
TKT000070,CUST_071,North,Phone,Billing,Medium,AGENT_04,2026-03-27,2026-03-29,14.6,,5,Resolved,Yes
TKT001228,CUST_104,West,Portal,Delivery Delay,High,AGENT_09,2026-01-11,,7.6,17.2,4,Closed,Yes
TKT000535,CUST_119,West,Chat,Account Access,Medium,AGENT_14,2026-03-08,2026-03-10,18.4,49.1,4,Resolved,Yes
TKT002808,CUST_097,Central,Phone,Billing,Low,AGENT_01,2026-06-26,2026-06-28,37.4,,5,Resolved,No
TKT001591,CUST_075,East,Email,Other,High,AGENT_01,2026-05-13,2026-05-13,2.6,16.6,5,Resolved,Yes
TKT001262,CUST_119,North,Portal,Damaged Goods,Low,AGENT_01,2026-05-08,2026-05-13,43.9,127.5,4,Closed,Yes
TKT001622,CUST_041,North,Email,Billing,Medium,AGENT_01,2026-05-12,,23.0,,,Open,No
TKT003947,CUST_003,North,Phone,Other,High,AGENT_02,2026-03-20,2026-03-20,0.6,,4,Resolved,Yes
TKT000804,CUST_131,Central,Chat,Billing,Medium,AGENT_14,2026-04-19,2026-04-22,13.2,76.5,1,Resolved,Yes
TKT003605,CUST_056,North,Email,Other,Critical,AGENT_12,2026-01-24,2026-01-24,0.6,3.8,4,Resolved,No
TKT003735,CUST_126,West,Email,Other,Medium,AGENT_13,2026-04-23,2026-04-26,9.1,77.3,5,Resolved,Yes
TKT002624,CUST_017,North,Portal,Damaged Goods,Medium,AGENT_08,2026-02-19,2026-02-21,10.4,61.4,5,Resolved,Yes
TKT003937,CUST_131,East,Phone,Account Access,Low,AGENT_11,2026-01-24,2026-01-29,10.6,,5,Resolved,Yes
TKT002949,CUST_137,East,Email,Billing,Medium,AGENT_06,2026-03-26,2026-03-28,7.5,66.2,3,Resolved,Yes
TKT003970,CUST_059,Central,Email,Billing,Low,AGENT_01,2026-02-05,2026-02-08,13.7,83.6,1,Resolved,Yes
TKT002102,CUST_034,West,Chat,Billing,Critical,AGENT_10,2026-04-15,2026-04-15,0.8,6.3,4,Resolved,Yes
TKT000907,CUST_055,North,Email,Delivery Delay,Medium,AGENT_03,2026-06-18,2026-06-19,1.7,47.4,4,Resolved,Yes
TKT002290,CUST_005,North,Chat,Billing,Low,AGENT_10,2026-03-23,2026-03-29,6.3,144.1,4,Resolved,Yes
TKT001607,CUST_110,East,Email,Delivery Delay,Low,AGENT_13,2026-02-25,2026-03-01,4.0,116.6,3,Closed,Yes
TKT004603,CUST_115,North,Chat,Other,Low,AGENT_09,2026-05-18,2026-05-24,41.9,167.5,,Reopened,Yes
TKT003193,CUST_022,North,Chat,Billing,High,AGENT_10,2026-05-18,,6.7,19.5,4,Closed,Yes
TKT000950,CUST_013,North,Portal,Billing,High,AGENT_15,2026-04-07,,6.6,28.0,5,Resolved,Yes
TKT004450,CUST_113,South,Email,Damaged Goods,Low,AGENT_10,2026-04-05,,0.8,,,Open,No
TKT003865,CUST_145,West,Email,Account Access,Medium,AGENT_03,2026-04-14,,16.8,,,Open,No
TKT000825,CUST_024,Central,Email,Damaged Goods,Low,AGENT_04,2026-04-05,2026-04-06,17.5,31.0,3,Closed,No
TKT000694,CUST_115,South,Chat,Delivery Delay,Low,AGENT_02,2026-06-09,2026-06-11,40.6,59.2,,Reopened,No
TKT002420,CUST_116,Central,Phone,Delivery Delay,Medium,AGENT_07,2026-05-23,2026-06-26,1.3,,5,Resolved,Yes
TKT000178,CUST_023,South,Email,Billing,Medium,AGENT_05,2026-06-10,,9.1,73.6,5,Resolved,Yes
TKT000325,CUST_076,South,Chat,Billing,High,AGENT_02,2026-06-18,2026-06-18,5.7,-3.0,4,Resolved,Yes
TKT003633,CUST_007,West,Email,Billing,Medium,AGENT_12,2026-02-06,2026-02-08,21.8,-9.1,5,Resolved,Yes
TKT000348,CUST_040,East,Chat,Delivery Delay,Medium,AGENT_07,2026-04-30,2026-05-25,21.3,600.8,5,Resolved,Yes
TKT002993,CUST_095,Central,Email,Delivery Delay,High,AGENT_10,2026-05-25,2026-05-25,4.1,18.1,,Reopened,Yes
TKT004155,CUST_143,East,Chat,Other,Low,AGENT_13,2026-04-15,2026-04-16,5.9,44.1,4,Resolved,No
TKT004184,CUST_110,Central,Phone,Other,Low,AGENT_02,2026-02-22,2026-02-27,4.3,128.0,2,Resolved,Yes
TKT002206,CUST_003,East,Portal,Other,Medium,AGENT_09,2026-04-08,2026-04-09,4.6,36.8,3,Resolved,Yes
TKT004064,CUST_086,East,Portal,Billing,Low,AGENT_15,2026-04-07,2026-04-14,39.9,176.0,,Reopened,Yes
TKT002522,CUST_080,North,Email,Delivery Delay,Low,AGENT_12,2026-06-27,2026-06-28,11.2,27.7,4,Resolved,No
TKT002710,CUST_141,West,Chat,Billing,High,AGENT_11,2026-06-17,2026-06-18,7.4,31.2,4,Resolved,Yes
TKT001678,CUST_085,South,Portal,Account Access,Medium,AGENT_14,2026-01-19,2026-01-20,11.9,26.1,1,Resolved,No
TKT001667,CUST_100,Central,Chat,Delivery Delay,Low,AGENT_10,2026-06-12,,33.4,171.6,,Reopened,Yes
TKT002764,CUST_040,South,Portal,Billing,Medium,AGENT_06,2026-04-23,2026-04-25,20.9,60.3,5,Resolved,Yes
TKT004924,CUST_053,Central,Email,Account Access,Medium,AGENT_06,2026-02-25,2026-02-26,7.4,39.4,5,Resolved,Yes
TKT004306,CUST_094,North,Portal,Delivery Delay,Low,AGENT_14,2026-06-16,2026-06-20,14.2,106.8,,Reopened,Yes
TKT002481,CUST_050,South,Phone,Damaged Goods,Critical,AGENT_06,2026-02-25,,2.0,,,Open,No
TKT004632,CUST_004,Central,Email,Billing,Medium,AGENT_07,2026-04-03,2026-05-04,22.8,765.3,5,Resolved,Yes
TKT002544,CUST_047,Central,Email,Delivery Delay,Low,AGENT_12,2026-01-29,,37.6,,,Open,No
TKT000959,CUST_127,North,Chat,Damaged Goods,High,AGENT_15,2026-02-09,2026-02-09,2.4,21.9,1,Resolved,Yes
TKT001582,CUST_014,West,Chat,Account Access,Medium,AGENT_04,2026-03-05,,5.6,,,Open,No
TKT000419,CUST_099,East,Phone,Damaged Goods,Low,AGENT_08,2026-06-03,2026-06-07,4.6,97.2,,Reopened,Yes
TKT003808,CUST_007,North,Email,Billing,Low,AGENT_14,,2026-03-11,42.2,61.0,2,Closed,No
TKT000200,CUST_036,West,Email,Damaged Goods,Low,AGENT_11,2026-06-18,2026-06-22,13.4,101.1,5,Resolved,Yes
TKT004840,CUST_006,East,Chat,Damaged Goods,High,AGENT_07,2026-01-08,2026-01-17,6.3,223.9,2,Resolved,Yes
TKT000496,CUST_082,North,Chat,Other,High,AGENT_02,2026-05-23,2026-05-23,6.6,18.1,5,Closed,Yes
TKT002050,CUST_118,East,Portal,Damaged Goods,High,AGENT_11,2026-02-23,,2.3,,,Open,No
TKT001733,CUST_131,North,Chat,Billing,Medium,AGENT_15,2026-03-30,2026-04-01,13.5,57.7,4,Resolved,Yes
TKT002330,CUST_012,East,Email,Damaged Goods,Low,AGENT_01,2026-05-03,2026-05-09,22.1,149.2,2,Closed,Yes
TKT002178,CUST_121,North,Chat,Account Access,Low,AGENT_13,2026-04-11,2026-04-13,17.3,61.2,3,Resolved,No
TKT002529,CUST_019,East,Email,Billing,Medium,AGENT_12,2026-06-23,2026-06-25,16.0,61.6,4,Closed,Yes
TKT003554,CUST_011,North,Email,Billing,High,AGENT_08,2026-04-20,2026-04-21,5.3,27.4,5,Resolved,Yes
TKT004098,CUST_121,East,Email,Billing,Medium,AGENT_03,2026-01-15,2026-01-16,17.4,32.9,3,Resolved,No
TKT003497,CUST_044,North,Portal,Delivery Delay,Medium,AGENT_13,2026-04-24,2026-04-26,15.8,64.6,5,Resolved,Yes
TKT003846,CUST_001,North,Email,Billing,Low,AGENT_15,2026-04-02,2026-04-06,28.2,110.7,4,Resolved,Yes
TKT002640,CUST_031,West,Chat,Delivery Delay,Medium,AGENT_08,2026-06-10,2026-06-11,4.8,41.4,4,Resolved,Yes
TKT003413,CUST_078,Central,Chat,Delivery Delay,Medium,AGENT_07,2026-03-23,2026-04-02,11.4,259.0,2,Resolved,Yes
TKT001360,CUST_102,West,Portal,Delivery Delay,High,AGENT_10,2026-04-24,,3.9,,,Open,No
TKT000943,CUST_044,South,Email,Delivery Delay,Medium,AGENT_11,2026-04-28,2026-04-30,2.7,48.9,,Reopened,Yes
TKT001793,CUST_070,North,Email,Billing,Medium,AGENT_02,2026-02-11,2026-02-14,13.7,74.0,4,Resolved,Yes
TKT002283,CUST_092,North,Email,Other,Low,AGENT_02,2026-06-27,,27.9,68.4,5,Resolved,No
TKT002866,CUST_001,North,Chat,Other,Low,AGENT_04,2026-04-19,2026-04-25,33.1,159.9,5,Resolved,Yes
TKT004759,CUST_091,North,Email,Delivery Delay,High,AGENT_05,2026-05-05,2026-05-05,1.4,5.9,5,Resolved,No
TKT001423,CUST_042,Central,Phone,Billing,Low,AGENT_11,2026-03-17,,15.5,,3,Resolved,Yes
TKT001459,CUST_103,East,Email,Billing,High,AGENT_15,2026-06-16,2026-06-16,4.9,15.8,,Reopened,Yes
TKT004395,CUST_003,Central,Portal,Billing,Critical,AGENT_10,2026-03-13,2026-03-13,0.9,5.3,3,Resolved,Yes
TKT001839,CUST_150,South,Phone,Account Access,Low,AGENT_05,2026-02-25,2026-02-26,18.9,45.3,5,Resolved,No
TKT002523,CUST_025,Central,Chat,Billing,Critical,AGENT_08,2026-04-01,2026-04-01,1.3,3.9,2,Resolved,No
TKT001692,CUST_066,South,Email,Delivery Delay,High,AGENT_06,2026-03-08,2026-03-08,4.4,19.4,4,Resolved,Yes
TKT004583,CUST_060,East,Phone,Account Access,Medium,AGENT_02,2026-03-13,2026-03-14,4.9,,5,Closed,No
TKT004327,CUST_021,West,Chat,Delivery Delay,Low,AGENT_11,2026-06-01,2026-06-04,10.0,89.8,4,Resolved,Yes
TKT002364,CUST_082,South,Phone,Other,Medium,AGENT_11,2026-02-19,2026-02-20,14.1,,5,Resolved,Yes
TKT004244,CUST_084,East,Phone,Account Access,Medium,AGENT_14,2026-06-06,,23.1,,3,Resolved,Yes
TKT003308,CUST_009,West,Email,Billing,Medium,AGENT_03,2026-02-02,,13.0,39.5,4,Closed,Yes
TKT002849,CUST_098,West,Email,Delivery Delay,High,AGENT_02,2026-05-22,2026-05-22,2.8,12.5,5,Resolved,Yes
TKT000299,CUST_013,East,Chat,Delivery Delay,Low,AGENT_15,2026-06-05,2026-06-09,38.5,105.4,5,Closed,Yes
TKT004832,CUST_112,South,Chat,Delivery Delay,Medium,AGENT_03,2026-01-11,,13.8,23.8,5,Resolved,No
TKT002115,CUST_068,East,Email,Billing,Medium,AGENT_10,2026-01-21,2026-01-24,21.2,89.6,,Reopened,Yes
TKT004665,CUST_062,South,Phone,Account Access,High,AGENT_12,2026-03-07,2026-03-08,2.2,,5,Resolved,Yes
TKT000057,CUST_062,Central,Phone,Delivery Delay,High,AGENT_11,2026-03-22,2026-03-22,2.9,17.9,3,Resolved,Yes
TKT002358,CUST_099,South,Email,Billing,Low,AGENT_15,2026-03-09,2026-03-10,7.1,29.8,4,Resolved,No
TKT002925,CUST_035,East,Chat,Account Access,Low,AGENT_12,2026-01-16,2026-01-21,46.5,127.4,1,Resolved,Yes
TKT003473,CUST_112,East,Email,Other,High,AGENT_07,2026-01-23,2026-02-02,6.7,253.4,1,Resolved,Yes
TKT003222,CUST_069,West,Portal,Billing,Medium,AGENT_07,2026-03-10,2026-04-11,10.4,-1.2,,Reopened,Yes
TKT002410,CUST_034,North,Phone,Other,Medium,AGENT_14,2026-06-07,2026-06-08,15.2,,4,Closed,Yes
TKT000184,CUST_003,West,Portal,Damaged Goods,High,AGENT_13,2026-03-17,2026-03-17,2.9,14.9,4,Resolved,Yes
TKT001836,CUST_108,South,Email,Damaged Goods,Medium,AGENT_15,2026-04-03,2026-04-03,10.9,19.9,5,Resolved,No
TKT000488,CUST_030,East,Email,Other,Low,AGENT_05,2026-05-21,2026-05-22,3.7,30.3,4,Resolved,No
TKT003492,CUST_026,South,Phone,Damaged Goods,Critical,AGENT_11,2026-06-23,2026-06-23,1.2,,4,Resolved,Yes
TKT004396,CUST_076,South,Phone,Account Access,Medium,AGENT_14,2026-05-21,2026-05-24,0.9,,5,Closed,Yes
TKT004723,CUST_126,Central,Phone,Account Access,Low,AGENT_12,2026-03-06,2026-03-08,45.1,,4,Resolved,No
TKT004628,CUST_117,North,Phone,Other,Low,AGENT_02,2026-06-14,2026-06-17,38.1,,4,Resolved,Yes
TKT002943,CUST_071,South,Chat,Damaged Goods,Low,AGENT_02,2026-01-12,2026-01-18,39.0,148.2,4,Resolved,Yes
TKT001544,CUST_086,East,Chat,Billing,Medium,AGENT_01,2026-04-10,2026-04-11,20.2,38.8,5,Closed,Yes
TKT002599,CUST_069,West,Phone,Account Access,High,AGENT_07,2026-05-06,2026-05-13,4.4,,1,Resolved,Yes
TKT003396,CUST_016,North,Email,Delivery Delay,Medium,AGENT_04,2026-06-17,2026-06-20,19.5,76.1,1,Resolved,Yes
TKT004252,CUST_025,East,Chat,Delivery Delay,Low,AGENT_05,2026-01-19,2026-01-20,22.0,38.0,3,Resolved,No
TKT000238,CUST_126,South,Chat,Delivery Delay,Critical,AGENT_09,2026-04-27,2026-04-27,0.9,5.2,5,Closed,Yes
TKT002652,CUST_109,Central,Phone,Other,Medium,AGENT_11,2026-02-05,2026-02-05,3.0,,4,Resolved,No
TKT000316,CUST_107,West,Phone,Billing,Low,AGENT_15,2026-05-02,2026-05-05,14.3,93.0,3,Resolved,Yes
TKT002965,CUST_056,Central,Email,Delivery Delay,Medium,AGENT_14,2026-05-23,2026-05-23,18.1,21.4,3,Resolved,No
TKT000798,CUST_024,South,Chat,Account Access,High,AGENT_02,2026-05-20,2026-05-21,3.6,25.9,5,Resolved,Yes
TKT002058,CUST_148,West,Email,Damaged Goods,Low,AGENT_15,2026-03-17,2026-03-17,9.5,19.3,5,Resolved,No
TKT000953,CUST_110,West,Email,Damaged Goods,Low,AGENT_01,2026-06-03,2026-06-09,31.3,144.3,5,Closed,Yes
TKT001949,CUST_135,East,Phone,Other,Medium,AGENT_02,2026-04-15,2026-04-15,17.0,,4,Resolved,No
TKT001308,CUST_125,West,Chat,Other,Medium,AGENT_04,2026-01-26,2026-01-27,11.9,47.4,5,Resolved,Yes
TKT004742,CUST_121,East,Email,Damaged Goods,Medium,AGENT_14,2026-02-28,2026-03-02,0.9,64.1,2,Closed,Yes
TKT003147,CUST_125,East,Chat,Damaged Goods,High,AGENT_09,2026-03-24,,0.9,22.9,4,Resolved,Yes
TKT003197,CUST_069,South,Email,Billing,Low,AGENT_11,2026-03-29,2026-04-02,30.1,104.3,3,Resolved,Yes
TKT003657,CUST_038,East,Chat,Delivery Delay,Medium,AGENT_15,2026-06-01,2026-06-03,20.6,63.2,5,Resolved,Yes
TKT002954,CUST_059,South,Email,Account Access,Low,AGENT_11,2026-01-12,2026-01-16,25.8,116.4,3,Resolved,Yes
TKT001305,CUST_119,East,Chat,Damaged Goods,Medium,AGENT_13,2026-04-24,2026-04-25,23.5,40.9,5,Resolved,Yes
TKT003529,CUST_005,North,Phone,Other,Medium,AGENT_11,2026-05-13,2026-05-14,14.2,,4,Closed,No
TKT001799,CUST_137,East,Email,Delivery Delay,Low,AGENT_14,2026-05-24,2026-05-29,18.9,137.0,5,Resolved,Yes
TKT004807,CUST_015,Central,Phone,Account Access,Medium,AGENT_15,2026-04-04,2026-04-06,2.8,64.2,5,Resolved,Yes
TKT002510,CUST_088,South,Chat,Billing,Medium,AGENT_05,2026-05-31,2026-06-01,10.1,38.6,5,Resolved,Yes
TKT001803,CUST_086,West,Chat,Account Access,Low,AGENT_12,,2026-02-24,44.6,183.8,4,Resolved,Yes
TKT000195,CUST_122,North,Email,Damaged Goods,High,AGENT_13,2026-05-23,2026-05-23,4.7,18.2,1,Closed,Yes
TKT004460,CUST_117,Central,Email,Damaged Goods,Low,AGENT_03,2026-03-26,2026-04-02,41.8,168.8,3,Resolved,Yes
TKT001225,CUST_120,Central,Email,Other,Medium,AGENT_05,2026-05-26,2026-05-27,1.6,28.0,2,Resolved,No
TKT002485,CUST_027,Central,Email,Damaged Goods,Medium,AGENT_03,2026-03-15,2026-03-16,6.4,47.1,2,Closed,Yes
TKT003229,CUST_100,Central,Chat,Delivery Delay,Critical,AGENT_06,2026-02-23,2026-02-23,1.5,6.7,2,Closed,Yes
TKT000273,CUST_031,South,Phone,Delivery Delay,Critical,AGENT_07,2026-01-10,2026-01-12,1.9,,,Reopened,Yes
TKT004037,CUST_138,West,Phone,Delivery Delay,High,AGENT_11,2026-01-14,2026-01-14,2.1,,4,Resolved,Yes
TKT003347,CUST_062,North,Chat,Billing,Low,AGENT_02,2026-01-01,2026-01-04,25.3,87.9,5,Closed,Yes
TKT002060,CUST_102,North,Chat,Delivery Delay,Low,AGENT_09,2026-04-28,2026-04-30,11.9,56.8,4,Closed,No
TKT004336,CUST_021,Central,Email,Billing,Medium,AGENT_15,2026-01-25,2026-01-28,1.1,72.8,4,Resolved,Yes
TKT001304,CUST_109,North,Portal,Other,Low,AGENT_08,2026-01-29,2026-02-03,7.9,125.9,,Reopened,Yes
TKT001556,CUST_132,West,Email,Account Access,Critical,AGENT_15,2026-01-25,,1.8,,,Open,No
TKT001053,CUST_148,East,Portal,Billing,Low,AGENT_11,2026-02-22,2026-02-24,16.8,68.4,5,Resolved,No
TKT001221,CUST_039,South,Email,Other,Critical,AGENT_05,2026-06-20,2026-06-20,0.9,3.9,,Reopened,No
TKT004467,CUST_100,North,Email,Delivery Delay,High,AGENT_04,2026-04-13,2026-04-13,3.2,7.5,5,Resolved,No
TKT000126,CUST_043,South,Phone,Delivery Delay,Medium,AGENT_10,2026-06-27,2026-06-27,7.8,,5,Resolved,No
TKT003867,CUST_006,South,Chat,Other,Low,AGENT_12,2026-05-25,,25.2,34.7,4,Resolved,No
TKT004186,CUST_066,West,Chat,Account Access,Low,AGENT_10,2026-02-22,2026-02-24,11.3,49.5,5,Resolved,No
TKT004757,CUST_003,East,Chat,Billing,Low,AGENT_09,2026-05-27,,14.8,148.3,3,Resolved,Yes
TKT001418,CUST_085,East,Chat,Damaged Goods,Medium,AGENT_05,2026-06-30,2026-07-02,0.5,62.4,5,Resolved,Yes
TKT003858,CUST_125,South,Chat,Billing,Medium,AGENT_05,2026-04-13,2026-04-13,11.3,14.6,4,Resolved,No
TKT002976,CUST_134,East,Chat,Account Access,High,AGENT_09,,,7.4,21.2,4,Resolved,Yes
TKT003818,CUST_125,Central,Email,Delivery Delay,Low,AGENT_13,2026-01-27,2026-01-30,24.1,72.8,3,Resolved,Yes
TKT001476,CUST_051,South,Chat,Delivery Delay,High,AGENT_14,2026-02-16,2026-02-17,5.8,29.3,4,Closed,Yes
TKT002872,CUST_034,East,Email,Account Access,High,AGENT_15,2026-03-29,,1.2,,,Open,No
TKT004949,CUST_102,West,Chat,Billing,High,AGENT_02,2026-05-26,2026-05-26,6.7,22.8,4,Resolved,Yes
TKT002245,CUST_008,South,Email,Billing,Low,AGENT_02,2026-06-27,2026-07-01,16.2,106.1,,Reopened,Yes
TKT002334,CUST_049,West,Phone,Billing,High,AGENT_10,2026-03-04,,1.7,,5,Resolved,No
TKT001061,CUST_103,South,Email,Billing,Medium,AGENT_15,2026-03-17,2026-03-17,6.2,20.9,2,Resolved,No
TKT001641,CUST_030,East,Portal,Account Access,Medium,AGENT_11,2026-03-08,2026-03-10,2.5,48.3,,Reopened,Yes
TKT001785,CUST_125,South,Phone,Delivery Delay,Low,AGENT_15,2026-04-01,2026-04-02,33.8,,4,Resolved,No
TKT000586,CUST_150,Central,Phone,Account Access,Low,AGENT_07,2026-01-28,2026-02-24,25.3,,5,Resolved,Yes
TKT003816,CUST_059,Central,Email,Billing,Critical,AGENT_09,2026-05-18,2026-05-18,1.5,6.9,4,Resolved,Yes
TKT000265,CUST_099,North,Phone,Account Access,Low,AGENT_08,2026-02-15,2026-02-17,38.4,,,Reopened,No
TKT001223,CUST_124,West,Email,Billing,High,AGENT_15,2026-01-02,2026-01-02,3.3,10.0,4,Closed,No
TKT003029,CUST_129,East,Portal,Other,Low,AGENT_06,2026-06-06,,2.7,,,Open,No
TKT000891,CUST_047,Central,Phone,Damaged Goods,Critical,AGENT_06,2026-05-17,,1.9,,4,Resolved,Yes
TKT001668,CUST_149,West,Portal,Other,Low,AGENT_14,2026-04-13,2026-04-17,10.5,113.5,5,Resolved,Yes
TKT001566,CUST_111,Central,Phone,Account Access,High,AGENT_05,2026-02-26,2026-02-26,7.0,,5,Resolved,Yes
TKT001343,CUST_133,North,Chat,Account Access,Medium,AGENT_03,2026-06-04,,22.1,,,Open,No
TKT001463,CUST_145,South,Phone,Billing,Medium,AGENT_13,2026-03-07,2026-03-09,22.2,,5,Resolved,Yes
TKT003166,CUST_084,East,Email,Billing,Critical,AGENT_09,2026-06-28,2026-06-28,1.5,6.9,5,Resolved,Yes
TKT001106,CUST_105,North,Phone,Other,Medium,AGENT_01,2026-04-29,2026-05-02,21.1,,4,Resolved,Yes
TKT000830,CUST_147,West,Phone,Other,High,AGENT_12,2026-05-01,2026-05-01,7.9,,3,Resolved,Yes
TKT004717,CUST_032,East,Phone,Delivery Delay,Low,AGENT_07,2026-01-19,,18.1,,,Open,No
TKT003069,CUST_001,South,Email,Damaged Goods,High,AGENT_12,2026-06-09,2026-06-09,4.3,17.4,5,Resolved,Yes
TKT001173,CUST_006,North,Chat,Billing,Low,AGENT_15,2026-01-18,2026-01-22,3.4,96.5,5,Resolved,Yes
TKT003731,CUST_115,West,Phone,Damaged Goods,Medium,AGENT_07,2026-01-02,2026-01-10,8.1,,2,Resolved,Yes
TKT000303,CUST_063,East,Phone,Delivery Delay,Low,AGENT_03,2026-05-31,2026-06-06,41.8,,4,Resolved,Yes
TKT004739,CUST_088,Central,Email,Delivery Delay,Medium,AGENT_05,2026-05-08,,12.4,32.3,5,Resolved,No
TKT000778,CUST_112,Central,Chat,Other,High,AGENT_12,2026-04-02,2026-04-02,4.3,14.5,5,Closed,Yes
TKT002097,CUST_066,South,Chat,Delivery Delay,Low,AGENT_01,2026-01-11,2026-01-17,19.4,152.1,5,Resolved,Yes
TKT004436,CUST_067,East,Email,Other,Medium,AGENT_09,2026-05-20,2026-05-23,19.1,89.4,,Reopened,Yes
TKT001362,CUST_090,South,Chat,Delivery Delay,High,AGENT_01,2026-04-30,2026-04-30,3.3,16.6,5,Resolved,Yes
TKT003853,CUST_003,Central,Chat,Account Access,Critical,AGENT_05,2026-03-17,2026-03-17,1.6,6.8,5,Resolved,Yes
TKT004313,CUST_073,South,Chat,Account Access,Medium,AGENT_02,2026-02-05,2026-02-07,19.6,51.2,1,Closed,Yes
TKT003948,CUST_023,West,Portal,Billing,Medium,AGENT_04,2026-03-03,,23.1,79.8,4,Resolved,Yes
TKT002201,CUST_002,Central,Portal,Billing,Low,AGENT_09,2026-05-12,2026-05-15,32.7,83.2,5,Resolved,Yes
TKT001781,CUST_122,East,Chat,Billing,Medium,AGENT_08,2026-02-25,,4.1,13.2,2,Closed,No
TKT004898,CUST_118,South,Phone,Damaged Goods,Medium,AGENT_14,2026-02-09,,9.6,,,Open,No
TKT000240,CUST_116,Central,Chat,Account Access,High,AGENT_06,2026-01-06,2026-01-06,7.2,22.7,5,Resolved,Yes
TKT004919,CUST_142,Central,Chat,Account Access,High,AGENT_15,2026-03-07,,3.4,17.1,5,Resolved,Yes
TKT000430,CUST_078,West,Email,Other,Medium,AGENT_05,2026-03-22,,4.0,73.6,3,Resolved,Yes
TKT004669,CUST_079,North,Portal,Account Access,Medium,AGENT_05,2026-06-20,,13.8,,,Open,No
TKT002464,CUST_075,South,Chat,Delivery Delay,Medium,AGENT_07,2026-05-25,,22.5,646.8,4,Resolved,Yes
TKT000099,CUST_073,South,Chat,Billing,Low,AGENT_01,2026-01-19,2026-01-23,2.1,105.8,4,Resolved,Yes
TKT002706,CUST_070,East,Chat,Billing,Critical,AGENT_10,2026-03-06,2026-03-06,1.4,4.4,2,Closed,Yes
TKT003743,CUST_091,West,Email,Billing,Low,AGENT_01,2026-06-01,2026-06-06,34.3,123.4,2,Resolved,Yes
TKT000092,CUST_114,East,Chat,Account Access,Low,AGENT_10,2026-06-08,2026-06-09,6.1,-19.9,2,Resolved,No
TKT002271,CUST_004,East,Email,Account Access,Medium,AGENT_08,2026-04-25,2026-04-27,4.7,69.4,5,Closed,Yes
TKT003330,CUST_104,West,Chat,Billing,Medium,AGENT_04,2026-06-15,,20.5,73.7,4,Resolved,Yes
TKT004745,CUST_145,North,Chat,Account Access,Medium,AGENT_13,2026-01-26,2026-01-28,14.9,60.1,3,Resolved,Yes
TKT003341,CUST_133,West,Portal,Other,High,AGENT_06,2026-06-30,2026-06-30,2.5,19.8,,Reopened,Yes
TKT000783,CUST_142,North,Chat,Damaged Goods,Low,AGENT_09,2026-05-23,2026-05-27,5.4,108.2,4,Resolved,Yes
TKT002855,CUST_050,North,Chat,Delivery Delay,Medium,AGENT_01,2026-01-23,2026-01-24,14.2,24.7,5,Resolved,No
TKT004081,CUST_139,Central,Email,Delivery Delay,Low,AGENT_14,2026-02-27,2026-03-06,45.2,175.4,5,Resolved,Yes
TKT002947,CUST_096,North,Email,Billing,High,AGENT_08,2026-05-05,,5.6,10.1,5,Resolved,No
TKT000361,CUST_078,East,Portal,Other,Low,AGENT_01,2026-04-23,2026-04-25,35.1,69.5,5,Resolved,No
TKT004554,CUST_035,North,Email,Damaged Goods,High,AGENT_09,2026-02-03,2026-02-04,6.1,29.1,5,Resolved,Yes
TKT003004,CUST_057,North,Email,Billing,Medium,AGENT_04,2026-04-10,2026-04-12,13.8,61.0,5,Resolved,Yes
TKT001851,CUST_060,East,Email,Account Access,High,AGENT_12,2026-02-21,,1.1,18.8,3,Resolved,Yes
TKT003364,CUST_102,East,Chat,Billing,Low,AGENT_08,2026-06-13,2026-06-16,10.5,83.5,,Reopened,Yes
TKT004946,CUST_018,West,Chat,Billing,High,AGENT_10,2026-03-12,2026-03-12,2.3,21.6,4,Closed,Yes
TKT004233,CUST_110,South,Email,Delivery Delay,Medium,AGENT_08,2026-05-04,2026-05-06,22.1,50.2,4,Resolved,Yes
TKT002164,CUST_148,North,Portal,Account Access,Medium,AGENT_04,2026-05-18,2026-05-20,4.9,53.7,,Reopened,Yes
TKT000054,CUST_003,North,Phone,Billing,Low,AGENT_03,2026-06-11,2026-06-18,42.7,,,Reopened,Yes
TKT004870,CUST_073,South,Email,Account Access,Medium,AGENT_04,2026-03-11,2026-03-11,5.0,9.8,,Reopened,No
TKT001811,CUST_150,East,Portal,Billing,High,AGENT_11,2026-04-19,2026-04-19,4.6,20.3,,Reopened,Yes
TKT000703,CUST_054,North,Phone,Billing,Low,AGENT_08,2026-05-02,,3.0,,2,Resolved,Yes
TKT004439,CUST_044,Central,Phone,Account Access,Medium,AGENT_09,2026-06-15,2026-06-16,13.9,,5,Resolved,Yes
TKT000291,CUST_089,North,Phone,Delivery Delay,Critical,AGENT_03,2026-03-05,2026-03-05,0.7,,,Reopened,No
TKT003545,CUST_032,Central,Chat,Billing,Low,AGENT_06,2026-01-06,2026-01-10,39.3,119.3,5,Resolved,Yes
TKT001888,CUST_126,West,Portal,Damaged Goods,Medium,AGENT_15,2026-04-01,2026-04-02,1.3,27.5,3,Closed,No
TKT004817,CUST_096,Central,Chat,Billing,Critical,AGENT_13,2026-04-07,2026-04-07,1.2,4.9,4,Resolved,Yes
TKT001291,CUST_070,Central,Email,Billing,Medium,AGENT_12,2026-01-23,,15.9,,,Open,No
TKT003543,CUST_130,North,Email,Delivery Delay,Medium,AGENT_07,2026-04-17,2026-05-19,18.4,776.4,4,Resolved,Yes
TKT003435,CUST_033,Central,Chat,Delivery Delay,Low,AGENT_06,2026-06-17,2026-06-23,47.8,154.4,4,Resolved,Yes
TKT003704,CUST_094,Central,Chat,Delivery Delay,Medium,AGENT_09,2026-05-31,2026-06-01,20.9,47.4,4,Resolved,Yes
TKT000640,CUST_126,East,Email,Billing,Low,AGENT_13,2026-05-21,2026-05-27,38.5,152.3,3,Resolved,Yes
TKT000355,CUST_033,South,Phone,Account Access,Medium,AGENT_09,2026-02-14,2026-02-16,5.5,,4,Resolved,Yes
TKT004023,CUST_067,Central,Email,Damaged Goods,Low,AGENT_05,2026-05-31,,22.3,39.3,5,Resolved,No
TKT004182,CUST_132,North,Chat,Damaged Goods,Medium,AGENT_04,2026-02-22,2026-02-25,16.2,77.6,3,Resolved,Yes
TKT002659,CUST_062,Central,Chat,Other,High,AGENT_07,2026-01-15,2026-01-18,1.4,81.5,5,Closed,Yes
TKT000128,CUST_037,South,Email,Account Access,High,AGENT_02,2026-05-23,,4.5,,,Open,No
TKT002186,CUST_047,West,Phone,Other,Medium,AGENT_06,2026-01-04,,7.4,,2,Resolved,Yes
TKT004368,CUST_012,South,Email,Billing,High,AGENT_12,2026-05-01,2026-05-01,0.5,7.9,4,Resolved,No
TKT000308,CUST_114,North,Email,Billing,Medium,AGENT_08,2026-03-24,2026-03-25,1.0,36.9,,Reopened,Yes
TKT001218,CUST_120,South,Phone,Other,Low,AGENT_10,2026-01-23,2026-01-27,1.0,,5,Closed,Yes
TKT000554,CUST_015,North,Email,Account Access,Medium,AGENT_12,2026-04-08,2026-04-08,11.3,13.3,,Reopened,No
TKT000658,CUST_147,West,Chat,Other,Low,AGENT_09,2026-02-03,2026-02-05,12.0,53.9,5,Closed,No
TKT004756,CUST_114,Central,Phone,Account Access,Low,AGENT_08,2026-01-29,2026-01-31,20.9,,5,Resolved,No
TKT000600,CUST_048,East,Email,Billing,Medium,AGENT_03,2026-01-04,2026-01-06,1.0,66.4,5,Resolved,Yes
TKT002172,CUST_005,Central,Phone,Billing,Medium,AGENT_13,2026-06-12,2026-06-13,12.5,,5,Closed,No
TKT002448,CUST_015,East,Chat,Billing,Medium,AGENT_15,2026-02-23,2026-02-25,18.5,56.4,2,Resolved,Yes
TKT002869,CUST_127,South,Email,Delivery Delay,Medium,AGENT_02,2026-06-21,2026-06-21,11.6,23.0,,Reopened,No
TKT003919,CUST_118,Central,Chat,Billing,Low,AGENT_06,2026-05-11,2026-05-13,30.1,71.1,1,Resolved,No
TKT001830,CUST_103,South,Phone,Damaged Goods,Medium,AGENT_14,2026-02-09,,0.8,,,Reopened,Yes
TKT003530,CUST_075,North,Phone,Other,Low,AGENT_15,2026-02-28,2026-03-03,36.2,,4,Resolved,Yes
TKT004010,CUST_123,East,Email,Billing,High,AGENT_11,2026-05-16,2026-05-16,3.1,8.3,4,Resolved,No
TKT001317,CUST_099,Central,Email,Other,Medium,AGENT_07,2026-06-19,2026-07-08,20.8,467.2,5,Resolved,Yes
TKT002461,CUST_013,West,Portal,Account Access,Medium,AGENT_15,2026-04-15,2026-04-17,20.2,68.3,5,Closed,Yes
TKT003241,CUST_130,West,Chat,Billing,High,AGENT_03,2026-03-22,2026-03-22,6.5,14.9,3,Resolved,Yes
TKT003649,CUST_074,Central,Email,Billing,Low,AGENT_11,2026-04-09,2026-04-14,5.4,135.0,5,Closed,Yes
TKT001274,CUST_117,East,Chat,Delivery Delay,Critical,AGENT_06,2026-05-13,,1.2,,,Open,No
TKT002101,CUST_088,Central,Chat,Delivery Delay,Medium,AGENT_13,2026-04-13,,7.3,14.1,2,Resolved,No
TKT003925,CUST_009,Central,Chat,Delivery Delay,Medium,AGENT_11,2026-05-19,,1.0,,,Open,No
TKT000338,CUST_057,North,Chat,Delivery Delay,High,AGENT_01,2026-02-12,,3.3,,,Open,No
TKT000818,CUST_046,Central,Chat,Delivery Delay,Medium,AGENT_06,2026-05-10,,7.8,,,Open,No
TKT002063,CUST_049,Central,Email,Account Access,High,AGENT_10,2026-03-07,2026-03-07,7.5,17.0,5,Resolved,Yes
TKT003180,CUST_148,West,Portal,Delivery Delay,Medium,AGENT_15,2026-03-07,2026-03-10,18.9,72.7,5,Resolved,Yes
TKT002055,CUST_035,Central,Chat,Delivery Delay,Medium,AGENT_10,2026-04-04,2026-04-05,13.6,34.4,5,Closed,No
TKT000439,CUST_071,Central,Email,Billing,Medium,AGENT_07,2026-03-05,2026-03-24,3.1,474.3,1,Resolved,Yes
TKT004159,CUST_100,Central,Portal,Account Access,High,AGENT_02,2026-03-04,,1.7,23.3,4,Resolved,Yes
TKT004655,CUST_085,East,Chat,Billing,Medium,AGENT_08,2026-06-10,,7.0,32.8,2,Resolved,No
TKT004582,CUST_141,Central,Chat,Billing,High,AGENT_12,2026-04-19,2026-04-19,5.3,10.9,2,Resolved,No
TKT000420,CUST_010,South,Chat,Delivery Delay,Medium,AGENT_14,2026-01-09,2026-01-12,8.2,76.0,3,Closed,Yes
TKT001977,CUST_079,Central,Chat,Delivery Delay,Low,AGENT_10,2026-06-01,2026-06-03,16.5,68.9,4,Resolved,No
TKT003285,CUST_023,North,Chat,Account Access,Medium,AGENT_12,2026-05-13,2026-05-14,6.5,31.6,2,Resolved,No
TKT004973,CUST_069,West,Chat,Delivery Delay,Medium,AGENT_13,2026-05-01,,5.8,,,Open,No
TKT000711,CUST_139,South,Phone,Delivery Delay,Medium,AGENT_05,2026-05-25,2026-05-25,0.7,,4,Resolved,No
TKT003615,CUST_114,West,Chat,Billing,High,AGENT_04,2026-03-30,2026-03-30,2.6,18.3,3,Resolved,Yes
TKT003115,CUST_026,South,Chat,Billing,Medium,AGENT_04,2026-01-25,2026-01-28,23.7,81.9,4,Resolved,Yes
TKT001599,CUST_042,East,Email,Billing,Critical,AGENT_09,2026-05-28,2026-05-28,0.7,2.7,4,Resolved,No
TKT002530,CUST_065,North,Chat,Account Access,High,AGENT_12,2026-01-06,2026-01-07,1.9,25.7,3,Resolved,Yes
TKT001155,CUST_147,Central,Phone,Account Access,High,AGENT_01,2026-04-12,2026-04-12,2.7,,4,Resolved,Yes
TKT003280,CUST_114,East,Portal,Delivery Delay,High,AGENT_11,2026-04-28,2026-04-28,2.4,12.4,5,Resolved,Yes
TKT004706,CUST_059,North,Phone,Other,High,AGENT_13,2026-02-28,2026-02-28,1.5,,1,Closed,No
TKT003850,CUST_075,South,Chat,Billing,Low,AGENT_13,2026-01-03,2026-01-07,19.3,103.2,5,Resolved,Yes
TKT000899,CUST_137,East,Chat,Billing,Low,AGENT_03,2026-03-17,2026-03-24,40.4,180.3,2,Resolved,Yes
TKT001539,CUST_131,East,Portal,Billing,Low,AGENT_11,2026-02-22,2026-02-24,42.1,51.8,5,Resolved,No
TKT002637,CUST_033,West,Chat,Other,Low,AGENT_08,2026-04-19,2026-04-24,19.3,130.9,4,Resolved,Yes
TKT001974,CUST_122,East,Phone,Damaged Goods,Medium,AGENT_01,2026-06-14,,19.6,,,Open,No
TKT001206,CUST_017,West,Phone,Billing,Low,AGENT_12,2026-05-09,,28.8,,,Open,No
TKT004774,CUST_137,West,Email,Delivery Delay,Medium,AGENT_07,2026-06-22,2026-07-02,5.9,263.5,4,Resolved,Yes
TKT000841,CUST_101,Central,Phone,Delivery Delay,Medium,AGENT_01,2026-04-30,2026-05-03,20.3,,4,Resolved,Yes
TKT004906,CUST_127,East,Chat,Billing,High,AGENT_11,2026-02-18,2026-02-18,5.9,9.6,4,Resolved,No
TKT002602,CUST_103,West,Portal,Delivery Delay,Medium,AGENT_05,2026-05-09,2026-05-11,17.3,54.2,4,Resolved,Yes
TKT000074,CUST_022,Central,Email,Damaged Goods,High,AGENT_13,2026-03-30,,3.4,,,Open,No
TKT002871,CUST_025,North,Phone,Other,Low,AGENT_07,2026-03-31,,44.0,,4,Resolved,Yes
TKT003309,CUST_150,East,Portal,Other,Critical,AGENT_13,2026-02-11,2026-02-11,1.0,3.8,4,Resolved,No
TKT004522,CUST_039,South,Email,Account Access,Medium,AGENT_13,2026-05-31,,23.4,,,Open,No
TKT000963,CUST_006,West,Email,Account Access,Low,AGENT_15,2026-03-01,2026-03-06,24.0,132.7,5,Closed,Yes
TKT002519,CUST_029,East,Portal,Delivery Delay,Low,AGENT_08,2026-01-04,,26.5,,,Open,No
TKT000520,CUST_060,East,Chat,Damaged Goods,Low,AGENT_08,2026-03-18,,45.8,160.0,3,Resolved,Yes
TKT001103,CUST_133,South,Phone,Delivery Delay,Low,AGENT_11,2026-06-04,,24.1,,4,Resolved,No
TKT001916,CUST_108,East,Phone,Billing,High,AGENT_13,2026-02-08,2026-02-08,4.3,,,Reopened,No
TKT002182,CUST_013,West,Chat,Billing,High,AGENT_03,2026-02-09,2026-02-10,6.2,27.7,5,Resolved,Yes
TKT001101,CUST_085,Central,Email,Delivery Delay,High,AGENT_06,2026-02-06,,1.2,10.6,3,Resolved,No
TKT001802,CUST_122,South,Email,Damaged Goods,Low,AGENT_05,2026-04-14,2026-04-20,8.5,149.2,,Reopened,Yes
TKT002969,CUST_120,West,Chat,Billing,Medium,AGENT_13,2026-03-11,2026-03-12,12.3,45.6,4,Closed,Yes
TKT001177,CUST_138,East,Chat,Billing,High,AGENT_10,2026-04-24,,6.4,,,Open,No
TKT001557,CUST_087,West,Chat,Account Access,Low,AGENT_04,2026-06-24,2026-06-27,33.9,91.9,5,Resolved,Yes
TKT001337,CUST_010,North,Chat,Delivery Delay,Critical,AGENT_08,2026-01-17,2026-01-17,1.9,7.1,5,Resolved,Yes
TKT000113,CUST_029,Central,Portal,Account Access,Low,AGENT_02,2026-03-31,2026-03-31,6.9,17.5,,Reopened,No
TKT001336,CUST_066,North,Email,Other,Low,AGENT_01,2026-06-19,,22.3,,,Open,No
TKT004888,CUST_118,West,Portal,Other,Critical,AGENT_14,2026-06-10,2026-06-10,1.1,4.1,5,Resolved,Yes
TKT001914,CUST_003,East,Phone,Billing,Critical,AGENT_10,2026-06-12,,1.6,,,Open,No
TKT004507,CUST_116,East,Portal,Billing,Medium,AGENT_07,2026-03-25,,17.1,304.8,5,Resolved,Yes
TKT000856,CUST_051,South,Phone,Delivery Delay,High,AGENT_05,2026-03-01,,8.0,,,Open,No
TKT003418,CUST_022,Central,Phone,Account Access,Medium,AGENT_07,2026-02-05,,14.8,,,Open,No
TKT001235,CUST_079,North,Chat,Delivery Delay,Low,AGENT_08,2026-03-11,2026-03-17,18.1,148.1,2,Resolved,Yes
TKT002160,CUST_030,East,Chat,Delivery Delay,Medium,AGENT_10,2026-02-03,2026-02-06,5.6,76.6,5,Resolved,Yes
TKT000223,CUST_015,North,Phone,Other,Critical,AGENT_07,2026-06-19,,0.9,,,Reopened,Yes
TKT003037,CUST_071,Central,Email,Account Access,Medium,AGENT_06,2026-04-24,2026-04-25,9.6,25.7,4,Resolved,No
TKT002934,CUST_100,Central,Email,Billing,Low,AGENT_10,2026-01-11,2026-01-18,42.7,169.5,5,Resolved,Yes
TKT000436,CUST_053,West,Email,Delivery Delay,Low,AGENT_05,2026-05-06,,21.7,129.2,5,Resolved,Yes
TKT003244,CUST_097,West,Email,Other,Low,AGENT_08,2026-04-05,2026-04-05,14.8,-12.8,,Reopened,No
TKT002205,CUST_110,Central,Email,Delivery Delay,Critical,AGENT_06,2026-03-21,,0.6,,,Open,No
TKT001922,CUST_078,South,Portal,Delivery Delay,Medium,AGENT_15,2026-05-27,,1.8,-9.1,5,Resolved,No
TKT000168,CUST_078,Central,Phone,Delivery Delay,Low,AGENT_06,2026-01-04,2026-01-08,17.5,,3,Resolved,Yes
TKT003087,CUST_132,West,Phone,Other,Medium,AGENT_02,2026-06-23,2026-06-24,9.0,,4,Resolved,No
TKT001079,CUST_127,West,Phone,Account Access,High,AGENT_03,2026-04-22,2026-04-22,1.8,5.3,4,Resolved,No
TKT002293,CUST_006,East,Portal,Billing,Medium,AGENT_13,2026-02-04,2026-02-06,5.9,48.8,4,Resolved,Yes
TKT001794,CUST_060,South,Email,Delivery Delay,High,AGENT_13,2026-03-07,2026-03-07,6.1,23.6,5,Resolved,Yes
TKT003966,CUST_121,East,Email,Billing,High,AGENT_01,2026-01-26,2026-01-27,7.6,26.5,4,Resolved,Yes
TKT003236,CUST_125,West,Email,Billing,Medium,AGENT_11,2026-02-21,2026-02-24,17.2,77.7,4,Resolved,Yes
TKT002417,CUST_013,West,Chat,Billing,Low,AGENT_02,2026-05-01,2026-05-03,37.2,69.1,5,Closed,No
TKT001213,CUST_107,South,Chat,Billing,Medium,AGENT_13,2026-02-26,2026-03-01,11.5,72.0,5,Resolved,Yes
TKT002048,CUST_005,Central,Email,Damaged Goods,Low,AGENT_08,2026-06-18,,11.9,,,Open,No
TKT000093,CUST_120,Central,Phone,Damaged Goods,Low,AGENT_09,2026-05-11,2026-05-13,44.5,,5,Closed,No
TKT003327,CUST_079,South,Email,Billing,Low,AGENT_14,2026-01-17,2026-01-22,27.9,131.6,4,Closed,Yes
TKT001737,CUST_028,South,Email,Other,Low,AGENT_01,2026-06-12,,14.3,,,Open,No
TKT000565,CUST_125,North,Email,Account Access,High,AGENT_07,2026-01-05,,5.5,98.9,5,Closed,Yes
TKT002145,CUST_028,East,Email,Delivery Delay,Medium,AGENT_09,2026-06-05,2026-06-05,4.8,7.3,4,Resolved,No
TKT003522,CUST_018,South,Chat,Delivery Delay,High,AGENT_15,2026-02-26,2026-02-26,6.2,11.8,3,Resolved,No
TKT004285,CUST_111,South,Portal,Other,High,AGENT_15,2026-02-16,2026-02-16,2.1,22.1,3,Resolved,Yes
TKT004109,CUST_104,North,Email,Delivery Delay,Medium,AGENT_04,2026-03-15,2026-03-18,13.3,85.1,4,Resolved,Yes
TKT000770,CUST_069,East,Phone,Delivery Delay,Low,AGENT_13,2026-01-21,,20.6,,,Reopened,Yes
TKT004163,CUST_076,West,Email,Billing,High,AGENT_07,2026-03-09,,3.1,,,Open,No
TKT000413,CUST_100,North,Email,Account Access,Low,AGENT_02,2026-01-22,2026-01-25,30.3,72.1,5,Resolved,Yes
TKT002511,CUST_031,South,Portal,Other,Medium,AGENT_12,2026-03-21,2026-03-24,12.0,78.7,4,Resolved,Yes
TKT001812,CUST_042,North,Chat,Delivery Delay,Low,AGENT_07,2026-01-07,,38.8,500.4,,Reopened,Yes
TKT002594,CUST_101,Central,Chat,Other,Critical,AGENT_10,2026-02-23,,1.3,,,Open,No
TKT002590,CUST_142,Central,Chat,Delivery Delay,Medium,AGENT_05,2026-02-05,2026-02-06,13.1,47.0,5,Resolved,Yes
TKT000103,CUST_030,Central,Email,Account Access,Critical,AGENT_12,2026-03-18,2026-03-18,1.0,6.0,2,Resolved,Yes
TKT004020,CUST_077,North,Chat,Billing,Medium,AGENT_05,2026-01-18,2026-01-20,22.8,55.4,5,Resolved,Yes
TKT004240,CUST_055,North,Chat,Damaged Goods,Medium,AGENT_07,2026-03-30,2026-04-20,2.3,516.6,5,Resolved,Yes
TKT004304,CUST_105,South,Chat,Delivery Delay,Low,AGENT_06,2026-04-13,2026-04-19,29.1,154.8,3,Resolved,Yes
TKT000443,CUST_042,East,Portal,Delivery Delay,Low,AGENT_04,2026-03-06,2026-03-12,7.0,145.2,5,Resolved,Yes
TKT002983,CUST_064,North,Phone,Billing,Medium,AGENT_13,2026-05-17,,5.9,,,Open,No
TKT002472,CUST_149,East,Chat,Damaged Goods,Low,AGENT_13,2026-03-02,2026-03-05,36.5,72.6,3,Resolved,Yes
TKT000914,CUST_136,East,Phone,Billing,Low,AGENT_01,2026-01-18,2026-01-22,24.4,,1,Resolved,Yes
TKT001068,CUST_086,West,Email,Billing,Medium,AGENT_05,2026-06-29,2026-06-29,14.3,23.3,5,Resolved,No
TKT003949,CUST_113,Central,Chat,Delivery Delay,Medium,AGENT_08,2026-01-28,2026-01-31,10.3,78.9,5,Closed,Yes
TKT000102,CUST_139,West,Email,Other,Low,AGENT_08,2026-01-24,,4.4,,,Open,No
TKT001045,CUST_038,North,Chat,Billing,Medium,AGENT_15,2026-04-21,2026-04-22,17.1,41.4,4,Resolved,Yes
TKT000230,CUST_087,East,Chat,Delivery Delay,Low,AGENT_12,2026-05-01,2026-05-03,15.5,52.3,4,Closed,No
TKT004983,CUST_008,East,Email,Damaged Goods,Critical,AGENT_02,2026-06-28,2026-06-28,1.0,3.3,4,Resolved,No
TKT001494,CUST_134,East,Email,Other,Low,AGENT_05,2026-03-17,2026-03-19,23.3,54.6,4,Resolved,No
TKT004604,CUST_084,West,Chat,Billing,Medium,AGENT_04,2026-01-04,2026-01-06,23.4,48.4,4,Resolved,Yes
TKT000044,CUST_056,South,Email,Other,Low,AGENT_11,2026-06-16,2026-06-19,46.3,83.6,3,Closed,Yes
TKT004351,CUST_120,East,Email,Other,Medium,AGENT_05,2026-04-17,,9.0,,,Open,No
TKT003517,CUST_111,North,Email,Billing,Medium,AGENT_10,2026-03-19,2026-03-19,2.6,22.7,4,Closed,No
TKT002230,CUST_034,North,Phone,Other,Low,AGENT_03,2026-05-05,2026-05-05,12.8,,5,Resolved,No
TKT002112,CUST_147,East,Email,Billing,Medium,AGENT_05,2026-01-01,,16.3,55.0,4,Resolved,Yes
TKT000980,CUST_102,North,Email,Other,Medium,AGENT_02,2026-02-06,2026-02-07,20.9,36.6,5,Resolved,Yes
TKT004927,CUST_145,West,Email,Account Access,High,AGENT_15,2026-01-10,2026-01-10,2.7,12.8,5,Resolved,Yes
TKT002381,CUST_011,West,Email,Damaged Goods,Medium,AGENT_15,2026-03-28,2026-03-30,18.0,66.5,5,Resolved,Yes
TKT001140,CUST_083,Central,Portal,Delivery Delay,Medium,AGENT_07,2026-01-14,2026-01-26,3.7,288.4,2,Resolved,Yes
TKT000875,CUST_035,South,Chat,Billing,Low,AGENT_04,2026-02-22,2026-02-24,26.5,58.2,3,Resolved,No
TKT004535,CUST_015,South,Phone,Other,Low,AGENT_06,2026-02-14,,40.7,,,Open,No
TKT003429,CUST_071,East,Phone,Delivery Delay,Low,AGENT_05,2026-01-23,2026-01-28,45.9,,3,Resolved,Yes
TKT000612,CUST_007,East,Portal,Damaged Goods,Medium,AGENT_14,2026-05-29,2026-05-30,4.9,44.4,5,Resolved,Yes
TKT003452,CUST_141,East,Email,Delivery Delay,Medium,AGENT_05,2026-01-22,,6.9,,,Open,No
TKT000246,CUST_095,North,Phone,Account Access,Low,AGENT_12,2026-04-29,2026-05-04,29.7,127.7,5,Resolved,Yes
TKT002126,CUST_098,West,Email,Billing,High,AGENT_10,2026-06-09,2026-06-09,4.4,16.6,5,Resolved,Yes
TKT000850,CUST_025,South,Chat,Billing,Medium,AGENT_07,2026-03-04,,13.3,709.1,4,Closed,Yes
TKT003159,CUST_106,South,Chat,Damaged Goods,High,AGENT_10,2026-01-12,2026-01-12,4.1,9.4,5,Resolved,No
TKT003666,CUST_010,East,Chat,Billing,Low,AGENT_04,2026-05-21,2026-05-23,20.3,67.1,3,Resolved,No
TKT001806,CUST_027,East,Phone,Delivery Delay,High,AGENT_02,2026-05-01,2026-05-01,4.4,,,Reopened,Yes
TKT001182,CUST_003,East,Portal,Billing,Medium,AGENT_12,2026-03-30,2026-03-30,9.7,16.7,2,Resolved,No
TKT002003,CUST_131,South,Portal,Billing,Medium,AGENT_10,2026-01-26,,14.8,82.5,4,Resolved,Yes
TKT000702,CUST_045,North,Email,Other,High,AGENT_14,2026-02-28,2026-02-28,4.6,7.0,3,Resolved,No
TKT000724,CUST_052,North,Chat,Other,Medium,AGENT_13,2026-03-15,2026-03-17,18.2,51.3,5,Closed,Yes
TKT001880,CUST_045,East,Chat,Delivery Delay,High,AGENT_14,2026-02-28,,6.5,24.1,5,Resolved,Yes
TKT001397,CUST_019,West,Chat,Billing,High,AGENT_15,2026-03-14,2026-03-14,4.7,13.8,4,Resolved,Yes
TKT001062,CUST_037,West,Chat,Other,Low,AGENT_07,2026-04-03,2026-05-14,10.9,992.4,4,Resolved,Yes
TKT001493,CUST_111,South,Chat,Damaged Goods,Low,AGENT_08,2026-05-11,2026-05-16,17.4,132.3,3,Resolved,Yes
TKT001346,CUST_039,East,Portal,Account Access,Low,AGENT_15,2026-04-21,2026-04-27,22.4,160.5,1,Closed,Yes
TKT001991,CUST_032,North,Email,Damaged Goods,Low,AGENT_03,2026-05-27,,39.8,,,Open,No
TKT004119,CUST_012,East,Chat,Billing,Critical,AGENT_02,2026-05-12,2026-05-12,0.6,6.0,5,Closed,Yes
TKT001025,CUST_010,East,Email,Other,Critical,AGENT_05,2026-06-12,,1.2,5.4,5,Resolved,Yes
TKT004085,CUST_117,South,Phone,Damaged Goods,Medium,AGENT_03,2026-04-16,2026-04-18,3.7,,3,Resolved,Yes
TKT000710,CUST_075,North,Email,Billing,Critical,AGENT_09,2026-02-16,2026-02-16,0.7,3.5,4,Resolved,No
TKT004033,CUST_149,Central,Phone,Billing,Low,AGENT_13,2026-03-08,,8.6,,,Open,No
TKT001066,CUST_071,Central,Chat,Damaged Goods,High,AGENT_14,2026-03-11,2026-03-11,4.6,15.8,,Reopened,Yes
TKT001402,CUST_086,North,Chat,Billing,Medium,AGENT_02,2026-06-15,2026-06-17,10.6,50.5,3,Resolved,Yes
TKT004905,CUST_072,West,Phone,Billing,High,AGENT_04,2026-02-03,2026-02-04,3.6,,5,Closed,Yes
TKT000819,CUST_030,North,Email,Account Access,Medium,AGENT_08,2026-05-13,2026-05-16,4.2,74.9,5,Resolved,Yes
TKT002167,CUST_110,North,Email,Damaged Goods,Low,AGENT_01,2026-01-17,2026-01-18,20.2,27.0,4,Resolved,No
TKT004292,CUST_111,West,Email,Billing,Medium,AGENT_06,2026-03-29,,5.2,38.4,5,Resolved,Yes
TKT001675,CUST_046,North,Email,Account Access,Low,AGENT_07,2026-02-04,2026-03-06,28.1,736.4,4,Resolved,Yes
TKT004092,CUST_132,North,Phone,Billing,Low,AGENT_02,2026-04-14,2026-04-19,37.7,,4,Resolved,Yes
TKT000193,CUST_085,East,Phone,Delivery Delay,High,AGENT_03,2026-02-24,2026-02-24,4.1,,1,Resolved,Yes
TKT002507,CUST_065,South,Email,Billing,Medium,AGENT_05,2026-02-24,2026-02-26,22.0,70.7,5,Resolved,Yes
TKT001589,CUST_134,South,Email,Billing,Low,AGENT_05,2026-05-31,2026-06-04,45.3,100.1,,Reopened,Yes
TKT003156,CUST_145,North,Portal,Account Access,High,AGENT_12,2026-06-16,2026-06-16,7.6,13.8,,Reopened,Yes
TKT003519,CUST_088,West,Phone,Damaged Goods,High,AGENT_02,2026-05-10,2026-05-10,5.2,,4,Resolved,Yes
TKT000206,CUST_073,Central,Phone,Account Access,Medium,AGENT_12,2026-02-27,,4.8,,3,Closed,Yes
TKT004145,CUST_042,West,Chat,Billing,Medium,AGENT_13,2026-01-22,2026-01-23,14.4,41.8,5,Resolved,Yes
TKT003652,CUST_102,East,Phone,Delivery Delay,Medium,AGENT_10,2026-01-08,,11.9,,,Open,No
TKT004860,CUST_057,West,Chat,Other,Low,AGENT_11,2026-04-20,,43.9,86.6,,Reopened,Yes
TKT002187,CUST_043,West,Email,Billing,Medium,AGENT_01,2026-02-16,,1.2,,,Open,No
TKT004105,CUST_045,West,Portal,Billing,Medium,AGENT_02,2026-06-20,2026-06-21,7.4,30.7,4,Resolved,No
TKT004198,CUST_110,Central,Chat,Delivery Delay,Medium,AGENT_01,2026-02-27,2026-02-27,8.3,22.6,5,Resolved,No
TKT004695,CUST_051,West,Portal,Delivery Delay,High,AGENT_04,2026-06-04,2026-06-04,2.1,11.5,5,Resolved,No
TKT003609,CUST_132,East,Email,Account Access,Medium,AGENT_03,2026-06-18,2026-06-20,16.0,62.1,4,Resolved,Yes
TKT000717,CUST_026,South,Portal,Billing,Medium,AGENT_15,2026-05-13,2026-05-15,14.5,51.3,1,Resolved,Yes
TKT002825,CUST_136,West,Email,Account Access,Medium,AGENT_08,2026-04-22,2026-04-24,14.3,63.9,5,Resolved,Yes
TKT003436,CUST_065,West,Phone,Damaged Goods,High,AGENT_08,2026-05-20,2026-05-20,2.3,,1,Resolved,Yes
TKT001477,CUST_027,South,Chat,Account Access,Medium,AGENT_09,2026-04-10,2026-04-12,14.4,56.7,4,Resolved,Yes
TKT004031,CUST_047,East,Phone,Billing,High,AGENT_14,2026-06-11,2026-06-11,0.8,,5,Resolved,No
TKT002929,CUST_039,South,Phone,Damaged Goods,Medium,AGENT_11,2026-05-06,,20.1,,,Open,No
TKT001464,CUST_029,North,Email,Other,Low,AGENT_03,2026-06-06,2026-06-08,42.6,54.9,5,Resolved,No
TKT003996,CUST_128,South,Phone,Delivery Delay,Medium,AGENT_08,2026-06-30,2026-06-30,10.9,,2,Resolved,No
TKT000490,CUST_112,North,Chat,Billing,Medium,AGENT_05,2026-01-19,2026-01-20,23.6,29.0,4,Closed,No
TKT001164,CUST_070,Central,Phone,Billing,Low,AGENT_04,2026-01-29,2026-01-30,29.0,,4,Closed,No
TKT002447,CUST_104,South,Email,Delivery Delay,High,AGENT_14,2026-04-18,2026-04-18,0.9,13.1,5,Resolved,Yes
TKT001636,CUST_081,North,Chat,Other,Medium,AGENT_04,2026-03-31,2026-03-31,9.1,14.1,5,Resolved,No
TKT000638,CUST_117,Central,Chat,Delivery Delay,High,AGENT_04,2026-02-26,2026-02-26,3.2,17.4,5,Resolved,Yes
TKT001549,CUST_051,West,Email,Billing,Critical,AGENT_13,2026-02-07,2026-02-07,0.8,5.2,4,Resolved,Yes
TKT000805,CUST_071,West,Email,Other,Medium,AGENT_06,2026-05-20,2026-05-21,15.9,34.0,5,Resolved,No
TKT001495,CUST_039,Central,Email,Billing,High,AGENT_01,2026-04-24,2026-04-24,7.3,14.5,,Reopened,Yes
TKT001531,CUST_002,West,Chat,Delivery Delay,Medium,AGENT_03,2026-01-29,,2.3,39.5,5,Resolved,Yes
TKT000065,CUST_135,East,Chat,Billing,Medium,AGENT_02,2026-01-26,2026-01-27,11.2,42.0,4,Resolved,Yes
TKT004271,CUST_080,East,Chat,Account Access,Medium,AGENT_07,2026-01-29,2026-02-07,10.7,229.4,4,Closed,Yes
TKT003689,CUST_105,East,Phone,Other,Low,AGENT_15,2026-03-20,2026-03-23,31.7,,5,Closed,Yes
TKT001328,CUST_146,West,Email,Billing,Medium,AGENT_05,2026-01-14,2026-01-16,9.4,63.1,5,Resolved,Yes
TKT004338,CUST_024,North,Email,Billing,High,AGENT_13,2026-01-20,2026-01-20,4.2,13.9,5,Resolved,Yes
TKT002473,CUST_045,North,Phone,Damaged Goods,High,AGENT_09,2026-04-24,2026-04-24,2.7,,5,Resolved,Yes
TKT003918,CUST_072,Central,Email,Damaged Goods,High,AGENT_08,2026-04-20,2026-04-20,7.3,11.2,,Reopened,No
TKT001628,CUST_003,South,Email,Damaged Goods,Low,AGENT_10,2026-03-12,2026-03-18,30.2,149.0,,Reopened,Yes
TKT002243,CUST_030,West,Phone,Billing,Low,AGENT_04,2026-01-29,,45.0,,,Open,No
TKT004568,CUST_146,West,Chat,Delivery Delay,Medium,AGENT_03,2026-03-27,,9.2,,,Open,No
TKT004991,CUST_143,South,Email,Other,Medium,AGENT_04,2026-02-16,2026-02-16,1.0,8.4,,Reopened,No
TKT000733,CUST_143,Central,Chat,Other,Medium,AGENT_04,2026-05-09,2026-05-10,11.2,47.3,,Reopened,Yes
TKT001688,CUST_102,South,Email,Delivery Delay,Low,AGENT_01,2026-02-19,2026-02-26,26.2,169.3,1,Resolved,Yes
TKT004496,CUST_115,West,Email,Billing,Medium,AGENT_11,2026-02-07,2026-02-10,17.0,85.3,5,Resolved,Yes
TKT003027,CUST_018,East,Portal,Delivery Delay,Low,AGENT_05,2026-01-16,,2.3,,,Open,No
TKT003998,CUST_121,Central,Chat,Damaged Goods,High,AGENT_09,2026-04-17,2026-04-17,7.7,20.9,4,Resolved,Yes
TKT001761,CUST_012,North,Chat,Billing,Medium,AGENT_03,2026-05-13,2026-05-15,2.9,55.1,3,Resolved,Yes
TKT004760,CUST_082,South,Email,Billing,Low,AGENT_11,2026-01-15,,38.7,103.1,5,Resolved,Yes
TKT001265,CUST_025,South,Portal,Billing,Critical,AGENT_15,2026-03-15,,1.6,,,Open,No
TKT001816,CUST_135,North,Email,Damaged Goods,High,AGENT_09,2026-01-03,2026-01-03,3.7,20.1,5,Resolved,Yes
TKT000030,CUST_093,North,Chat,Other,Critical,AGENT_10,2026-06-20,2026-06-20,1.6,6.6,4,Resolved,Yes
TKT004963,CUST_099,North,Email,Damaged Goods,Medium,AGENT_11,2026-03-04,2026-03-05,20.2,45.0,4,Resolved,Yes
TKT001338,CUST_006,East,Chat,Billing,High,AGENT_09,2026-04-13,2026-04-14,2.6,24.8,5,Resolved,Yes
TKT003481,CUST_137,North,Email,Damaged Goods,Low,AGENT_05,2026-04-19,,46.9,-1.5,3,Closed,Yes
TKT003781,CUST_062,West,Email,Other,Medium,AGENT_11,2026-03-28,2026-03-30,10.1,70.8,,Reopened,Yes
TKT000764,CUST_001,South,Email,Billing,Low,AGENT_06,2026-05-28,2026-06-02,26.4,123.4,,Reopened,Yes
TKT003337,CUST_119,Central,Portal,Billing,Medium,AGENT_04,2026-02-22,2026-02-23,5.7,45.1,5,Resolved,Yes
TKT004543,CUST_021,East,Chat,Delivery Delay,High,AGENT_05,2026-03-07,2026-03-08,7.0,26.5,3,Closed,Yes
TKT004362,CUST_032,Central,Chat,Damaged Goods,Low,AGENT_10,2026-03-03,,46.8,168.3,5,Resolved,Yes
TKT004331,CUST_116,North,Chat,Delivery Delay,Critical,AGENT_08,2026-05-02,2026-05-02,1.7,6.6,4,Resolved,Yes
TKT002548,CUST_010,West,Phone,Billing,Medium,AGENT_14,2026-01-10,2026-01-12,15.6,,5,Closed,Yes
TKT000258,CUST_077,Central,Email,Billing,Low,AGENT_04,2026-04-24,2026-04-26,33.5,56.8,4,Closed,No
TKT001513,CUST_063,West,Email,Delivery Delay,Medium,AGENT_01,2026-02-08,,0.7,,,Open,No
TKT004825,CUST_146,South,Chat,Billing,Low,AGENT_05,2026-04-14,2026-04-18,1.8,97.6,3,Resolved,Yes
TKT003810,CUST_070,East,Email,Billing,Low,AGENT_08,2026-05-27,2026-06-02,39.0,160.3,,Reopened,Yes
TKT000667,CUST_066,North,Email,Damaged Goods,Critical,AGENT_14,2026-06-21,2026-06-21,1.8,4.5,5,Resolved,Yes
TKT000752,CUST_143,North,Email,Billing,Low,AGENT_01,2026-06-11,2026-06-14,29.4,92.7,2,Resolved,Yes
TKT003206,CUST_144,South,Email,Other,Critical,AGENT_08,2026-02-13,2026-02-13,0.6,6.2,3,Resolved,Yes
TKT003892,CUST_029,West,Email,Billing,Medium,AGENT_14,2026-03-08,2026-03-09,15.9,32.0,4,Resolved,No
TKT002139,CUST_095,West,Chat,Billing,High,AGENT_09,2026-01-16,2026-01-16,4.0,8.7,5,Resolved,No
TKT002476,CUST_097,Central,Portal,Delivery Delay,Medium,AGENT_01,2026-03-01,,16.6,23.0,2,Resolved,No
TKT004107,CUST_122,East,Email,Other,Low,AGENT_09,2026-06-22,2026-06-26,5.5,106.8,,Reopened,Yes
TKT003576,CUST_084,North,Email,Billing,Medium,AGENT_09,2026-02-26,2026-02-28,23.2,56.4,4,Closed,Yes
TKT003007,CUST_135,West,Chat,Delivery Delay,Low,AGENT_04,2026-06-25,2026-06-28,3.3,95.4,1,Resolved,Yes
TKT004005,CUST_011,West,Email,Damaged Goods,Medium,AGENT_15,,2026-03-06,8.3,75.4,5,Resolved,Yes
TKT003252,CUST_131,North,Portal,Account Access,High,AGENT_09,2026-02-15,2026-02-15,6.6,18.6,2,Closed,Yes
TKT004401,CUST_114,South,Chat,Billing,Low,AGENT_01,2026-03-28,,13.8,,,Open,No
TKT004218,CUST_059,North,Phone,Billing,Medium,AGENT_13,2026-03-07,2026-03-08,12.3,,3,Resolved,Yes
TKT001877,CUST_074,West,Chat,Delivery Delay,Medium,AGENT_14,2026-06-03,2026-06-04,10.9,-2.6,,Reopened,Yes
TKT003793,CUST_097,North,Email,Billing,Medium,AGENT_05,2026-01-05,2026-01-08,9.0,75.7,,Reopened,Yes
TKT002677,CUST_118,South,Phone,Billing,Low,AGENT_05,2026-06-09,2026-06-12,44.6,,,Reopened,Yes
TKT000349,CUST_137,Central,Portal,Delivery Delay,High,AGENT_01,2026-01-20,2026-01-20,3.7,6.4,1,Resolved,No
TKT004957,CUST_044,North,Portal,Billing,High,AGENT_10,2026-03-01,2026-03-01,7.4,16.8,5,Closed,Yes
TKT000055,CUST_102,East,Phone,Delivery Delay,Low,AGENT_10,2026-06-13,,36.8,,,Reopened,No
TKT000112,CUST_040,South,Email,Billing,Medium,AGENT_13,2026-04-02,2026-04-03,12.4,47.0,3,Resolved,Yes
TKT004391,CUST_036,Central,Email,Delivery Delay,Low,AGENT_11,2026-02-19,,6.3,,,Open,No
TKT003386,CUST_094,North,Email,Other,Low,AGENT_14,2026-05-02,2026-05-03,18.5,33.7,5,Closed,No
TKT003351,CUST_030,West,Portal,Delivery Delay,High,AGENT_11,2026-04-19,2026-04-19,5.3,9.6,,Reopened,No
TKT003885,CUST_099,South,Chat,Billing,Medium,AGENT_05,2026-01-28,2026-01-30,13.8,69.9,5,Resolved,Yes
TKT001297,CUST_137,North,Email,Delivery Delay,Medium,AGENT_15,2026-02-12,2026-02-13,13.2,42.4,5,Resolved,Yes
TKT002467,CUST_054,South,Portal,Billing,Low,AGENT_07,2026-03-16,2026-04-09,26.8,587.9,5,Resolved,Yes
TKT000442,CUST_092,South,Chat,Other,Low,AGENT_09,2026-02-24,2026-02-27,24.4,86.8,4,Resolved,Yes
TKT000541,CUST_081,Central,Email,Account Access,Medium,AGENT_11,2026-01-11,2026-01-13,2.5,69.6,5,Resolved,Yes
TKT003831,CUST_065,North,Email,Other,Critical,AGENT_05,2026-05-01,2026-05-01,1.0,4.1,3,Closed,Yes
TKT002260,CUST_102,South,Phone,Account Access,Medium,AGENT_07,2026-01-12,2026-02-20,23.4,,4,Resolved,Yes
TKT000431,CUST_040,North,Chat,Damaged Goods,Medium,AGENT_12,2026-04-11,2026-04-13,13.1,68.1,4,Resolved,Yes
TKT001193,CUST_019,South,Phone,Other,Low,AGENT_05,2026-05-22,2026-05-24,1.3,,1,Resolved,No
TKT003269,CUST_007,East,Email,Damaged Goods,Medium,AGENT_13,2026-06-13,2026-06-16,23.5,90.7,4,Resolved,Yes
TKT004001,CUST_030,West,Chat,Damaged Goods,Critical,AGENT_09,2026-05-04,2026-05-04,0.8,4.2,4,Resolved,Yes
TKT000287,CUST_055,South,Email,Account Access,Medium,AGENT_09,2026-01-11,,17.0,,,Open,No
TKT003597,CUST_053,North,Email,Damaged Goods,Low,AGENT_13,,2026-05-11,8.8,108.3,5,Resolved,Yes
TKT003377,CUST_029,East,Email,Delivery Delay,Medium,AGENT_06,2026-05-25,2026-05-26,4.5,44.7,4,Closed,Yes
TKT001219,CUST_030,North,Email,Account Access,Low,AGENT_11,2026-06-07,,41.3,56.2,,Reopened,No
TKT003526,CUST_055,West,Chat,Delivery Delay,High,AGENT_13,2026-01-16,2026-01-16,6.3,18.3,5,Resolved,Yes
TKT004416,CUST_134,West,Phone,Other,Low,AGENT_01,2026-01-26,2026-01-27,2.8,,5,Closed,No
TKT003913,CUST_065,East,Portal,Billing,Medium,AGENT_01,2026-04-21,2026-04-22,2.3,29.9,4,Resolved,No
TKT002217,CUST_119,East,Phone,Delivery Delay,Low,AGENT_15,2026-06-14,,17.6,,,Open,No
TKT001150,CUST_020,North,Email,Billing,Medium,AGENT_05,2026-03-03,2026-03-04,3.6,40.1,5,Closed,Yes
TKT001958,CUST_141,South,Phone,Account Access,Low,AGENT_13,2026-03-12,2026-03-18,23.8,,4,Resolved,Yes
TKT000958,CUST_120,Central,Phone,Delivery Delay,High,AGENT_06,2026-01-10,2026-01-10,2.6,,,Reopened,Yes
TKT001293,CUST_065,North,Email,Billing,High,AGENT_07,2026-01-14,2026-01-19,2.4,143.3,4,Resolved,Yes
TKT000115,CUST_040,Central,Email,Damaged Goods,Low,AGENT_10,2026-03-29,2026-03-31,32.6,51.9,4,Resolved,No
TKT003856,CUST_066,North,Phone,Billing,Low,AGENT_10,2026-02-06,2026-02-11,36.3,,,Reopened,Yes
TKT003092,CUST_103,Central,Email,Damaged Goods,Low,AGENT_13,2026-05-16,2026-05-18,24.4,65.1,3,Resolved,No
TKT003508,CUST_008,West,Chat,Delivery Delay,Medium,AGENT_08,2026-06-05,2026-06-06,0.7,31.2,5,Resolved,No
TKT003859,CUST_139,East,Chat,Billing,Low,AGENT_06,2026-01-02,2026-01-05,20.2,91.1,5,Resolved,Yes
TKT001470,CUST_129,North,Phone,Delivery Delay,Medium,AGENT_14,2026-01-17,2026-01-19,7.0,63.9,4,Resolved,Yes
TKT004004,CUST_124,West,Portal,Billing,High,AGENT_02,2026-04-15,,5.3,,,Open,No
TKT000784,CUST_066,Central,Email,Account Access,Medium,AGENT_05,2026-03-01,2026-03-02,3.9,32.1,,Reopened,No
TKT004764,CUST_041,South,Chat,Other,Medium,AGENT_04,2026-06-08,2026-06-11,5.2,76.4,4,Resolved,Yes
TKT004374,CUST_006,North,Phone,Other,Medium,AGENT_07,2026-06-08,,14.7,,,Open,No
TKT004318,CUST_138,South,Portal,Delivery Delay,Medium,AGENT_05,2026-03-11,2026-03-11,14.8,18.7,1,Closed,No
TKT003016,CUST_064,South,Phone,Billing,Medium,AGENT_03,2026-05-26,2026-05-27,21.9,,,Reopened,Yes
TKT004611,CUST_055,North,Portal,Billing,Low,AGENT_01,2026-01-19,2026-01-24,13.4,142.4,5,Resolved,Yes
TKT004718,CUST_064,North,Email,Delivery Delay,Low,AGENT_11,2026-01-04,2026-01-09,4.5,134.0,5,Resolved,Yes
TKT004688,CUST_117,West,Portal,Damaged Goods,Medium,AGENT_14,2026-02-16,2026-02-19,8.3,78.8,3,Closed,Yes
TKT002803,CUST_020,East,Portal,Billing,Medium,AGENT_11,2026-02-11,2026-02-13,22.4,48.3,2,Resolved,Yes
TKT002324,CUST_140,West,Chat,Billing,Medium,AGENT_01,2026-02-01,,1.1,17.3,4,Resolved,No
TKT001394,CUST_055,North,Email,Delivery Delay,Medium,AGENT_14,2026-04-29,,13.2,,,Open,No
TKT003713,CUST_014,West,Email,Billing,Low,AGENT_05,2026-02-05,,8.7,,,Open,No
TKT001530,CUST_030,East,Email,Billing,Medium,AGENT_08,2026-01-12,2026-01-15,18.2,80.8,4,Resolved,Yes
TKT002911,CUST_096,West,Email,Billing,Medium,AGENT_13,2026-06-27,2026-06-28,1.8,40.6,4,Resolved,Yes
TKT003983,CUST_128,Central,Email,Other,Medium,AGENT_13,2026-06-06,2026-06-07,17.7,38.8,4,Resolved,Yes
TKT002716,CUST_061,South,Portal,Delivery Delay,High,AGENT_15,2026-02-20,,2.3,,,Open,No
TKT002689,CUST_013,Central,Chat,Delivery Delay,Low,AGENT_13,2026-04-16,2026-04-21,9.8,137.5,3,Resolved,Yes
TKT004779,CUST_126,North,Portal,Damaged Goods,Medium,AGENT_07,2026-02-25,2026-02-28,5.8,89.0,5,Resolved,Yes
TKT002218,CUST_080,North,Phone,Delivery Delay,Medium,AGENT_15,2026-06-14,2026-06-15,19.9,,4,Resolved,No
TKT001616,CUST_093,South,Phone,Account Access,Medium,AGENT_03,2026-01-02,2026-01-05,18.6,,5,Resolved,Yes
TKT004494,CUST_001,East,Portal,Damaged Goods,Low,AGENT_12,2026-01-15,2026-01-16,11.3,24.1,3,Closed,No
TKT004618,CUST_131,West,Portal,Other,Low,AGENT_06,2026-05-21,,47.7,78.6,3,Resolved,Yes
TKT000800,CUST_065,East,Chat,Billing,Medium,AGENT_14,2026-04-27,2026-04-27,1.1,13.5,3,Resolved,No
TKT003170,CUST_123,North,Email,Billing,Medium,AGENT_08,2026-03-07,2026-03-08,18.8,29.3,2,Resolved,No
TKT000924,CUST_139,East,Email,Other,Low,AGENT_08,2026-01-12,2026-01-15,26.6,88.7,4,Closed,Yes
TKT002025,CUST_106,East,Phone,Other,High,AGENT_03,2026-01-07,2026-01-07,5.2,,,Reopened,No
TKT002576,CUST_133,South,Portal,Other,Medium,AGENT_07,2026-02-21,2026-03-03,13.4,252.0,3,Resolved,Yes
TKT004200,CUST_113,North,Email,Delivery Delay,Medium,AGENT_15,2026-04-21,2026-04-23,18.6,69.6,3,Resolved,Yes
TKT001837,CUST_093,Central,Email,Other,Medium,AGENT_09,2026-05-08,2026-05-10,0.8,64.4,4,Resolved,Yes
TKT004797,CUST_135,South,Phone,Damaged Goods,Medium,AGENT_09,2026-04-09,,14.2,,,Open,No
TKT004390,CUST_035,North,Email,Delivery Delay,Low,AGENT_01,2026-06-22,2026-06-26,25.3,119.4,5,Resolved,Yes
TKT001695,CUST_119,East,Phone,Billing,Medium,AGENT_08,2026-01-11,,20.8,,,Open,No
TKT002064,CUST_090,West,Email,Other,Low,AGENT_14,2026-02-19,2026-02-21,25.2,51.5,4,Resolved,No
TKT000363,CUST_045,South,Phone,Account Access,Medium,AGENT_04,2026-06-26,2026-06-26,7.6,,2,Resolved,No
TKT004521,CUST_049,South,Phone,Billing,Medium,AGENT_09,2026-03-06,2026-03-07,19.7,34.8,,Reopened,No
TKT004708,CUST_128,North,Chat,Damaged Goods,Low,AGENT_06,2026-01-07,2026-01-12,24.6,142.1,4,Resolved,Yes
TKT004802,CUST_073,North,Chat,Other,High,AGENT_05,2026-06-07,2026-06-08,7.6,26.0,5,Resolved,Yes
TKT000655,CUST_131,Central,Chat,Damaged Goods,Low,AGENT_14,2026-01-01,2026-01-07,6.4,148.4,5,Resolved,Yes
TKT002148,CUST_132,South,Portal,Delivery Delay,High,AGENT_01,2026-04-21,2026-04-21,4.3,13.2,3,Resolved,Yes
TKT003203,CUST_141,North,Email,Delivery Delay,Low,AGENT_01,2026-06-25,2026-06-26,29.9,39.6,5,Resolved,No
TKT004195,CUST_009,Central,Phone,Account Access,Medium,AGENT_14,2026-02-02,,16.8,,,Open,No
TKT004656,CUST_113,Central,Email,Other,Medium,AGENT_09,2026-02-16,2026-02-18,1.7,69.3,5,Resolved,Yes
TKT001587,CUST_035,Central,Phone,Delivery Delay,Medium,AGENT_07,2026-03-21,2026-03-31,5.2,,3,Closed,Yes
TKT004546,CUST_021,Central,Email,Account Access,High,AGENT_14,2026-06-02,2026-06-02,4.7,22.8,4,Resolved,Yes
TKT001814,CUST_013,Central,Portal,Delivery Delay,Low,AGENT_13,2026-03-15,2026-03-17,22.6,54.2,4,Resolved,No
TKT003929,CUST_004,Central,Chat,Delivery Delay,Medium,AGENT_05,2026-05-28,2026-05-28,4.8,10.5,5,Resolved,No
TKT001838,CUST_113,South,Portal,Billing,Low,AGENT_12,2026-03-01,2026-03-02,6.1,36.7,5,Closed,No
TKT001718,CUST_120,Central,Email,Account Access,Medium,AGENT_04,2026-04-24,2026-04-24,6.2,19.9,,Reopened,No
TKT000605,CUST_082,East,Email,Other,Low,AGENT_04,2026-04-09,,34.1,,,Open,No
TKT000028,CUST_137,West,Chat,Billing,Low,AGENT_04,2026-06-28,2026-06-29,38.2,41.8,5,Resolved,No
TKT001489,CUST_042,West,Email,Delivery Delay,Low,AGENT_11,2026-04-14,,41.9,,,Open,No
TKT001400,CUST_073,South,Portal,Other,Medium,AGENT_06,2026-04-27,2026-04-28,20.9,26.8,4,Resolved,No
TKT003509,CUST_077,Central,Portal,Account Access,Low,AGENT_04,2026-05-07,2026-05-09,28.2,51.6,2,Resolved,No
TKT001713,CUST_103,East,Email,Billing,Medium,AGENT_13,2026-04-17,2026-04-19,15.9,63.1,,Reopened,Yes
TKT004190,CUST_081,East,Chat,Account Access,Medium,AGENT_13,2026-06-25,,19.0,65.3,2,Resolved,Yes
TKT000812,CUST_003,Central,Email,Damaged Goods,Low,AGENT_10,2026-01-24,2026-01-24,3.4,7.0,,Reopened,No
TKT001778,CUST_012,East,Email,Delivery Delay,Medium,AGENT_15,2026-03-29,2026-03-30,6.8,42.6,2,Resolved,Yes
TKT004461,CUST_081,North,Email,Billing,Medium,AGENT_06,2026-05-13,2026-05-15,22.8,67.5,2,Resolved,Yes
TKT002483,CUST_093,Central,Email,Billing,Critical,AGENT_06,2026-06-30,2026-06-30,0.8,5.1,3,Resolved,Yes
TKT000024,CUST_005,South,Phone,Billing,Medium,AGENT_14,2026-02-08,2026-02-10,1.9,,4,Resolved,Yes
TKT002739,CUST_061,South,Phone,Billing,Low,AGENT_01,2026-02-23,2026-02-25,23.0,,1,Resolved,No
TKT000179,CUST_102,Central,Chat,Account Access,Critical,AGENT_14,2026-06-11,2026-06-11,0.7,5.0,1,Resolved,Yes
TKT002079,CUST_108,South,Email,Damaged Goods,Medium,AGENT_11,2026-03-05,2026-03-07,0.8,62.5,3,Resolved,Yes
TKT004689,CUST_088,North,Email,Billing,Low,AGENT_03,2026-05-26,2026-05-28,35.1,59.4,5,Resolved,No
TKT002621,CUST_127,East,Phone,Delivery Delay,Low,AGENT_03,2026-06-10,,39.1,,,Open,No
TKT001099,CUST_101,North,Email,Other,Low,AGENT_13,2026-05-23,,15.8,,,Open,No
TKT000500,CUST_027,South,Chat,Account Access,Low,AGENT_15,2026-05-05,2026-05-10,24.2,133.7,2,Closed,Yes
TKT002276,CUST_056,North,Chat,Other,Medium,AGENT_14,2026-04-12,,9.3,56.4,3,Resolved,Yes
TKT000345,CUST_058,East,Email,Billing,Medium,AGENT_05,2026-04-05,2026-04-05,5.5,10.3,4,Resolved,No
TKT002592,CUST_065,North,Email,Billing,Medium,AGENT_12,2026-01-03,2026-01-04,7.0,33.4,5,Resolved,No
TKT001669,CUST_010,North,Email,Account Access,Medium,AGENT_15,2026-05-24,,22.4,,,Open,No
TKT002259,CUST_011,North,Chat,Damaged Goods,Medium,AGENT_04,2026-01-30,2026-02-01,14.9,61.9,,Reopened,Yes
TKT004192,CUST_027,North,Chat,Other,Low,AGENT_04,2026-06-06,2026-06-07,29.0,43.2,3,Resolved,No
TKT002285,CUST_102,South,Email,Account Access,Low,AGENT_01,2026-02-12,2026-02-16,36.2,102.6,3,Resolved,Yes
TKT002384,CUST_072,West,Portal,Damaged Goods,Medium,AGENT_15,2026-01-12,2026-01-12,14.1,17.9,5,Closed,No
TKT002798,CUST_116,South,Email,Other,Medium,AGENT_12,2026-05-22,2026-05-24,0.8,61.1,4,Closed,Yes
TKT002988,CUST_142,West,Email,Other,Low,AGENT_09,2026-01-04,2026-01-07,42.3,73.0,3,Closed,Yes
TKT002033,CUST_062,Central,Email,Billing,Low,AGENT_01,2026-06-12,2026-06-14,18.9,66.2,5,Closed,No
TKT003325,CUST_066,South,Email,Billing,High,AGENT_02,2026-03-22,2026-03-23,7.3,24.9,5,Resolved,Yes
TKT001086,CUST_097,Central,Chat,Damaged Goods,Low,AGENT_08,2026-02-23,2026-02-27,28.1,112.5,4,Resolved,Yes
TKT004009,CUST_002,North,Phone,Damaged Goods,Low,AGENT_02,2026-03-02,2026-03-04,7.2,,5,Resolved,No
TKT003896,CUST_033,Central,Email,Billing,Low,AGENT_13,2026-04-06,,10.2,22.7,5,Resolved,No
TKT003558,CUST_069,West,Chat,Delivery Delay,Low,AGENT_12,2026-01-23,,25.6,,,Open,No
TKT000256,CUST_060,West,Chat,Account Access,Medium,AGENT_12,2026-03-18,,12.2,59.2,2,Resolved,Yes
TKT003052,CUST_072,Central,Chat,Damaged Goods,Medium,AGENT_08,2026-06-06,2026-06-09,8.7,78.9,4,Resolved,Yes
TKT004115,CUST_030,South,Phone,Delivery Delay,Low,AGENT_13,2026-03-17,2026-03-22,33.1,,5,Resolved,Yes
TKT000934,CUST_150,East,Chat,Billing,Medium,AGENT_07,2026-06-05,2026-06-14,7.0,226.5,4,Resolved,Yes
TKT003520,CUST_117,East,Chat,Delivery Delay,High,AGENT_02,2026-02-06,2026-02-06,5.3,15.3,5,Resolved,Yes
TKT001664,CUST_148,East,Email,Billing,Medium,AGENT_12,2026-01-13,2026-01-15,9.6,60.3,4,Resolved,Yes
TKT004289,CUST_019,South,Email,Billing,Medium,AGENT_13,2026-04-25,,12.6,,,Open,No
TKT004120,CUST_061,West,Chat,Other,High,AGENT_01,2026-01-27,,3.6,23.4,4,Resolved,Yes
TKT004588,CUST_006,West,Chat,Delivery Delay,Critical,AGENT_07,2026-01-10,2026-01-11,1.9,36.2,,Reopened,Yes
TKT003400,CUST_076,North,Phone,Billing,Low,AGENT_09,2026-05-01,2026-05-06,16.1,,3,Resolved,Yes
TKT001263,CUST_002,West,Email,Billing,Medium,AGENT_09,2026-03-31,2026-04-03,8.3,75.9,,Reopened,Yes
TKT000960,CUST_069,North,Chat,Billing,Low,AGENT_09,2026-03-19,,45.8,,,Open,No
TKT001708,CUST_111,East,Email,Other,Medium,AGENT_10,2026-01-23,2026-01-24,3.5,32.6,,Reopened,No
TKT003560,CUST_103,North,Portal,Delivery Delay,Low,AGENT_15,2026-06-25,2026-06-28,47.7,85.2,5,Resolved,Yes
TKT003555,CUST_006,East,Chat,Account Access,Low,AGENT_11,2026-02-28,2026-03-05,16.5,127.8,5,Resolved,Yes
TKT003940,CUST_127,South,Email,Delivery Delay,High,AGENT_10,2026-04-02,2026-04-02,5.9,11.2,4,Resolved,No
TKT004962,CUST_138,West,Email,Billing,Critical,AGENT_14,2026-01-22,2026-01-22,1.2,6.6,4,Resolved,Yes
TKT000794,CUST_033,North,Chat,Billing,Medium,AGENT_04,2026-01-07,2026-01-09,16.1,61.0,4,Resolved,Yes
TKT001779,CUST_126,North,Email,Delivery Delay,Low,AGENT_15,2026-03-08,2026-03-10,37.2,63.8,3,Resolved,No
TKT004489,CUST_059,South,Phone,Account Access,Low,AGENT_08,2026-06-29,2026-07-03,3.9,,5,Closed,Yes
TKT002185,CUST_086,North,Phone,Billing,Low,AGENT_02,2026-01-14,,41.0,,,Open,No
TKT003301,CUST_031,East,Email,Other,Medium,AGENT_06,2026-04-09,2026-04-12,22.5,77.8,5,Resolved,Yes
TKT000883,CUST_137,South,Chat,Account Access,Low,AGENT_08,2026-06-17,2026-06-20,39.5,81.8,4,Resolved,Yes
TKT000327,CUST_001,Central,Chat,Delivery Delay,Low,AGENT_04,2026-01-19,2026-01-19,7.6,21.4,3,Resolved,No
TKT002446,CUST_121,Central,Chat,Account Access,Medium,AGENT_09,2026-05-31,2026-06-01,5.6,29.0,1,Resolved,No
TKT001393,CUST_025,Central,Chat,Delivery Delay,High,AGENT_13,2026-03-05,2026-03-05,3.2,6.7,4,Resolved,No
TKT003616,CUST_071,South,Email,Other,Low,AGENT_14,2026-03-12,,5.1,29.4,2,Closed,No
TKT003318,CUST_140,Central,Phone,Other,Medium,AGENT_03,2026-03-03,2026-03-06,21.6,,5,Resolved,Yes
TKT002875,CUST_031,East,Chat,Account Access,Critical,AGENT_05,2026-02-10,2026-02-10,1.1,6.5,3,Resolved,Yes
TKT004043,CUST_122,East,Email,Delivery Delay,High,AGENT_12,2026-01-22,2026-01-22,7.0,11.2,5,Resolved,No
TKT004529,CUST_150,North,Email,Other,Medium,AGENT_14,2026-05-07,2026-05-09,14.1,68.4,4,Resolved,Yes
TKT000539,CUST_060,North,Chat,Damaged Goods,High,AGENT_05,2026-05-14,2026-05-14,5.3,13.8,5,Resolved,Yes
TKT002308,CUST_080,West,Chat,Delivery Delay,Medium,AGENT_11,2026-01-27,2026-01-27,3.7,11.6,2,Closed,No
TKT003135,CUST_123,North,Portal,Delivery Delay,Critical,AGENT_05,2026-03-15,2026-03-15,1.0,5.8,5,Closed,Yes
TKT004823,CUST_105,West,Email,Damaged Goods,High,AGENT_15,2026-06-19,,6.4,15.8,4,Closed,Yes
TKT001715,CUST_043,West,Phone,Billing,Critical,AGENT_07,2026-04-19,,0.6,,,Reopened,Yes
TKT002838,CUST_144,East,Phone,Damaged Goods,High,AGENT_10,2026-05-22,2026-05-22,1.4,,3,Resolved,Yes
TKT000806,CUST_065,South,Email,Delivery Delay,High,AGENT_14,2026-01-18,2026-01-18,2.7,4.9,5,Resolved,No
TKT001819,CUST_025,South,Email,Damaged Goods,Critical,AGENT_09,2026-01-09,,1.2,5.8,2,Resolved,Yes
TKT004300,CUST_096,West,Chat,Account Access,Low,AGENT_03,2026-03-27,2026-04-02,46.3,160.8,4,Resolved,Yes
TKT001080,CUST_121,West,Email,Billing,Medium,AGENT_10,2026-02-26,,15.9,,,Open,No
TKT003456,CUST_134,North,Chat,Delivery Delay,High,AGENT_11,2026-03-26,2026-03-27,7.2,30.3,5,Closed,Yes
TKT004000,CUST_033,North,Phone,Billing,Medium,AGENT_03,2026-02-13,2026-02-15,14.5,,3,Resolved,Yes
TKT002844,CUST_118,South,Email,Delivery Delay,Low,AGENT_03,2026-06-13,2026-06-18,19.5,129.5,5,Resolved,Yes
TKT001054,CUST_091,Central,Chat,Billing,Critical,AGENT_12,2026-05-17,2026-05-17,0.8,3.0,4,Resolved,No
TKT004678,CUST_043,North,Phone,Billing,Medium,AGENT_02,2026-05-07,2026-05-09,4.4,,5,Resolved,Yes
TKT000844,CUST_147,South,Chat,Billing,Low,AGENT_10,2026-02-11,2026-02-14,36.0,83.7,5,Resolved,Yes
TKT003083,CUST_096,West,Email,Billing,Medium,AGENT_04,2026-04-10,2026-04-11,23.0,31.4,4,Resolved,No
TKT004766,CUST_072,East,Phone,Damaged Goods,High,AGENT_12,2026-02-13,2026-02-13,0.8,,5,Resolved,No
TKT001451,CUST_105,East,Chat,Delivery Delay,Medium,AGENT_13,2026-04-30,2026-04-30,11.3,20.3,,Reopened,No
TKT001239,CUST_148,Central,Portal,Billing,Medium,AGENT_08,2026-06-23,2026-06-24,13.5,41.6,5,Resolved,Yes
TKT004920,CUST_142,South,Chat,Account Access,Low,AGENT_10,2026-03-23,,47.9,56.9,4,Resolved,No
TKT001432,CUST_056,South,Chat,Other,High,AGENT_06,2026-02-21,2026-02-21,4.6,20.8,5,Closed,Yes
TKT001986,CUST_008,South,Chat,Damaged Goods,Medium,AGENT_12,2026-03-17,2026-03-20,6.3,73.8,5,Resolved,Yes
TKT000334,CUST_135,West,Chat,Billing,Medium,AGENT_15,2026-06-12,2026-06-14,12.4,63.4,5,Closed,Yes
TKT003184,CUST_049,West,Phone,Delivery Delay,Low,AGENT_03,2026-04-22,2026-04-23,24.1,,4,Resolved,No
TKT002105,CUST_028,Central,Email,Delivery Delay,Medium,AGENT_09,2026-03-26,,21.9,,,Open,No
TKT000761,CUST_150,West,Phone,Delivery Delay,Low,AGENT_01,2026-01-03,2026-01-08,28.4,,4,Resolved,Yes
TKT003782,CUST_078,South,Email,Billing,Critical,AGENT_09,2026-05-31,2026-05-31,1.0,5.5,5,Resolved,Yes
TKT003869,CUST_005,East,Phone,Delivery Delay,Critical,AGENT_13,2026-04-17,2026-04-17,1.6,,4,Resolved,No
TKT001945,CUST_051,West,Chat,Damaged Goods,High,AGENT_05,2026-06-14,2026-06-14,1.0,11.4,5,Resolved,No
TKT001124,CUST_088,North,Email,Account Access,High,AGENT_12,2026-01-25,2026-01-26,7.5,24.7,4,Resolved,Yes
TKT001110,CUST_099,East,Chat,Billing,Medium,AGENT_03,2026-05-06,2026-05-06,9.3,16.3,5,Resolved,No
TKT004935,CUST_103,South,Phone,Delivery Delay,Medium,AGENT_08,2026-01-04,,3.0,,,Open,No
TKT003249,CUST_088,North,Chat,Account Access,Medium,AGENT_06,2026-06-13,2026-06-14,9.9,25.5,4,Closed,No
TKT001391,CUST_065,South,Phone,Billing,Low,AGENT_02,,2026-01-16,24.1,,3,Resolved,Yes
TKT000481,CUST_131,East,Email,Damaged Goods,Medium,AGENT_01,2026-03-17,2026-03-18,5.1,-5.6,4,Resolved,No
TKT001438,CUST_124,West,Email,Billing,Medium,AGENT_13,,2026-01-06,3.9,33.0,5,Resolved,No
TKT001249,CUST_029,North,Phone,Billing,Medium,AGENT_12,2026-01-22,2026-01-23,14.2,,4,Resolved,No
TKT003333,CUST_023,Central,Phone,Billing,Low,AGENT_09,2026-01-09,2026-01-11,28.5,,3,Resolved,No
TKT004168,CUST_110,North,Chat,Delivery Delay,Low,AGENT_07,2026-05-30,2026-08-02,3.1,1544.8,3,Resolved,Yes
TKT000276,CUST_059,West,Chat,Damaged Goods,Medium,AGENT_06,2026-01-16,2026-01-19,9.8,77.8,5,Closed,Yes
TKT003010,CUST_076,North,Email,Billing,Low,AGENT_02,2026-04-06,2026-04-08,22.6,58.1,,Reopened,No
TKT004499,CUST_032,North,Portal,Billing,Critical,AGENT_13,2026-05-13,2026-05-13,1.2,4.3,5,Resolved,Yes
TKT001403,CUST_057,East,Chat,Billing,Medium,AGENT_12,2026-05-10,2026-05-12,8.4,49.7,5,Resolved,Yes
TKT002912,CUST_110,North,Chat,Other,Medium,AGENT_03,2026-05-12,2026-05-15,9.0,72.7,5,Resolved,Yes
TKT000848,CUST_088,North,Email,Billing,High,AGENT_10,2026-06-22,,3.4,25.9,5,Resolved,Yes
TKT002648,CUST_127,South,Chat,Billing,Medium,AGENT_08,2026-03-08,2026-03-10,6.9,66.5,5,Resolved,Yes
TKT000975,CUST_072,East,Portal,Account Access,Medium,AGENT_12,2026-05-26,2026-05-26,9.3,-8.7,5,Resolved,No
TKT000347,CUST_136,West,Email,Damaged Goods,Low,AGENT_06,2026-01-16,2026-01-20,32.9,116.5,1,Resolved,Yes
TKT000732,CUST_133,Central,Portal,Delivery Delay,Low,AGENT_15,2026-01-02,2026-01-03,27.0,46.1,5,Closed,No
TKT000400,CUST_113,East,Chat,Account Access,Medium,AGENT_05,2026-02-17,2026-02-18,5.3,34.5,,Reopened,No
TKT003149,CUST_099,West,Portal,Other,Low,AGENT_15,2026-05-10,2026-05-15,5.4,128.3,5,Resolved,Yes
TKT000797,CUST_006,West,Chat,Delivery Delay,Low,AGENT_06,2026-01-17,2026-01-20,16.6,-7.9,4,Resolved,Yes
TKT000160,CUST_014,North,Chat,Other,High,AGENT_10,2026-06-06,2026-06-06,3.9,15.3,2,Resolved,Yes
TKT003207,CUST_003,South,Email,Delivery Delay,Low,AGENT_12,2026-03-19,2026-03-24,35.3,120.9,4,Resolved,Yes
TKT004028,CUST_005,Central,Email,Billing,High,AGENT_03,2026-02-14,,2.4,,,Open,No
TKT002892,CUST_113,Central,Phone,Billing,Low,AGENT_05,2026-03-15,,43.7,,,Open,No
TKT002128,CUST_089,West,Phone,Billing,Medium,AGENT_03,2026-01-24,2026-01-25,13.8,,5,Closed,Yes
TKT004463,CUST_075,South,Chat,Delivery Delay,Low,AGENT_04,2026-02-15,2026-02-18,14.5,88.3,4,Resolved,Yes
TKT002967,CUST_144,Central,Email,Billing,High,AGENT_11,2026-04-12,2026-04-12,1.4,11.9,4,Resolved,No
TKT002669,CUST_051,South,Email,Billing,Medium,AGENT_06,2026-02-10,2026-02-12,12.1,67.2,4,Resolved,Yes
TKT004234,CUST_081,Central,Email,Billing,Low,AGENT_04,2026-06-17,2026-06-20,36.9,85.5,5,Resolved,Yes
TKT004834,CUST_041,West,Email,Damaged Goods,Low,AGENT_01,2026-05-29,2026-06-04,42.4,158.4,5,Resolved,Yes
TKT000171,CUST_097,North,Email,Other,Critical,AGENT_02,2026-06-07,2026-06-07,2.0,6.4,,Reopened,Yes
TKT004059,CUST_133,North,Chat,Billing,Low,AGENT_03,2026-02-02,2026-02-06,37.4,99.4,3,Resolved,Yes
TKT004750,CUST_103,Central,Portal,Account Access,Low,AGENT_04,2026-06-05,2026-06-11,32.5,144.1,2,Resolved,Yes
TKT004419,CUST_030,North,Email,Delivery Delay,Critical,AGENT_13,2026-03-03,2026-03-03,0.5,6.2,,Reopened,Yes
TKT004732,CUST_088,West,Email,Other,Low,AGENT_04,2026-03-09,2026-03-11,41.2,60.2,,Reopened,No
TKT002675,CUST_032,Central,Phone,Other,Medium,AGENT_07,2026-04-29,2026-05-11,23.5,,4,Closed,Yes
TKT002103,CUST_052,East,Chat,Other,Critical,AGENT_12,2026-03-02,,1.1,,,Open,No
TKT002697,CUST_036,South,Phone,Other,High,AGENT_15,2026-04-13,2026-04-14,2.9,,5,Resolved,Yes
TKT004646,CUST_126,West,Phone,Damaged Goods,High,AGENT_05,2026-02-12,2026-02-13,3.9,27.7,4,Resolved,Yes
TKT003647,CUST_019,East,Email,Other,Low,AGENT_07,2026-01-24,2026-03-12,18.8,1140.8,2,Resolved,Yes
TKT001190,CUST_051,South,Chat,Other,Low,AGENT_14,2026-05-25,,2.4,89.6,3,Resolved,Yes
TKT004049,CUST_097,Central,Email,Billing,Low,AGENT_04,2026-05-13,2026-05-18,3.7,124.1,4,Resolved,Yes
TKT001241,CUST_121,North,Phone,Billing,Medium,AGENT_15,2026-06-07,2026-06-08,5.1,,4,Resolved,No
TKT002730,CUST_114,East,Chat,Delivery Delay,Medium,AGENT_09,2026-03-22,2026-03-25,20.2,85.4,,Reopened,Yes
TKT001699,CUST_131,North,Chat,Billing,Low,AGENT_01,2026-05-20,2026-05-20,12.6,20.4,5,Resolved,No
TKT000283,CUST_061,North,Chat,Billing,High,AGENT_14,2026-03-05,,4.2,25.9,5,Resolved,Yes
TKT000673,CUST_086,West,Email,Billing,Low,AGENT_03,2026-03-28,2026-03-28,7.7,21.0,5,Resolved,No
TKT004696,CUST_044,Central,Chat,Damaged Goods,Medium,AGENT_12,2026-02-07,2026-02-07,5.8,7.9,5,Resolved,No
TKT000651,CUST_090,West,Email,Billing,Medium,AGENT_02,2026-03-02,2026-03-04,3.4,56.0,3,Resolved,Yes
TKT002429,CUST_001,North,Chat,Delivery Delay,Medium,AGENT_10,2026-04-14,2026-04-17,22.3,90.0,5,Closed,Yes
TKT003916,CUST_135,West,Portal,Other,Low,AGENT_01,2026-03-17,2026-03-19,15.9,53.5,4,Resolved,No
TKT002049,CUST_063,East,Chat,Account Access,Low,AGENT_15,2026-03-07,,4.1,,,Open,No
TKT001006,CUST_005,West,Phone,Damaged Goods,Low,AGENT_01,2026-04-18,2026-04-19,16.9,43.5,5,Closed,No
TKT004730,CUST_067,South,Email,Other,High,AGENT_09,2026-02-04,,0.7,,,Open,No
TKT002759,CUST_067,North,Email,Delivery Delay,Low,AGENT_02,2026-04-20,2026-04-26,24.1,162.8,4,Closed,Yes
TKT004975,CUST_065,East,Phone,Billing,Low,AGENT_04,2026-04-07,2026-04-13,44.4,,4,Closed,Yes
TKT003789,CUST_040,North,Email,Damaged Goods,Low,AGENT_15,2026-02-24,,32.3,61.5,,Reopened,No
TKT004711,CUST_028,North,Email,Delivery Delay,Low,AGENT_12,2026-06-04,2026-06-07,46.3,86.9,3,Resolved,Yes
TKT002753,CUST_141,North,Phone,Damaged Goods,Low,AGENT_14,2026-04-23,,7.4,,4,Closed,No
TKT000326,CUST_097,West,Chat,Delivery Delay,Medium,AGENT_10,2026-04-30,2026-05-01,8.4,41.1,1,Closed,Yes
TKT001818,CUST_102,East,Chat,Damaged Goods,Medium,AGENT_03,2026-04-11,2026-04-11,5.0,11.7,3,Resolved,No
TKT000747,CUST_104,West,Email,Damaged Goods,High,AGENT_03,2026-04-14,2026-04-14,7.7,18.8,5,Resolved,Yes
TKT000259,CUST_051,North,Phone,Billing,High,AGENT_15,2026-06-08,2026-06-08,3.9,,,Reopened,No
TKT000492,CUST_120,West,Email,Damaged Goods,Low,AGENT_04,2026-01-10,2026-01-10,17.3,23.8,5,Closed,No
TKT004767,CUST_133,North,Phone,Delivery Delay,Medium,AGENT_10,2026-01-10,2026-01-12,17.8,,,Reopened,Yes
TKT003825,CUST_073,West,Email,Delivery Delay,Low,AGENT_04,2026-05-29,2026-06-01,44.4,79.2,5,Resolved,Yes
TKT004556,CUST_009,South,Portal,Damaged Goods,Medium,AGENT_13,2026-06-08,2026-06-09,7.0,32.3,5,Resolved,No
TKT003852,CUST_006,East,Phone,Billing,Critical,AGENT_12,2026-06-07,2026-06-07,1.2,,4,Closed,Yes
TKT000813,CUST_050,West,Phone,Other,High,AGENT_04,2026-01-04,,3.3,,,Open,No
TKT000529,CUST_150,North,Portal,Other,Low,AGENT_06,2026-05-05,2026-05-11,18.1,144.6,5,Resolved,Yes
TKT001192,CUST_096,North,Chat,Delivery Delay,Critical,AGENT_10,2026-01-19,2026-01-19,0.6,5.1,4,Resolved,Yes
TKT003030,CUST_098,South,Chat,Damaged Goods,Low,AGENT_07,2026-02-25,2026-04-02,7.4,866.9,5,Resolved,Yes
TKT000456,CUST_037,East,Email,Billing,Low,AGENT_13,2026-03-26,,11.1,138.1,2,Resolved,Yes
TKT001433,CUST_137,North,Phone,Other,Medium,AGENT_01,2026-02-16,2026-02-17,10.6,30.2,4,Resolved,No
TKT002300,CUST_069,South,Email,Damaged Goods,Low,AGENT_04,2026-04-11,2026-04-13,21.1,55.5,,Reopened,No
TKT003646,CUST_014,North,Email,Other,Low,AGENT_07,2026-04-11,,5.8,408.1,5,Resolved,Yes
TKT001358,CUST_126,North,Portal,Damaged Goods,High,AGENT_08,2026-03-24,2026-03-25,6.0,28.2,4,Resolved,Yes
TKT000991,CUST_086,East,Phone,Account Access,Critical,AGENT_05,2026-03-07,2026-03-07,1.0,,5,Closed,No
TKT000101,CUST_019,South,Chat,Account Access,Medium,AGENT_14,2026-03-25,2026-03-26,12.5,44.1,4,Resolved,Yes
TKT004282,CUST_061,South,Email,Account Access,Medium,AGENT_11,2026-05-16,2026-05-16,6.4,19.0,5,Resolved,No
TKT001482,CUST_005,South,Email,Other,Critical,AGENT_13,2026-03-03,2026-03-03,0.8,4.8,5,Resolved,Yes
TKT000598,CUST_140,East,Portal,Delivery Delay,Critical,AGENT_07,2026-02-10,2026-02-12,1.8,52.4,4,Resolved,Yes
TKT004133,CUST_092,North,Chat,Account Access,High,AGENT_15,2026-03-24,2026-03-24,7.1,15.3,3,Resolved,Yes
TKT002116,CUST_051,West,Phone,Delivery Delay,High,AGENT_03,2026-06-19,2026-06-19,0.7,,,Reopened,No
TKT003884,CUST_038,West,Chat,Delivery Delay,Medium,AGENT_03,2026-01-17,2026-01-18,2.6,34.6,4,Resolved,No
TKT001134,CUST_085,West,Portal,Billing,Medium,AGENT_03,2026-04-21,2026-04-23,15.4,58.0,4,Resolved,Yes
TKT002316,CUST_050,South,Email,Account Access,Medium,AGENT_10,2026-06-23,2026-06-24,19.0,31.7,4,Resolved,No
TKT004784,CUST_121,Central,Chat,Billing,Medium,AGENT_10,2026-01-07,,18.6,,,Open,No
TKT001615,CUST_081,North,Chat,Account Access,Low,AGENT_04,2026-02-04,2026-02-06,45.0,62.0,2,Closed,No
TKT004063,CUST_093,West,Email,Damaged Goods,Low,AGENT_12,2026-05-18,2026-05-23,5.3,139.3,1,Resolved,Yes
TKT003331,CUST_145,West,Email,Account Access,Medium,AGENT_09,2026-03-23,2026-03-25,19.1,60.9,5,Resolved,Yes
TKT001706,CUST_074,Central,Email,Billing,Low,AGENT_08,2026-06-15,2026-06-17,9.2,48.0,5,Resolved,No
TKT002037,CUST_135,North,Phone,Delivery Delay,Medium,AGENT_04,2026-04-07,2026-04-08,5.6,,4,Resolved,Yes
TKT001248,CUST_082,West,Portal,Delivery Delay,Medium,AGENT_02,2026-02-01,2026-02-01,4.4,13.5,4,Resolved,No
TKT001911,CUST_004,South,Email,Other,High,AGENT_15,2026-04-16,2026-04-16,0.6,12.6,1,Resolved,Yes
TKT003914,CUST_146,West,Portal,Account Access,Low,AGENT_07,2026-04-28,2026-06-23,40.5,1361.7,5,Resolved,Yes
TKT002442,CUST_007,South,Chat,Billing,Critical,AGENT_09,2026-02-04,2026-02-04,1.0,3.9,5,Resolved,No
TKT001184,CUST_109,East,Email,Billing,Low,AGENT_03,2026-06-21,2026-06-26,31.9,142.2,5,Closed,Yes
TKT004319,CUST_120,East,Portal,Billing,Medium,AGENT_06,2026-02-17,2026-02-20,2.5,74.2,5,Resolved,Yes
TKT003593,CUST_024,East,Portal,Billing,Low,AGENT_07,2026-03-16,2026-04-03,43.2,449.6,5,Closed,Yes
TKT004068,CUST_147,East,Portal,Billing,High,AGENT_08,2026-03-10,2026-03-10,5.1,8.8,5,Closed,No
TKT003677,CUST_141,Central,Email,Billing,Critical,AGENT_01,2026-04-28,2026-04-28,1.4,6.7,4,Resolved,Yes
TKT002802,CUST_007,East,Phone,Account Access,Low,AGENT_12,2026-02-21,2026-02-23,1.3,,5,Resolved,No
TKT004290,CUST_047,West,Email,Delivery Delay,Low,AGENT_06,2026-01-04,2026-01-08,47.2,102.7,2,Resolved,Yes
TKT004448,CUST_094,Central,Chat,Billing,Critical,AGENT_07,2026-05-17,2026-05-18,1.3,42.1,3,Resolved,Yes
TKT003161,CUST_118,West,Phone,Delivery Delay,Low,AGENT_01,2026-02-13,2026-02-14,11.9,,3,Resolved,No
TKT001614,CUST_004,North,Email,Delivery Delay,Low,AGENT_06,2026-03-21,2026-03-26,23.0,121.6,4,Resolved,Yes
TKT003717,CUST_077,West,Email,Delivery Delay,Low,AGENT_02,2026-01-10,2026-01-16,41.2,150.6,4,Closed,Yes
TKT002307,CUST_140,South,Email,Delivery Delay,Low,AGENT_06,2026-03-30,2026-04-03,37.4,112.3,1,Closed,Yes
TKT001720,CUST_102,North,Email,Account Access,Low,AGENT_02,2026-03-23,2026-03-24,2.5,39.8,4,Resolved,No
TKT000313,CUST_001,East,Portal,Delivery Delay,Critical,AGENT_01,2026-05-06,,0.6,5.3,1,Resolved,Yes
TKT002577,CUST_088,East,Email,Account Access,Critical,AGENT_12,2026-02-10,2026-02-10,1.8,4.7,,Reopened,Yes
TKT004526,CUST_051,South,Chat,Other,High,AGENT_15,2026-03-04,,4.1,27.3,3,Resolved,Yes
TKT000939,CUST_148,South,Email,Billing,Low,AGENT_11,2026-05-26,2026-05-29,38.4,82.1,3,Resolved,Yes
TKT004701,CUST_051,South,Chat,Delivery Delay,Medium,AGENT_02,2026-05-14,2026-05-16,4.2,-6.8,5,Resolved,Yes
TKT001542,CUST_095,East,Chat,Billing,High,AGENT_15,2026-05-23,2026-05-23,4.6,10.0,4,Resolved,No
TKT002214,CUST_012,Central,Email,Delivery Delay,Critical,AGENT_07,2026-05-04,2026-05-05,1.5,33.1,,Reopened,Yes
TKT000646,CUST_032,West,Chat,Delivery Delay,Low,AGENT_03,2026-03-28,2026-04-02,8.7,-4.2,4,Resolved,Yes
TKT002956,CUST_128,West,Chat,Delivery Delay,Low,AGENT_02,2026-02-27,,39.4,,,Open,No
TKT000158,CUST_038,Central,Email,Account Access,High,AGENT_11,2026-05-01,2026-05-01,1.1,13.3,4,Resolved,Yes
TKT002515,CUST_027,Central,Email,Delivery Delay,Critical,AGENT_01,2026-06-11,2026-06-11,1.8,5.0,3,Resolved,Yes
TKT000411,CUST_085,North,Email,Billing,High,AGENT_14,2026-01-22,2026-01-22,6.8,21.2,3,Resolved,Yes
TKT001966,CUST_130,West,Email,Other,High,AGENT_05,2026-06-24,,1.6,16.6,2,Resolved,Yes
TKT001302,CUST_029,South,Phone,Billing,Low,AGENT_03,2026-03-14,,27.4,,5,Resolved,No
TKT004785,CUST_055,West,Chat,Other,High,AGENT_11,2026-02-03,,1.2,,,Open,No
TKT004517,CUST_020,South,Chat,Other,Low,AGENT_11,2026-03-09,2026-03-15,19.1,148.9,3,Resolved,Yes
TKT002663,CUST_038,North,Phone,Delivery Delay,Medium,AGENT_03,2026-03-01,2026-03-04,14.7,75.1,4,Resolved,Yes
TKT004350,CUST_086,Central,Portal,Billing,Medium,AGENT_13,2026-06-27,,1.1,-19.8,2,Resolved,No
TKT004971,CUST_056,Central,Email,Billing,Low,AGENT_11,2026-06-07,2026-06-09,5.0,48.3,,Reopened,No
TKT003348,CUST_046,West,Chat,Damaged Goods,Low,AGENT_08,2026-04-30,,27.3,,,Open,No
TKT002678,CUST_138,South,Chat,Account Access,Critical,AGENT_14,2026-05-12,2026-05-12,1.3,7.0,4,Resolved,Yes
TKT000758,CUST_138,Central,Phone,Delivery Delay,Low,AGENT_14,2026-02-16,2026-02-17,5.2,,4,Resolved,No
TKT000846,CUST_105,East,Phone,Other,Medium,AGENT_11,2026-04-15,2026-04-17,22.0,,4,Resolved,Yes
TKT000723,CUST_105,East,Email,Delivery Delay,Low,AGENT_14,2026-04-23,2026-04-27,46.9,111.8,,Reopened,Yes
TKT004430,CUST_105,North,Email,Account Access,Low,AGENT_15,2026-03-19,2026-03-24,47.0,130.3,5,Closed,Yes
TKT001396,CUST_136,North,Phone,Other,Low,AGENT_14,2026-03-24,2026-03-25,19.2,,3,Resolved,No
TKT001845,CUST_080,West,Email,Account Access,Medium,AGENT_10,2026-03-13,2026-03-13,6.7,17.5,5,Closed,No
TKT004966,CUST_115,Central,Email,Damaged Goods,Low,AGENT_15,2026-05-23,2026-05-26,16.6,87.0,,Reopened,Yes
TKT003448,CUST_132,West,Chat,Billing,Low,AGENT_12,2026-01-18,2026-01-22,29.1,100.1,5,Resolved,Yes
TKT000484,CUST_100,West,Phone,Delivery Delay,Low,AGENT_12,2026-05-21,,1.2,,4,Resolved,No
TKT001180,CUST_150,East,Email,Billing,Critical,AGENT_09,2026-01-18,2026-01-18,0.9,3.7,,Reopened,No
TKT003680,CUST_102,North,Portal,Other,Critical,AGENT_09,2026-06-01,2026-06-01,1.3,4.2,,Reopened,Yes
TKT003205,CUST_137,West,Email,Billing,Medium,AGENT_02,2026-06-11,2026-06-12,19.1,39.0,3,Resolved,Yes
TKT003503,CUST_033,North,Phone,Delivery Delay,Medium,AGENT_13,2026-04-26,2026-04-27,9.2,,5,Closed,No
TKT002785,CUST_109,South,Email,Delivery Delay,Low,AGENT_02,2026-03-07,,29.5,38.1,,Reopened,No
TKT001021,CUST_104,Central,Email,Billing,Medium,AGENT_14,2026-05-06,,23.5,,,Open,No
TKT003693,CUST_147,East,Email,Delivery Delay,Medium,AGENT_08,2026-06-17,2026-06-19,19.6,62.3,5,Resolved,Yes
TKT000709,CUST_028,North,Chat,Damaged Goods,Critical,AGENT_10,2026-05-06,2026-05-06,0.9,3.6,4,Closed,No
TKT004720,CUST_104,East,Chat,Account Access,Low,AGENT_02,2026-02-17,2026-02-17,16.9,19.5,,Reopened,No
TKT001623,CUST_083,East,Email,Billing,High,AGENT_09,2026-03-22,2026-03-22,7.0,21.2,5,Resolved,Yes
TKT000228,CUST_054,Central,Phone,Account Access,Low,AGENT_04,2026-06-16,2026-06-22,5.7,149.6,2,Resolved,Yes
TKT004682,CUST_058,West,Chat,Delivery Delay,Medium,AGENT_05,2026-04-19,2026-04-20,3.6,25.6,,Reopened,No
TKT002848,CUST_059,West,Portal,Delivery Delay,Low,AGENT_10,2026-03-08,2026-03-08,6.5,8.7,2,Resolved,No
TKT003849,CUST_025,Central,Email,Delivery Delay,High,AGENT_14,2026-03-18,2026-03-18,4.7,23.2,4,Resolved,Yes
TKT004140,CUST_076,West,Chat,Billing,Low,AGENT_02,2026-06-28,2026-07-03,29.5,122.0,5,Closed,Yes
TKT003583,CUST_063,East,Email,Other,Low,AGENT_15,2026-06-27,2026-06-28,21.1,25.9,5,Resolved,No
TKT004751,CUST_007,Central,Chat,Billing,Low,AGENT_11,2026-01-04,2026-01-09,29.6,137.9,2,Resolved,Yes
TKT000687,CUST_125,West,Portal,Billing,Critical,AGENT_10,2026-01-19,2026-01-19,1.4,-5.5,5,Resolved,Yes
TKT001170,CUST_089,Central,Portal,Billing,Critical,AGENT_04,2026-03-20,2026-03-20,1.1,4.5,4,Resolved,Yes
TKT004405,CUST_018,South,Email,Account Access,High,AGENT_06,2026-02-21,2026-02-21,1.2,14.5,5,Resolved,Yes
TKT004694,CUST_044,Central,Portal,Billing,Medium,AGENT_05,2026-03-26,,19.3,63.7,4,Closed,Yes
TKT001653,CUST_007,South,Email,Billing,Critical,AGENT_14,2026-06-24,2026-06-24,0.9,6.8,3,Resolved,Yes
TKT001448,CUST_149,East,Portal,Billing,Medium,AGENT_06,2026-02-23,2026-02-26,4.9,76.8,4,Resolved,Yes
TKT004476,CUST_071,East,Chat,Damaged Goods,Critical,AGENT_04,2026-02-28,,1.7,,,Open,No
TKT004681,CUST_112,South,Email,Damaged Goods,High,AGENT_13,2026-01-14,,3.0,,,Open,No
TKT003221,CUST_026,West,Phone,Damaged Goods,Low,AGENT_10,2026-01-20,2026-01-24,28.8,100.5,5,Resolved,Yes
TKT002368,CUST_012,West,Email,Other,Medium,AGENT_02,2026-02-17,2026-02-19,1.8,52.0,4,Closed,Yes
TKT002076,CUST_119,South,Portal,Delivery Delay,High,AGENT_10,2026-05-08,,2.7,,,Open,No
TKT000989,CUST_125,East,Email,Delivery Delay,High,AGENT_13,2026-04-28,2026-04-29,3.0,27.0,4,Resolved,Yes
TKT004648,CUST_129,West,Portal,Account Access,Low,AGENT_05,2026-01-12,,38.9,77.7,5,Resolved,Yes
TKT004091,CUST_129,South,Chat,Billing,Medium,AGENT_02,2026-02-02,2026-02-03,5.3,41.4,,Reopened,Yes
TKT004753,CUST_109,Central,Email,Account Access,High,AGENT_08,2026-05-13,2026-05-14,6.4,27.1,3,Resolved,Yes
TKT001473,CUST_123,East,Chat,Billing,High,AGENT_11,2026-04-08,2026-04-08,6.0,17.4,3,Closed,Yes
TKT002636,CUST_142,East,Chat,Delivery Delay,High,AGENT_11,2026-01-28,2026-01-28,4.2,13.7,5,Resolved,Yes
TKT004524,CUST_095,Central,Chat,Account Access,Low,AGENT_05,2026-05-22,2026-05-24,38.2,55.1,4,Closed,No
TKT004414,CUST_126,North,Portal,Other,Critical,AGENT_13,2026-06-26,2026-06-26,1.5,5.3,4,Closed,Yes
TKT001724,CUST_098,West,Portal,Account Access,High,AGENT_14,2026-03-08,,1.3,,,Open,No
TKT004714,CUST_020,Central,Phone,Delivery Delay,High,AGENT_02,2026-04-20,2026-04-20,6.0,,,Reopened,Yes
TKT002024,CUST_009,West,Email,Billing,Medium,AGENT_12,2026-01-14,,4.2,76.0,4,Resolved,Yes
TKT003479,CUST_095,Central,Chat,Billing,High,AGENT_10,2026-04-15,,3.0,,,Open,No
TKT000618,CUST_024,Central,Phone,Other,High,AGENT_03,2026-04-18,,2.5,,,Open,No
TKT002722,CUST_067,West,Phone,Billing,Low,AGENT_04,2026-05-23,2026-05-25,16.3,,5,Closed,No
TKT001133,CUST_150,South,Email,Account Access,Critical,AGENT_03,2026-01-18,2026-01-18,1.5,5.6,3,Resolved,Yes
TKT002343,CUST_137,Central,Email,Account Access,Low,AGENT_06,2026-01-15,2026-01-16,36.6,44.3,,Reopened,No
TKT000077,CUST_124,East,Email,Other,Low,AGENT_06,2026-04-18,2026-04-21,32.4,74.1,5,Resolved,Yes
TKT002189,CUST_073,East,Chat,Damaged Goods,Low,AGENT_13,2026-05-04,2026-05-06,10.6,55.3,4,Resolved,No
TKT004537,CUST_084,North,Phone,Delivery Delay,Low,AGENT_08,2026-04-18,2026-04-25,31.6,,2,Resolved,Yes
TKT001194,CUST_131,East,Email,Delivery Delay,Low,AGENT_13,2026-01-30,,16.5,,,Open,No
TKT001751,CUST_053,East,Email,Other,Low,AGENT_07,2026-05-17,2026-06-05,16.3,458.3,,Reopened,Yes
TKT004950,CUST_047,North,Email,Delivery Delay,Low,AGENT_14,2026-02-26,2026-03-01,35.2,91.5,5,Resolved,Yes
TKT000650,CUST_105,Central,Phone,Billing,Low,AGENT_08,2026-06-05,2026-06-07,31.1,,5,Closed,No
TKT002070,CUST_056,North,Email,Delivery Delay,Low,AGENT_03,2026-06-15,,28.9,,,Open,No
TKT001292,CUST_015,Central,Email,Delivery Delay,Critical,AGENT_05,2026-05-22,2026-05-22,1.7,5.2,1,Resolved,Yes
TKT003213,CUST_032,West,Phone,Delivery Delay,Low,AGENT_02,2026-04-25,2026-04-30,25.4,,5,Resolved,Yes
TKT004862,CUST_068,Central,Email,Damaged Goods,Low,AGENT_10,2026-02-11,2026-02-14,5.4,81.3,5,Resolved,Yes
TKT000693,CUST_078,North,Email,Damaged Goods,High,AGENT_01,2026-04-28,,7.4,24.1,2,Resolved,Yes
TKT004996,CUST_088,South,Portal,Damaged Goods,Low,AGENT_07,2026-06-05,2026-08-12,31.0,1655.8,2,Closed,Yes
TKT004365,CUST_030,East,Phone,Account Access,High,AGENT_05,,2026-04-28,3.6,,5,Resolved,Yes
TKT002378,CUST_094,Central,Chat,Billing,Low,AGENT_09,2026-05-16,2026-05-20,24.6,114.0,4,Resolved,Yes
TKT000047,CUST_054,Central,Phone,Other,Medium,AGENT_12,2026-02-24,2026-02-26,23.3,,4,Resolved,Yes
TKT004337,CUST_109,Central,Portal,Billing,Medium,AGENT_15,2026-02-20,2026-02-20,1.2,4.3,4,Resolved,No
TKT001354,CUST_045,West,Chat,Delivery Delay,Medium,AGENT_14,2026-01-21,2026-01-22,4.8,32.7,4,Resolved,No
TKT003368,CUST_078,South,Email,Delivery Delay,Medium,AGENT_03,2026-04-22,,0.6,46.1,5,Closed,Yes
TKT003387,CUST_131,West,Chat,Billing,Low,AGENT_02,2026-02-16,2026-02-17,35.5,37.8,3,Closed,No
TKT001255,CUST_030,East,Email,Account Access,Critical,AGENT_12,2026-04-02,2026-04-02,1.2,4.7,2,Resolved,Yes
TKT000229,CUST_020,Central,Chat,Delivery Delay,Medium,AGENT_07,2026-05-12,2026-05-28,23.2,391.1,3,Closed,Yes
TKT000951,CUST_109,Central,Chat,Damaged Goods,Medium,AGENT_04,2026-04-20,2026-04-22,2.0,70.7,4,Closed,Yes
TKT002932,CUST_122,South,Portal,Billing,Medium,AGENT_01,2026-03-18,2026-03-19,4.1,43.5,5,Resolved,Yes
TKT000153,CUST_079,South,Portal,Billing,Medium,AGENT_03,2026-06-21,2026-06-23,12.8,61.2,4,Resolved,Yes
TKT002718,CUST_136,West,Portal,Account Access,Medium,AGENT_11,2026-01-11,2026-01-14,19.5,73.2,4,Resolved,Yes
TKT003880,CUST_063,South,Email,Billing,Medium,AGENT_12,2026-04-01,2026-04-02,8.3,39.1,4,Closed,Yes
TKT001879,CUST_028,North,Phone,Delivery Delay,Medium,AGENT_15,2026-05-27,2026-05-29,2.3,,5,Resolved,Yes
TKT000480,CUST_144,West,Email,Billing,Medium,AGENT_01,2026-06-24,2026-06-27,21.0,92.0,3,Resolved,Yes
TKT004062,CUST_010,Central,Chat,Damaged Goods,Low,AGENT_13,2026-05-10,2026-05-16,38.6,156.6,3,Resolved,Yes
TKT001289,CUST_129,South,Email,Delivery Delay,Low,AGENT_07,2026-03-05,,9.7,,,Open,No
TKT004187,CUST_024,Central,Phone,Account Access,Low,AGENT_13,2026-03-28,,16.7,,3,Resolved,Yes
TKT004268,CUST_105,North,Phone,Billing,High,AGENT_15,2026-05-09,,5.4,,,Open,No
TKT002945,CUST_088,East,Chat,Account Access,Low,AGENT_03,2026-03-08,2026-03-13,5.0,122.9,4,Resolved,Yes
TKT002920,CUST_048,West,Portal,Damaged Goods,Low,AGENT_02,2026-01-23,2026-01-25,15.0,51.9,5,Resolved,No
TKT004536,CUST_107,West,Phone,Billing,Medium,AGENT_11,2026-06-11,,20.9,,4,Closed,Yes
TKT001029,CUST_044,West,Chat,Billing,Low,AGENT_03,2026-01-25,2026-01-26,17.6,40.5,5,Resolved,No
TKT001172,CUST_138,East,Portal,Delivery Delay,Medium,AGENT_04,2026-03-02,2026-03-02,6.2,23.3,5,Resolved,No
TKT004570,CUST_010,South,Chat,Billing,Medium,AGENT_03,2026-02-25,2026-02-27,16.0,49.1,5,Resolved,Yes
TKT004635,CUST_080,West,Chat,Other,Low,AGENT_09,2026-02-04,2026-02-09,6.2,139.4,5,Resolved,Yes
TKT002444,CUST_040,North,Chat,Other,Medium,AGENT_09,2026-04-13,2026-04-15,12.6,56.4,5,Closed,Yes
TKT003216,CUST_136,Central,Email,Other,Low,AGENT_01,2026-02-22,,25.1,52.3,3,Resolved,No
TKT002287,CUST_002,West,Chat,Account Access,Critical,AGENT_02,2026-05-17,2026-05-17,0.8,3.4,2,Resolved,No
TKT001368,CUST_011,East,Chat,Damaged Goods,Critical,AGENT_02,2026-05-15,2026-05-15,1.0,5.4,4,Resolved,Yes
TKT001514,CUST_019,West,Email,Delivery Delay,Low,AGENT_12,2026-03-16,2026-03-22,32.7,146.1,,Reopened,Yes
TKT004149,CUST_083,East,Chat,Delivery Delay,Critical,AGENT_13,2026-02-14,2026-02-14,1.2,5.7,2,Resolved,Yes
TKT000773,CUST_009,North,Chat,Other,Medium,AGENT_04,2026-04-15,2026-04-16,16.5,44.8,5,Resolved,Yes
TKT004392,CUST_030,East,Email,Other,Low,AGENT_06,2026-05-22,2026-05-24,33.4,64.0,4,Resolved,No
TKT000255,CUST_144,West,Chat,Damaged Goods,Medium,AGENT_04,2026-03-21,2026-03-22,5.0,33.0,5,Resolved,No
TKT004844,CUST_127,East,Email,Damaged Goods,High,AGENT_07,2026-05-04,2026-05-13,4.8,222.8,3,Resolved,Yes
TKT003552,CUST_138,East,Chat,Other,Medium,AGENT_11,2026-02-04,2026-02-07,21.5,77.9,5,Closed,Yes
TKT000849,CUST_070,North,Portal,Account Access,Critical,AGENT_08,2026-06-18,2026-06-18,1.0,5.6,5,Resolved,Yes
TKT000362,CUST_050,North,Email,Account Access,Critical,AGENT_05,2026-03-28,2026-03-28,1.3,6.5,1,Resolved,Yes
TKT002851,CUST_067,Central,Portal,Delivery Delay,Medium,AGENT_13,2026-04-25,2026-04-25,6.9,13.8,5,Resolved,No
TKT003921,CUST_141,South,Chat,Billing,Critical,AGENT_12,2026-04-17,2026-04-17,1.4,6.2,5,Closed,Yes
TKT003198,CUST_046,East,Chat,Other,Medium,AGENT_04,2026-04-27,2026-04-28,16.0,38.9,1,Resolved,Yes
TKT003912,CUST_041,North,Email,Delivery Delay,Medium,AGENT_13,2026-05-01,2026-05-02,14.6,25.3,5,Resolved,No
TKT004084,CUST_027,North,Portal,Other,Low,AGENT_05,2026-03-08,2026-03-11,45.0,83.6,,Reopened,Yes
TKT002799,CUST_026,North,Email,Billing,Medium,AGENT_08,2026-06-18,2026-06-19,13.4,31.2,4,Resolved,No
TKT004093,CUST_098,South,Phone,Billing,Medium,AGENT_04,2026-01-07,,5.7,36.9,,Reopened,Yes
TKT002346,CUST_074,West,Chat,Billing,Medium,AGENT_15,2026-06-23,2026-06-26,16.7,86.8,,Reopened,Yes
TKT002687,CUST_084,East,Email,Delivery Delay,Medium,AGENT_13,2026-06-05,2026-06-06,21.9,29.3,,Reopened,No
TKT002680,CUST_131,South,Phone,Billing,Medium,AGENT_03,2026-03-27,,5.6,,,Open,No
TKT004369,CUST_018,West,Email,Delivery Delay,Medium,AGENT_13,2026-02-13,2026-02-14,6.2,27.8,4,Resolved,No
TKT003067,CUST_149,North,Phone,Billing,Critical,AGENT_09,2026-01-12,2026-01-12,1.9,,5,Closed,Yes
TKT002114,CUST_056,West,Chat,Other,High,AGENT_05,2026-03-01,,6.7,,,Open,No
TKT004296,CUST_024,West,Portal,Billing,Medium,AGENT_08,2026-04-08,2026-04-09,20.0,33.5,4,Resolved,No
TKT002857,CUST_099,West,Phone,Delivery Delay,Medium,AGENT_02,,2026-03-11,5.7,,4,Resolved,Yes
TKT002359,CUST_149,Central,Chat,Billing,Medium,AGENT_12,2026-03-10,,20.0,,,Open,No
TKT001112,CUST_037,Central,Email,Delivery Delay,Low,AGENT_08,2026-02-23,2026-02-25,29.8,55.6,3,Resolved,No
TKT004130,CUST_001,West,Chat,Damaged Goods,Low,AGENT_06,2026-06-30,,11.7,,,Open,No
TKT004846,CUST_081,West,Chat,Delivery Delay,Medium,AGENT_11,2026-02-08,,8.8,,,Open,No
TKT000567,CUST_006,North,Chat,Billing,Critical,AGENT_12,2026-02-18,2026-02-18,1.9,5.7,5,Closed,Yes
TKT004136,CUST_109,South,Phone,Billing,High,AGENT_05,2026-05-06,2026-05-07,4.2,,4,Closed,Yes
TKT003822,CUST_105,West,Phone,Billing,Medium,AGENT_05,2026-04-08,,17.8,,3,Resolved,Yes
TKT002906,CUST_015,West,Phone,Account Access,Critical,AGENT_04,2026-05-30,,0.9,,4,Resolved,Yes
TKT004565,CUST_084,South,Email,Billing,High,AGENT_02,2026-06-28,,4.9,,,Open,No
TKT002585,CUST_094,North,Phone,Account Access,Medium,AGENT_15,2026-01-19,2026-01-19,4.7,,3,Resolved,No
TKT002131,CUST_007,North,Chat,Account Access,Medium,AGENT_08,2026-06-14,2026-06-16,4.0,70.6,3,Closed,Yes
TKT000626,CUST_119,Central,Phone,Damaged Goods,High,AGENT_06,2026-03-16,2026-03-16,7.6,,4,Resolved,No
TKT000170,CUST_105,North,Phone,Account Access,Critical,AGENT_12,2026-01-22,,1.9,5.8,3,Resolved,Yes
TKT003039,CUST_068,East,Email,Damaged Goods,High,AGENT_01,2026-05-08,2026-05-08,3.3,11.1,4,Resolved,No
TKT004188,CUST_148,South,Portal,Delivery Delay,High,AGENT_12,2026-01-01,2026-01-01,1.5,21.5,3,Resolved,Yes
TKT004312,CUST_059,North,Phone,Billing,Low,AGENT_07,2026-01-24,2026-03-15,28.4,,5,Closed,Yes
TKT003372,CUST_142,West,Phone,Billing,High,AGENT_04,2026-06-02,2026-06-03,2.4,,5,Resolved,Yes
TKT003340,CUST_045,East,Email,Delivery Delay,Critical,AGENT_12,2026-05-28,,1.5,,,Open,No
TKT002615,CUST_011,North,Chat,Delivery Delay,High,AGENT_01,2026-04-20,2026-04-20,2.0,12.0,5,Resolved,No
TKT001763,CUST_139,Central,Portal,Other,Medium,AGENT_02,2026-03-17,2026-03-18,17.0,28.0,,Reopened,No
TKT000141,CUST_105,South,Portal,Account Access,Critical,AGENT_10,2026-03-06,2026-03-06,0.8,4.7,5,Resolved,Yes
TKT000460,CUST_053,West,Email,Billing,High,AGENT_04,2026-02-20,2026-02-20,1.5,5.4,3,Resolved,No
TKT004912,CUST_095,North,Chat,Billing,High,AGENT_04,2026-01-28,,7.2,22.7,5,Resolved,Yes
TKT001471,CUST_042,West,Chat,Billing,Medium,AGENT_06,2026-06-02,2026-06-04,20.5,-3.6,5,Resolved,Yes
TKT004469,CUST_115,West,Phone,Billing,Medium,AGENT_02,2026-02-06,2026-02-07,1.2,35.8,5,Resolved,No
TKT003201,CUST_018,South,Chat,Damaged Goods,Low,AGENT_10,2026-06-08,2026-06-13,20.7,135.4,3,Closed,Yes
TKT003740,CUST_096,East,Email,Billing,Low,AGENT_08,2026-03-02,2026-03-06,46.9,106.7,,Reopened,Yes
TKT002019,CUST_132,Central,Chat,Delivery Delay,Low,AGENT_10,2026-06-24,2026-06-27,40.9,75.0,5,Resolved,Yes
TKT002645,CUST_029,Central,Chat,Account Access,High,AGENT_04,2026-03-26,2026-03-26,2.0,6.2,4,Closed,No
TKT001869,CUST_122,North,Email,Delivery Delay,Medium,AGENT_13,2026-02-20,2026-02-21,20.0,-7.5,4,Resolved,No
TKT001049,CUST_029,Central,Email,Account Access,Low,AGENT_06,2026-04-15,2026-04-19,45.7,108.4,4,Resolved,Yes
TKT001160,CUST_122,West,Phone,Billing,Low,AGENT_03,2026-05-09,2026-05-11,22.9,60.3,4,Resolved,No
TKT002323,CUST_109,South,Email,Delivery Delay,Low,AGENT_02,2026-01-25,2026-01-29,42.3,106.7,5,Closed,Yes
TKT003342,CUST_114,Central,Phone,Billing,High,AGENT_10,2026-01-11,2026-01-11,1.0,13.1,4,Resolved,Yes
TKT000021,CUST_062,West,Chat,Billing,Medium,AGENT_07,2026-04-13,2026-05-04,10.8,510.9,3,Resolved,Yes
TKT002990,CUST_101,Central,Phone,Delivery Delay,Medium,AGENT_14,2026-05-24,2026-05-26,22.8,,5,Resolved,Yes
TKT002815,CUST_100,East,Email,Damaged Goods,Critical,AGENT_03,2026-03-22,,1.8,,,Open,No
TKT004061,CUST_034,North,Chat,Other,Medium,AGENT_03,2026-05-20,,20.1,,,Open,No
TKT000847,CUST_120,South,Chat,Billing,Medium,AGENT_03,2026-06-23,2026-06-24,11.6,29.7,5,Closed,No
TKT003750,CUST_023,Central,Phone,Billing,Low,AGENT_12,2026-04-02,2026-04-07,7.5,,5,Resolved,Yes
TKT002453,CUST_069,South,Chat,Damaged Goods,Low,AGENT_04,2026-05-27,2026-06-01,33.9,121.7,4,Resolved,Yes
TKT001662,CUST_079,South,Email,Account Access,Medium,AGENT_12,2026-04-08,2026-04-08,3.9,16.2,5,Closed,No
TKT001840,CUST_075,North,Chat,Delivery Delay,Medium,AGENT_03,2026-01-22,2026-01-23,5.2,42.4,3,Closed,Yes
TKT003895,CUST_080,East,Email,Account Access,Medium,AGENT_11,2026-02-17,,10.7,78.7,5,Resolved,Yes
TKT004012,CUST_067,East,Chat,Billing,Low,AGENT_15,2026-05-05,2026-05-11,39.0,165.4,2,Closed,Yes
TKT000904,CUST_098,North,Chat,Other,Low,AGENT_02,2026-05-12,,13.2,85.2,4,Resolved,Yes
TKT000309,CUST_105,East,Portal,Billing,High,AGENT_01,,2026-05-15,1.8,25.3,4,Resolved,Yes
TKT003059,CUST_013,North,Chat,Other,Medium,AGENT_05,2026-03-31,2026-04-01,12.9,44.2,5,Resolved,Yes
TKT001007,CUST_027,Central,Email,Account Access,Medium,AGENT_13,2026-01-29,,9.9,,,Open,No
TKT000479,CUST_105,North,Chat,Account Access,High,AGENT_04,2026-04-23,2026-04-23,4.1,14.9,5,Resolved,Yes
TKT001162,CUST_039,East,Email,Delivery Delay,Medium,AGENT_06,2026-06-26,2026-06-28,11.0,62.2,4,Resolved,Yes
TKT002852,CUST_073,Central,Phone,Account Access,Low,AGENT_05,2026-03-19,,38.5,,5,Closed,Yes
TKT003942,CUST_083,Central,Chat,Delivery Delay,Critical,AGENT_04,2026-01-13,2026-01-13,1.2,6.1,,Reopened,Yes
TKT000417,CUST_013,Central,Chat,Delivery Delay,Low,AGENT_15,2026-03-18,2026-03-24,29.6,150.5,,Reopened,Yes
TKT001434,CUST_019,East,Email,Billing,Medium,AGENT_01,2026-02-28,2026-03-01,22.1,28.3,4,Closed,No
TKT003444,CUST_074,East,Chat,Billing,Medium,AGENT_13,2026-06-16,2026-06-19,13.4,77.2,4,Resolved,Yes
TKT000152,CUST_126,East,Chat,Delivery Delay,Critical,AGENT_10,2026-03-24,2026-03-24,0.7,4.1,4,Resolved,Yes
TKT002791,CUST_002,West,Phone,Billing,Medium,AGENT_01,2026-01-26,2026-01-27,8.4,,5,Closed,No
TKT002521,CUST_076,South,Email,Other,Medium,AGENT_01,2026-05-13,2026-05-14,22.8,31.6,,Reopened,No
TKT003978,CUST_061,South,Email,Delivery Delay,High,AGENT_15,2026-01-04,2026-01-04,0.9,11.4,3,Resolved,No
TKT002757,CUST_085,Central,Phone,Billing,High,AGENT_07,2026-01-10,2026-01-15,4.4,,2,Resolved,Yes
TKT004908,CUST_009,East,Chat,Billing,Medium,AGENT_11,2026-04-30,2026-05-01,21.4,-3.7,2,Resolved,Yes
TKT000391,CUST_004,Central,Email,Delivery Delay,Medium,AGENT_14,2026-04-12,2026-04-14,8.8,60.5,4,Resolved,Yes
TKT003220,CUST_052,West,Chat,Delivery Delay,Low,AGENT_03,2026-01-28,,30.7,109.5,4,Resolved,Yes
TKT003791,CUST_079,North,Email,Billing,Critical,AGENT_03,2026-01-01,,0.7,4.6,3,Resolved,Yes
TKT001002,CUST_007,Central,Email,Damaged Goods,Low,AGENT_10,2026-05-28,2026-05-29,9.7,43.5,4,Resolved,No
TKT001467,CUST_102,West,Chat,Billing,High,AGENT_12,2026-06-15,,1.7,12.9,5,Resolved,Yes
TKT001584,CUST_126,South,Chat,Billing,High,AGENT_03,2026-01-27,,2.5,9.8,3,Resolved,No
TKT001861,CUST_006,East,Phone,Account Access,Low,AGENT_11,2026-05-09,2026-05-12,47.4,,5,Resolved,Yes
TKT002860,CUST_081,South,Chat,Damaged Goods,Low,AGENT_04,2026-06-04,,24.1,,,Open,No
TKT001902,CUST_093,East,Chat,Delivery Delay,Medium,AGENT_03,2026-03-31,2026-04-02,1.8,65.2,4,Resolved,Yes
TKT004549,CUST_036,North,Phone,Delivery Delay,Medium,AGENT_06,2026-01-31,2026-01-31,21.0,,5,Closed,No
TKT002520,CUST_145,West,Email,Delivery Delay,Medium,AGENT_13,2026-03-21,,21.5,,,Open,No
TKT001787,CUST_039,North,Chat,Damaged Goods,Medium,AGENT_04,2026-01-19,2026-01-22,5.0,72.6,3,Resolved,Yes
TKT000918,CUST_067,East,Phone,Damaged Goods,Critical,AGENT_11,2026-05-10,2026-05-10,1.6,,4,Resolved,Yes
TKT001367,CUST_110,East,Phone,Delivery Delay,Medium,AGENT_15,2026-02-28,2026-03-03,16.6,,5,Resolved,Yes
TKT002635,CUST_137,Central,Chat,Other,High,AGENT_06,2026-01-14,2026-01-14,1.2,17.9,2,Closed,Yes
TKT004041,CUST_119,West,Portal,Billing,Low,AGENT_12,2026-03-28,2026-03-28,13.7,21.4,4,Resolved,No
TKT003614,CUST_085,East,Chat,Damaged Goods,Medium,AGENT_02,2026-01-10,2026-01-11,1.3,29.8,5,Resolved,No
TKT002917,CUST_122,East,Portal,Billing,Medium,AGENT_04,2026-02-12,2026-02-14,2.4,60.4,,Reopened,Yes
TKT003151,CUST_052,Central,Email,Account Access,High,AGENT_11,2026-05-08,2026-05-08,7.1,23.5,4,Resolved,Yes
TKT003458,CUST_058,East,Email,Damaged Goods,Low,AGENT_15,2026-05-28,2026-05-30,42.3,69.0,,Reopened,No
TKT002232,CUST_030,Central,Portal,Billing,Low,AGENT_09,2026-06-29,2026-07-05,30.7,167.3,5,Resolved,Yes
TKT002810,CUST_109,East,Phone,Other,Medium,AGENT_06,2026-06-24,,4.2,,,Open,No
TKT004279,CUST_070,Central,Email,Account Access,Medium,AGENT_08,2026-01-10,,18.3,,,Open,No
TKT003826,CUST_002,East,Phone,Billing,Critical,AGENT_10,2026-02-11,,0.7,,,Open,No
TKT003178,CUST_015,Central,Phone,Billing,Medium,AGENT_14,2026-02-10,2026-02-11,2.6,32.8,5,Resolved,No
TKT000716,CUST_150,West,Chat,Account Access,High,AGENT_01,2026-03-08,2026-03-08,6.9,17.5,,Reopened,Yes
TKT000447,CUST_042,North,Chat,Damaged Goods,Critical,AGENT_14,2026-06-29,2026-06-29,1.0,5.1,5,Closed,Yes
TKT004634,CUST_076,North,Chat,Delivery Delay,Medium,AGENT_04,2026-03-28,2026-03-30,8.6,68.0,5,Closed,Yes
TKT002488,CUST_040,West,Chat,Other,Low,AGENT_02,2026-04-27,2026-04-30,18.4,86.5,2,Closed,Yes
TKT003661,CUST_147,North,Email,Damaged Goods,Low,AGENT_09,2026-03-23,,47.5,150.5,5,Resolved,Yes
TKT000071,CUST_069,South,Portal,Account Access,Low,AGENT_13,2026-05-05,,38.4,100.5,,Reopened,Yes
TKT004511,CUST_003,Central,Email,Billing,Critical,AGENT_11,2026-04-29,2026-04-29,1.8,7.0,5,Resolved,Yes
TKT003991,CUST_121,West,Chat,Billing,High,AGENT_11,2026-02-17,,3.8,,,Open,No
TKT000318,CUST_135,Central,Phone,Other,Low,AGENT_12,2026-01-05,,14.8,,4,Resolved,No
TKT001137,CUST_038,West,Chat,Billing,Low,AGENT_04,2026-06-26,2026-07-02,12.6,154.1,3,Resolved,Yes
TKT001039,CUST_073,West,Phone,Delivery Delay,High,AGENT_10,2026-06-16,2026-06-16,3.9,,3,Closed,Yes
TKT004424,CUST_036,North,Email,Other,Medium,AGENT_12,2026-04-25,2026-04-27,22.7,55.5,5,Resolved,Yes
TKT003262,CUST_002,West,Chat,Other,High,AGENT_01,2026-05-06,2026-05-06,6.0,11.8,1,Resolved,No
TKT000992,CUST_129,West,Email,Damaged Goods,Critical,AGENT_15,2026-03-19,2026-03-19,1.0,6.6,4,Resolved,Yes
TKT001964,CUST_056,West,Email,Account Access,Low,AGENT_14,2026-03-16,2026-03-17,17.0,38.4,5,Closed,No
TKT000039,CUST_142,North,Email,Delivery Delay,Low,AGENT_07,2026-02-01,,10.1,1131.2,4,Resolved,Yes
TKT002846,CUST_079,Central,Email,Account Access,Critical,AGENT_03,2026-05-02,2026-05-02,0.5,4.3,5,Resolved,Yes
TKT001070,CUST_143,North,Portal,Account Access,Medium,AGENT_04,2026-01-27,,1.4,37.3,4,Closed,Yes
TKT004861,CUST_025,East,Chat,Delivery Delay,High,AGENT_12,2026-02-06,2026-02-06,1.8,22.9,5,Resolved,Yes
TKT004125,CUST_024,East,Email,Billing,Medium,AGENT_15,2026-01-29,2026-01-31,0.8,67.9,5,Resolved,Yes
TKT002034,CUST_044,East,Chat,Damaged Goods,Medium,AGENT_06,2026-06-04,2026-06-06,20.6,60.1,4,Resolved,Yes
TKT004502,CUST_074,North,Chat,Account Access,High,AGENT_02,2026-01-03,2026-01-03,4.6,16.4,3,Resolved,Yes
TKT001517,CUST_103,West,Phone,Account Access,Low,AGENT_04,2026-06-24,2026-06-29,12.5,,,Reopened,Yes
TKT000438,CUST_037,East,Email,Account Access,Critical,AGENT_01,2026-05-16,2026-05-16,1.8,5.5,5,Closed,Yes
TKT004914,CUST_050,South,Phone,Billing,Medium,AGENT_05,2026-04-26,,23.8,,3,Resolved,Yes
TKT001579,CUST_056,Central,Email,Billing,High,AGENT_04,2026-05-17,2026-05-17,2.1,6.1,2,Resolved,No
TKT004488,CUST_008,South,Chat,Account Access,Low,AGENT_09,2026-05-21,2026-05-25,44.9,113.4,3,Resolved,Yes
TKT003739,CUST_136,West,Phone,Other,Medium,AGENT_05,2026-06-14,2026-06-16,21.8,,,Reopened,Yes
TKT000189,CUST_098,East,Email,Other,Low,AGENT_01,2026-06-08,2026-06-11,4.9,87.9,2,Closed,Yes
TKT002554,CUST_024,South,Email,Billing,Critical,AGENT_04,2026-02-10,2026-02-10,0.7,2.8,4,Closed,No
TKT002200,CUST_015,West,Email,Billing,Low,AGENT_14,2026-03-24,2026-03-29,43.7,120.8,4,Resolved,Yes
TKT001823,CUST_105,North,Email,Billing,Low,AGENT_09,2026-03-28,2026-04-01,32.5,108.0,4,Resolved,Yes
TKT004848,CUST_006,South,Chat,Delivery Delay,High,AGENT_06,2026-05-15,2026-05-15,3.7,9.2,4,Resolved,No
TKT000078,CUST_141,Central,Email,Account Access,Low,AGENT_05,2026-05-28,2026-05-31,40.3,73.6,4,Resolved,Yes
TKT000584,CUST_134,North,Portal,Other,Low,AGENT_07,2026-03-08,,42.2,,,Open,No
TKT001537,CUST_022,South,Email,Billing,Medium,AGENT_06,2026-02-18,,16.3,36.5,,Reopened,Yes
TKT002354,CUST_048,West,Portal,Billing,Low,AGENT_09,2026-04-26,2026-05-01,44.4,139.8,5,Closed,Yes
TKT003741,CUST_053,North,Phone,Delivery Delay,Low,AGENT_12,2026-01-04,,45.6,,,Open,No
TKT001310,CUST_071,North,Email,Other,High,AGENT_06,2026-02-19,2026-02-19,1.3,16.1,4,Closed,Yes
TKT004153,CUST_122,Central,Chat,Delivery Delay,High,AGENT_01,2026-06-20,2026-06-20,2.4,4.6,3,Resolved,No
TKT001118,CUST_084,South,Portal,Delivery Delay,Medium,AGENT_07,2026-01-28,2026-02-20,2.8,557.1,4,Resolved,Yes
TKT004204,CUST_137,South,Chat,Damaged Goods,Medium,AGENT_15,2026-02-01,2026-02-02,10.5,30.0,,Reopened,No
TKT000052,CUST_099,North,Phone,Other,High,AGENT_12,2026-03-04,2026-03-04,2.7,9.7,3,Closed,No
TKT001729,CUST_140,West,Portal,Billing,Low,AGENT_03,2026-05-07,2026-05-11,46.0,103.1,4,Resolved,Yes
TKT003835,CUST_121,East,Email,Delivery Delay,Low,AGENT_12,2026-06-06,2026-06-10,25.2,104.7,5,Resolved,Yes
TKT000922,CUST_080,North,Chat,Billing,Critical,AGENT_15,2026-06-15,2026-06-15,1.7,6.9,5,Resolved,Yes
TKT004498,CUST_094,East,Portal,Other,High,AGENT_10,2026-05-28,2026-05-29,5.4,28.9,4,Resolved,Yes
TKT004680,CUST_094,Central,Chat,Delivery Delay,Low,AGENT_02,2026-02-04,2026-02-07,9.5,72.8,1,Resolved,Yes
TKT003174,CUST_057,Central,Chat,Account Access,High,AGENT_05,2026-01-23,2026-01-23,7.8,18.5,5,Resolved,Yes
TKT000683,CUST_092,West,Email,Billing,High,AGENT_15,2026-01-24,2026-01-25,2.1,25.1,4,Resolved,Yes
TKT002942,CUST_116,North,Chat,Billing,Medium,AGENT_14,2026-04-23,,22.7,39.6,4,Resolved,Yes
TKT001041,CUST_114,South,Phone,Damaged Goods,Medium,AGENT_02,2026-06-04,2026-06-06,7.0,,3,Resolved,Yes
TKT002616,CUST_038,East,Portal,Delivery Delay,Low,AGENT_10,2026-04-29,2026-05-05,33.8,144.5,2,Resolved,Yes
TKT000511,CUST_083,North,Phone,Billing,Medium,AGENT_08,2026-06-13,2026-06-16,3.8,74.7,4,Resolved,Yes
TKT004359,CUST_105,North,Phone,Billing,Low,AGENT_03,2026-05-29,2026-06-03,24.9,,5,Resolved,Yes
TKT004021,CUST_004,East,Phone,Delivery Delay,Medium,AGENT_11,2026-06-29,2026-06-30,6.4,,4,Resolved,Yes
TKT000513,CUST_096,West,Phone,Delivery Delay,Medium,AGENT_07,2026-01-27,2026-02-28,13.8,,4,Resolved,Yes
TKT000300,CUST_078,Central,Portal,Delivery Delay,Medium,AGENT_03,2026-02-28,2026-03-01,0.9,26.0,5,Resolved,No
TKT003311,CUST_013,Central,Chat,Delivery Delay,Critical,AGENT_13,2026-03-19,,0.9,5.1,3,Resolved,Yes
TKT000750,CUST_140,South,Email,Damaged Goods,Medium,AGENT_13,2026-03-15,2026-03-18,20.8,81.1,,Reopened,Yes
TKT000149,CUST_104,Central,Phone,Delivery Delay,Critical,AGENT_09,2026-01-06,2026-01-06,1.6,3.6,,Reopened,No
TKT003066,CUST_046,South,Email,Damaged Goods,Low,AGENT_13,2026-04-04,2026-04-07,2.1,93.9,4,Resolved,Yes
TKT000997,CUST_025,South,Email,Billing,Medium,AGENT_02,2026-02-01,,22.5,,,Open,No
TKT000521,CUST_100,West,Email,Account Access,Medium,AGENT_07,2026-06-21,2026-07-04,16.5,314.0,5,Resolved,Yes
TKT000738,CUST_116,East,Phone,Billing,Critical,AGENT_12,2026-01-04,2026-01-04,0.9,,3,Resolved,No
TKT004134,CUST_114,North,Chat,Delivery Delay,Medium,AGENT_11,2026-01-29,2026-01-31,13.3,57.4,4,Closed,Yes
TKT001788,CUST_108,North,Chat,Damaged Goods,Medium,AGENT_12,2026-05-03,2026-05-05,3.1,60.3,3,Resolved,Yes
TKT002501,CUST_134,West,Email,Damaged Goods,Critical,AGENT_14,2026-01-11,2026-01-11,0.5,3.5,2,Resolved,No
TKT001652,CUST_121,East,Phone,Other,Medium,AGENT_10,2026-02-04,2026-02-07,16.5,,,Reopened,Yes
TKT000908,CUST_103,Central,Phone,Account Access,Low,AGENT_14,2026-06-17,2026-06-22,10.9,,3,Resolved,Yes
TKT000006,CUST_090,East,Phone,Delivery Delay,High,AGENT_15,2026-03-04,2026-03-04,1.3,,4,Closed,No
TKT000636,CUST_069,Central,Chat,Damaged Goods,Medium,AGENT_05,2026-05-07,2026-05-08,11.6,25.3,3,Resolved,No
TKT000994,CUST_114,North,Email,Damaged Goods,Low,AGENT_15,2026-01-12,,42.7,,,Open,No
TKT003433,CUST_057,East,Chat,Account Access,Low,AGENT_09,2026-03-16,2026-03-20,27.5,99.7,5,Resolved,Yes
TKT001721,CUST_051,North,Phone,Delivery Delay,Low,AGENT_02,2026-05-14,2026-05-18,1.3,,3,Resolved,Yes
TKT000032,CUST_087,South,Chat,Account Access,High,AGENT_12,2026-02-10,,3.3,14.0,4,Resolved,Yes
TKT002372,CUST_039,North,Chat,Delivery Delay,Medium,AGENT_14,2026-03-07,2026-03-08,7.5,47.5,4,Resolved,Yes
TKT003196,CUST_013,South,Portal,Account Access,Low,AGENT_14,2026-01-29,2026-01-29,17.0,23.3,2,Closed,No
TKT004516,CUST_054,Central,Phone,Billing,Low,AGENT_14,2026-04-14,2026-04-20,24.6,,4,Resolved,Yes
TKT004404,CUST_101,North,Chat,Billing,Medium,AGENT_12,2026-01-13,2026-01-15,2.3,67.4,2,Resolved,Yes
TKT000290,CUST_036,East,Chat,Damaged Goods,Medium,AGENT_08,2026-01-27,,21.1,,,Open,No
TKT001322,CUST_062,North,Email,Account Access,Low,AGENT_08,2026-03-26,,33.3,,,Open,No
TKT003823,CUST_059,Central,Phone,Delivery Delay,Low,AGENT_13,2026-04-21,,12.0,,,Open,No
TKT004127,CUST_122,West,Email,Billing,Medium,AGENT_13,2026-04-07,,4.9,66.1,5,Resolved,Yes
TKT001884,CUST_019,East,Chat,Account Access,Medium,AGENT_05,2026-01-25,2026-01-26,15.6,34.9,2,Resolved,No
TKT003999,CUST_101,West,Email,Account Access,Medium,AGENT_09,2026-02-28,2026-03-01,17.2,30.3,4,Resolved,No
TKT002365,CUST_061,Central,Chat,Billing,Low,AGENT_01,2026-02-28,2026-03-04,41.0,116.6,5,Resolved,Yes
TKT002704,CUST_054,East,Chat,Account Access,Low,AGENT_11,2026-02-24,2026-03-01,5.3,132.4,3,Resolved,Yes
TKT003748,CUST_097,East,Email,Billing,Critical,AGENT_01,2026-04-26,2026-04-26,1.0,6.8,4,Resolved,Yes
TKT000379,CUST_040,Central,Chat,Delivery Delay,Critical,AGENT_09,2026-02-22,,1.4,6.5,4,Resolved,Yes
TKT000579,CUST_068,South,Email,Delivery Delay,High,AGENT_08,2026-01-10,2026-01-10,5.5,8.8,5,Resolved,No
TKT004768,CUST_084,South,Portal,Billing,High,AGENT_15,2026-02-15,2026-02-15,0.8,21.4,3,Resolved,Yes
TKT001937,CUST_092,North,Chat,Delivery Delay,High,AGENT_10,,2026-06-15,1.5,7.1,5,Resolved,No
TKT003587,CUST_027,East,Chat,Billing,Medium,AGENT_01,2026-04-01,2026-04-02,2.9,32.6,3,Resolved,No
TKT000392,CUST_116,West,Portal,Damaged Goods,Low,AGENT_04,2026-06-18,2026-06-22,30.7,97.5,3,Resolved,Yes
TKT004974,CUST_101,Central,Phone,Other,Medium,AGENT_15,2026-02-17,2026-02-19,2.8,,4,Resolved,Yes
TKT000593,CUST_138,South,Chat,Damaged Goods,Low,AGENT_04,2026-05-28,2026-05-31,46.7,87.3,5,Resolved,Yes
TKT003815,CUST_016,East,Email,Other,Low,AGENT_12,2026-06-27,2026-06-29,32.1,65.7,5,Resolved,No
TKT004029,CUST_065,Central,Chat,Billing,High,AGENT_15,2026-03-28,,4.9,,,Open,No
TKT001481,CUST_025,South,Email,Billing,Critical,AGENT_10,2026-01-24,2026-01-24,0.6,3.7,4,Resolved,No
TKT004896,CUST_117,South,Email,Other,Medium,AGENT_13,2026-05-10,2026-05-10,2.8,16.6,4,Resolved,No
TKT000517,CUST_019,West,Email,Delivery Delay,Low,AGENT_13,2026-03-21,2026-03-27,28.2,149.3,2,Resolved,Yes
TKT004399,CUST_016,Central,Portal,Delivery Delay,Medium,AGENT_09,2026-05-28,2026-05-31,1.9,72.5,5,Resolved,Yes
TKT003712,CUST_145,South,Chat,Other,Critical,AGENT_07,2026-05-21,2026-05-24,2.0,85.2,5,Closed,Yes
TKT000835,CUST_056,West,Email,Delivery Delay,Medium,AGENT_11,2026-04-03,2026-04-04,11.5,38.8,4,Resolved,Yes
TKT001933,CUST_139,North,Email,Delivery Delay,High,AGENT_09,2026-04-21,2026-04-21,1.0,9.4,5,Resolved,No
TKT001900,CUST_004,Central,Email,Billing,Low,AGENT_11,2026-05-28,2026-05-31,16.4,75.8,2,Resolved,Yes
TKT003405,CUST_065,East,Portal,Delivery Delay,Medium,AGENT_10,2026-06-22,,8.0,,,Open,No
TKT004960,CUST_125,West,Phone,Damaged Goods,High,AGENT_04,2026-04-01,2026-04-02,6.3,,5,Resolved,Yes
TKT003599,CUST_067,West,Chat,Delivery Delay,Low,AGENT_05,2026-05-26,,33.5,,,Open,No
TKT001490,CUST_021,North,Email,Account Access,High,AGENT_12,2026-06-27,2026-06-28,7.0,25.7,4,Resolved,Yes
TKT001810,CUST_140,North,Phone,Billing,Low,AGENT_12,2026-05-29,2026-06-03,34.5,140.3,2,Resolved,Yes
TKT003315,CUST_037,South,Email,Account Access,Low,AGENT_01,2026-05-19,,9.2,,,Open,No
TKT001283,CUST_061,South,Email,Damaged Goods,Critical,AGENT_11,2026-06-11,2026-06-11,1.8,6.5,3,Resolved,Yes
TKT004286,CUST_146,South,Email,Damaged Goods,Low,AGENT_10,2026-05-27,2026-06-01,24.1,129.6,5,Resolved,Yes
TKT001232,CUST_118,West,Chat,Other,Medium,AGENT_10,2026-02-09,2026-02-10,7.2,28.0,,Reopened,No
TKT000878,CUST_124,North,Chat,Billing,Low,AGENT_04,2026-05-23,2026-05-25,36.7,67.4,5,Resolved,No
TKT004262,CUST_132,East,Phone,Delivery Delay,High,AGENT_12,2026-05-24,2026-05-24,4.2,,5,Resolved,Yes
TKT003830,CUST_137,East,Email,Account Access,Medium,AGENT_05,2026-05-07,,9.6,,,Open,No
TKT003967,CUST_045,South,Chat,Account Access,Critical,AGENT_13,2026-04-04,,1.2,6.2,3,Resolved,Yes
TKT004214,CUST_130,South,Phone,Billing,High,AGENT_04,2026-06-22,2026-06-22,1.9,,2,Closed,Yes
TKT004164,CUST_069,West,Chat,Account Access,High,AGENT_07,2026-04-01,2026-04-13,6.2,289.5,4,Resolved,Yes
TKT002880,CUST_110,North,Email,Delivery Delay,Medium,AGENT_05,2026-02-20,2026-02-22,18.2,63.6,5,Resolved,Yes
TKT003472,CUST_077,West,Email,Delivery Delay,Medium,AGENT_03,2026-01-18,2026-01-21,10.3,82.3,5,Resolved,Yes
TKT003923,CUST_091,Central,Phone,Billing,Medium,AGENT_14,2026-01-02,,4.9,,,Reopened,No
TKT000241,CUST_137,North,Portal,Delivery Delay,Medium,AGENT_08,2026-06-30,2026-07-01,10.9,34.0,5,Resolved,No
TKT001407,CUST_031,Central,Email,Billing,Medium,AGENT_02,2026-05-10,2026-05-11,0.7,37.5,3,Resolved,Yes
TKT000741,CUST_068,North,Phone,Billing,Low,AGENT_05,2026-05-31,2026-06-03,25.7,,5,Resolved,Yes
TKT003531,CUST_139,South,Email,Billing,Low,AGENT_10,2026-03-01,2026-03-06,29.5,133.7,4,Resolved,Yes
TKT001908,CUST_073,Central,Email,Damaged Goods,Medium,AGENT_12,2026-06-14,2026-06-17,20.5,86.5,5,Resolved,Yes
TKT004503,CUST_126,Central,Phone,Delivery Delay,Critical,AGENT_10,2026-04-14,2026-04-14,1.8,,4,Resolved,Yes
TKT000645,CUST_128,West,Email,Billing,Medium,AGENT_12,2026-06-28,2026-06-30,20.8,57.4,4,Resolved,Yes
TKT001094,CUST_130,South,Chat,Billing,High,AGENT_14,2026-06-13,2026-06-13,5.5,12.0,,Reopened,No
TKT002536,CUST_036,Central,Email,Billing,High,AGENT_04,2026-06-20,2026-06-20,4.5,19.1,5,Resolved,Yes
TKT003251,CUST_137,West,Email,Account Access,Medium,AGENT_10,2026-01-17,2026-01-18,7.3,42.0,4,Resolved,Yes
TKT002717,CUST_009,Central,Portal,Billing,High,AGENT_09,2026-04-22,2026-04-23,6.0,25.7,3,Resolved,Yes
TKT002130,CUST_041,Central,Portal,Delivery Delay,Low,AGENT_09,2026-03-09,,10.1,,,Open,No
TKT003234,CUST_084,East,Chat,Other,Low,AGENT_05,2026-04-06,2026-04-10,39.2,96.9,5,Resolved,Yes
TKT002375,CUST_067,Central,Portal,Account Access,Critical,AGENT_05,2026-04-17,2026-04-17,1.6,4.9,3,Resolved,Yes
TKT002591,CUST_122,West,Chat,Damaged Goods,Medium,AGENT_09,2026-04-13,,3.5,8.8,3,Resolved,No
TKT003573,CUST_083,West,Chat,Billing,High,AGENT_04,2026-06-04,,4.7,,,Open,No
TKT002042,CUST_127,East,Email,Account Access,High,AGENT_03,2026-05-13,2026-05-13,1.6,17.7,5,Resolved,Yes
TKT003375,CUST_013,West,Email,Account Access,Medium,AGENT_15,2026-03-04,2026-03-06,24.0,53.6,3,Resolved,Yes
TKT001375,CUST_149,Central,Chat,Account Access,Critical,AGENT_02,2026-05-04,,0.6,,,Open,No
TKT004196,CUST_055,West,Phone,Billing,Low,AGENT_01,2026-01-28,,27.1,,,Open,No
TKT000613,CUST_056,East,Email,Account Access,Medium,AGENT_12,2026-06-13,2026-06-16,10.1,78.9,5,Resolved,Yes
TKT004321,CUST_133,South,Chat,Damaged Goods,Medium,AGENT_05,2026-04-09,2026-04-09,10.1,19.8,4,Closed,No
TKT002450,CUST_046,West,Email,Billing,Critical,AGENT_10,2026-03-24,,0.7,,,Open,No
TKT002352,CUST_094,North,Chat,Other,High,AGENT_05,2026-01-30,2026-01-31,7.7,24.3,,Reopened,Yes
TKT001314,CUST_009,North,Email,Delivery Delay,Critical,AGENT_08,2026-02-08,,1.9,-13.0,4,Resolved,Yes
TKT001442,CUST_029,North,Chat,Damaged Goods,Critical,AGENT_04,2026-06-07,2026-06-07,0.7,6.6,5,Resolved,Yes
TKT004968,CUST_128,North,Chat,Billing,High,AGENT_15,2026-05-15,,3.1,20.8,3,Resolved,Yes
TKT000406,CUST_087,West,Email,Other,Medium,AGENT_05,2026-06-02,,15.5,,,Open,No
TKT001131,CUST_106,Central,Chat,Account Access,Low,AGENT_05,2026-05-25,,47.6,165.6,5,Resolved,Yes
TKT002610,CUST_096,West,Portal,Delivery Delay,Low,AGENT_04,2026-06-03,2026-06-04,8.3,25.0,4,Resolved,No
TKT002971,CUST_035,West,Email,Billing,Medium,AGENT_13,2026-03-09,2026-03-10,6.0,45.4,2,Resolved,Yes
TKT002326,CUST_055,South,Portal,Delivery Delay,Medium,AGENT_13,2026-03-12,2026-03-14,15.5,66.0,5,Resolved,Yes
TKT001855,CUST_146,West,Chat,Billing,High,AGENT_13,2026-01-21,,7.7,,,Open,No
TKT004193,CUST_133,South,Chat,Delivery Delay,High,AGENT_10,2026-03-27,2026-03-27,5.5,19.7,4,Resolved,Yes
TKT002454,CUST_145,East,Portal,Account Access,High,AGENT_10,2026-04-27,2026-04-27,6.5,23.2,4,Resolved,Yes
TKT003756,CUST_092,West,Email,Account Access,Low,AGENT_11,2026-04-19,,16.2,112.4,5,Resolved,Yes
TKT002449,CUST_121,East,Portal,Delivery Delay,High,AGENT_15,2026-06-20,2026-06-20,1.1,5.3,,Reopened,No
TKT002090,CUST_112,South,Chat,Other,Low,AGENT_13,2026-05-27,2026-06-01,38.5,129.4,5,Resolved,Yes
TKT001096,CUST_088,Central,Chat,Account Access,Critical,AGENT_09,2026-05-25,,0.7,2.9,4,Resolved,No
TKT003924,CUST_105,North,Phone,Delivery Delay,Critical,AGENT_03,2026-05-04,2026-05-04,1.9,,5,Closed,Yes
TKT000107,CUST_121,West,Email,Delivery Delay,Medium,AGENT_14,2026-02-15,2026-02-17,11.3,68.5,5,Resolved,Yes
TKT002496,CUST_078,East,Email,Billing,High,AGENT_06,2026-05-03,2026-05-03,7.7,14.8,,Reopened,Yes
TKT001876,CUST_062,North,Email,Billing,High,AGENT_04,2026-02-25,,4.2,24.2,4,Resolved,Yes
TKT000358,CUST_018,North,Email,Billing,High,AGENT_11,2026-01-25,2026-01-25,5.9,23.4,5,Closed,Yes
TKT004500,CUST_102,Central,Email,Billing,Medium,AGENT_01,2026-06-27,2026-06-28,5.0,47.0,4,Resolved,Yes
TKT001598,CUST_083,North,Chat,Account Access,Low,AGENT_07,2026-02-25,2026-04-03,10.3,910.2,,Reopened,Yes
TKT002140,CUST_129,North,Phone,Billing,Low,AGENT_14,2026-04-17,,20.5,,3,Resolved,No
TKT003176,CUST_138,South,Email,Delivery Delay,Medium,AGENT_14,2026-01-18,2026-01-19,13.4,45.4,5,Closed,Yes
TKT001859,CUST_128,East,Email,Billing,Low,AGENT_11,2026-01-06,2026-01-07,19.0,45.6,5,Resolved,No
TKT002824,CUST_047,East,Email,Delivery Delay,Low,AGENT_02,2026-04-07,2026-04-11,4.9,108.6,3,Resolved,Yes
TKT002705,CUST_062,South,Phone,Account Access,Medium,AGENT_05,2026-01-01,2026-01-02,10.6,,5,Resolved,No
TKT002204,CUST_142,South,Email,Other,Low,AGENT_02,2026-01-26,2026-01-28,43.8,70.2,,Reopened,No
TKT002826,CUST_027,South,Email,Billing,Low,AGENT_15,2026-03-30,2026-04-01,33.2,63.4,5,Resolved,No
TKT004385,CUST_047,North,Phone,Billing,Low,AGENT_05,2026-04-02,2026-04-03,3.8,35.9,,Reopened,No
TKT002022,CUST_078,East,Email,Billing,Low,AGENT_08,2026-04-08,2026-04-09,32.5,38.2,5,Resolved,No
TKT004076,CUST_055,Central,Email,Delivery Delay,Low,AGENT_11,2026-03-05,2026-03-10,42.1,139.2,5,Resolved,Yes
TKT000036,CUST_037,North,Email,Billing,High,AGENT_01,2026-06-04,2026-06-04,5.4,7.9,4,Resolved,No
TKT003505,CUST_129,South,Chat,Other,Low,AGENT_06,2026-06-22,2026-06-24,8.6,65.5,2,Resolved,No
TKT002266,CUST_009,West,Chat,Other,Medium,AGENT_01,2026-05-19,,16.5,,,Open,No
TKT001038,CUST_023,West,Email,Delivery Delay,Medium,AGENT_02,2026-01-26,2026-01-27,7.2,25.0,3,Resolved,No
TKT002231,CUST_102,North,Chat,Other,Medium,AGENT_15,2026-03-09,2026-03-10,1.9,45.6,3,Resolved,Yes
TKT004721,CUST_143,North,Email,Delivery Delay,Low,AGENT_07,2026-04-28,,33.1,,,Open,No
TKT002295,CUST_010,East,Phone,Delivery Delay,Medium,AGENT_10,2026-03-21,,11.4,,1,Resolved,Yes
TKT000263,CUST_085,North,Email,Account Access,High,AGENT_15,2026-03-05,2026-03-05,2.4,18.3,5,Resolved,Yes
TKT003219,CUST_022,South,Chat,Damaged Goods,Low,AGENT_01,2026-06-27,2026-07-02,38.2,124.9,3,Closed,Yes
TKT004515,CUST_115,West,Chat,Billing,Medium,AGENT_14,2026-04-27,2026-04-29,10.4,63.9,4,Closed,Yes
TKT004916,CUST_082,North,Email,Delivery Delay,High,AGENT_08,2026-04-28,2026-04-28,2.6,16.2,5,Closed,Yes
TKT002756,CUST_145,South,Email,Delivery Delay,Low,AGENT_03,2026-06-18,2026-06-21,13.5,82.5,4,Closed,Yes
TKT004357,CUST_028,West,Chat,Delivery Delay,Critical,AGENT_01,2026-04-06,2026-04-06,1.6,5.5,4,Resolved,Yes
TKT000968,CUST_019,South,Phone,Other,Low,AGENT_07,2026-02-08,2026-03-04,19.4,,3,Closed,Yes
TKT001415,CUST_003,North,Email,Damaged Goods,Low,AGENT_01,2026-04-03,2026-04-07,13.8,119.9,5,Resolved,Yes
TKT004456,CUST_021,West,Email,Damaged Goods,High,AGENT_11,2026-03-22,2026-03-22,5.3,10.8,5,Resolved,No
TKT000927,CUST_038,East,Chat,Delivery Delay,Medium,AGENT_07,2026-01-20,2026-02-08,23.4,462.7,3,Resolved,Yes
TKT004309,CUST_123,East,Chat,Billing,High,AGENT_12,2026-03-06,2026-03-06,2.8,20.2,4,Resolved,Yes
TKT000585,CUST_067,East,Chat,Billing,High,AGENT_06,2026-02-20,2026-02-20,1.6,20.8,5,Resolved,Yes
TKT000628,CUST_081,East,Phone,Billing,High,AGENT_06,2026-01-25,2026-01-25,0.6,,2,Resolved,Yes
TKT003798,CUST_050,North,Phone,Account Access,Medium,AGENT_13,2026-06-04,2026-06-06,15.5,,5,Resolved,Yes
TKT001546,CUST_063,East,Chat,Delivery Delay,High,AGENT_14,2026-01-07,2026-01-07,6.2,16.1,3,Resolved,Yes
TKT003935,CUST_100,South,Phone,Delivery Delay,Medium,AGENT_15,2026-05-08,,0.6,,,Open,No
TKT002915,CUST_085,Central,Chat,Damaged Goods,Low,AGENT_02,2026-02-09,2026-02-15,9.8,152.0,5,Resolved,Yes
TKT003468,CUST_036,South,Portal,Delivery Delay,Low,AGENT_05,2026-04-03,2026-04-09,24.7,159.9,4,Resolved,Yes
TKT004409,CUST_023,East,Email,Other,High,AGENT_13,2026-05-10,2026-05-10,2.2,12.3,5,Closed,Yes
TKT001928,CUST_143,West,Phone,Delivery Delay,Low,AGENT_07,2026-02-02,,17.4,,,Open,No
TKT004225,CUST_097,South,Email,Billing,Low,AGENT_05,2026-02-05,,47.2,163.5,,Reopened,Yes
TKT003036,CUST_001,South,Email,Delivery Delay,Low,AGENT_01,2026-01-01,2026-01-06,23.9,123.8,5,Resolved,Yes
TKT002894,CUST_100,North,Portal,Billing,Medium,AGENT_07,2026-04-28,2026-05-06,10.5,200.5,4,Closed,Yes
TKT002750,CUST_145,East,Phone,Billing,Medium,AGENT_01,2026-01-28,2026-01-30,1.9,,4,Resolved,Yes
TKT000826,CUST_109,North,Chat,Damaged Goods,Medium,AGENT_12,2026-06-10,,5.7,,,Open,No
TKT004223,CUST_133,West,Portal,Delivery Delay,Medium,AGENT_12,2026-04-18,2026-04-19,19.0,37.2,5,Resolved,Yes
TKT000250,CUST_022,West,Email,Delivery Delay,Medium,AGENT_06,2026-04-10,,20.6,,,Open,No
TKT003432,CUST_091,North,Portal,Other,High,AGENT_12,2026-03-05,2026-03-05,6.0,-10.5,1,Resolved,Yes
TKT002350,CUST_111,South,Email,Billing,Medium,AGENT_05,2026-06-19,2026-06-20,2.9,40.8,,Reopened,Yes
TKT002629,CUST_134,West,Email,Account Access,Medium,AGENT_04,2026-06-03,,16.9,35.3,5,Closed,No
TKT000970,CUST_023,West,Phone,Damaged Goods,Medium,AGENT_03,2026-05-05,2026-05-08,16.2,,3,Resolved,Yes
TKT000398,CUST_149,East,Email,Other,Low,AGENT_09,2026-01-09,,27.1,94.3,4,Resolved,Yes
TKT002338,CUST_012,Central,Email,Billing,Low,AGENT_12,2026-04-04,2026-04-09,7.1,137.4,5,Resolved,Yes
TKT000298,CUST_063,Central,Email,Other,Low,AGENT_13,2026-01-14,2026-01-20,47.9,145.9,,Reopened,Yes
TKT000781,CUST_083,North,Portal,Account Access,High,AGENT_06,2026-03-20,2026-03-21,6.4,28.7,4,Resolved,Yes
TKT001183,CUST_108,South,Email,Account Access,Medium,AGENT_07,2026-02-07,2026-02-23,10.8,395.9,3,Resolved,Yes
TKT001624,CUST_002,South,Chat,Damaged Goods,Critical,AGENT_10,2026-06-17,,1.5,,,Open,No
TKT003594,CUST_041,Central,Email,Billing,High,AGENT_05,2026-01-07,2026-01-08,5.5,26.1,5,Closed,Yes
TKT000707,CUST_144,South,Email,Other,Medium,AGENT_04,2026-04-10,2026-04-13,20.4,77.2,,Reopened,Yes
TKT002638,CUST_083,North,Portal,Delivery Delay,Medium,AGENT_15,2026-06-28,,10.2,,,Open,No
TKT000532,CUST_075,East,Chat,Account Access,High,AGENT_06,2026-04-22,2026-04-22,6.5,10.6,3,Resolved,No
TKT000212,CUST_075,East,Email,Delivery Delay,Critical,AGENT_10,2026-06-14,2026-06-14,0.9,5.7,,Reopened,Yes
TKT000086,CUST_132,North,Email,Billing,Medium,AGENT_07,2026-06-01,2026-06-20,6.6,467.9,4,Resolved,Yes
TKT002492,CUST_025,North,Portal,Damaged Goods,Medium,AGENT_14,2026-06-29,2026-06-29,3.3,7.6,5,Resolved,No
TKT004079,CUST_142,Central,Email,Account Access,Medium,AGENT_07,2026-01-01,2026-01-26,3.9,602.6,3,Resolved,Yes
TKT003017,CUST_083,Central,Chat,Delivery Delay,Medium,AGENT_14,2026-04-24,2026-04-25,11.9,45.3,5,Resolved,Yes
TKT002393,CUST_010,West,Phone,Damaged Goods,Medium,AGENT_03,2026-03-16,2026-03-19,19.2,,5,Resolved,Yes
TKT002390,CUST_002,East,Email,Delivery Delay,High,AGENT_05,2026-02-08,,6.8,,,Open,No
TKT001022,CUST_100,West,Email,Billing,Medium,AGENT_12,2026-01-19,2026-01-20,20.8,28.9,2,Resolved,No
TKT002649,CUST_104,North,Phone,Delivery Delay,Medium,AGENT_03,2026-04-19,2026-04-21,18.4,,5,Closed,Yes
TKT003107,CUST_058,North,Chat,Damaged Goods,Critical,AGENT_07,2026-02-26,2026-02-28,1.2,49.1,4,Closed,Yes
TKT004087,CUST_076,Central,Chat,Billing,Critical,AGENT_11,2026-01-22,2026-01-22,1.0,-14.6,5,Resolved,No
TKT003498,CUST_086,North,Email,Billing,High,AGENT_07,2026-04-05,2026-04-10,4.8,142.9,5,Resolved,Yes
TKT002797,CUST_005,West,Portal,Billing,Medium,AGENT_01,2026-02-10,2026-02-12,1.9,49.1,5,Closed,Yes
TKT001910,CUST_108,West,Email,Billing,Low,AGENT_06,2026-05-30,2026-06-04,13.1,129.8,1,Resolved,Yes
TKT001197,CUST_060,North,Chat,Delivery Delay,Low,AGENT_01,2026-05-27,2026-05-29,31.2,52.0,4,Closed,No
TKT002958,CUST_061,West,Phone,Billing,Medium,AGENT_13,2026-05-15,2026-05-16,19.9,,,Reopened,Yes
TKT004371,CUST_134,West,Phone,Damaged Goods,Medium,AGENT_12,2026-06-28,2026-07-01,9.5,,1,Resolved,Yes
TKT003235,CUST_047,West,Phone,Billing,Low,AGENT_10,2026-02-03,2026-02-05,47.1,66.5,1,Resolved,No
TKT001309,CUST_081,East,Chat,Delivery Delay,Medium,AGENT_15,2026-01-21,2026-01-23,10.3,57.1,4,Resolved,Yes
TKT000929,CUST_036,East,Email,Delivery Delay,Low,AGENT_11,2026-01-09,2026-01-12,40.9,-15.1,4,Resolved,Yes
TKT000197,CUST_011,North,Email,Damaged Goods,Low,AGENT_12,2026-03-22,,14.2,,,Open,No
TKT003778,CUST_019,South,Email,Delivery Delay,High,AGENT_11,2026-01-07,,6.0,11.8,,Reopened,No
TKT000320,CUST_034,Central,Phone,Billing,High,AGENT_12,2026-06-28,2026-06-28,0.7,,5,Resolved,Yes
TKT000056,CUST_081,North,Chat,Account Access,Medium,AGENT_12,2026-04-05,,13.0,18.6,3,Resolved,No
TKT000531,CUST_014,West,Phone,Billing,Low,AGENT_04,2026-02-10,2026-02-11,10.1,,5,Resolved,No
TKT000821,CUST_041,North,Portal,Billing,Low,AGENT_05,2026-02-26,,45.7,153.3,3,Resolved,Yes
TKT003908,CUST_011,West,Phone,Delivery Delay,Low,AGENT_15,2026-03-22,2026-03-24,30.2,,4,Resolved,No
TKT004452,CUST_139,South,Chat,Delivery Delay,High,AGENT_06,2026-05-14,2026-05-15,1.8,25.4,3,Resolved,Yes
TKT003595,CUST_113,North,Chat,Damaged Goods,Medium,AGENT_11,2026-04-05,2026-04-07,0.6,53.0,5,Resolved,Yes
TKT001363,CUST_109,West,Email,Other,Low,AGENT_07,2026-04-10,,4.9,110.4,5,Closed,Yes
TKT001894,CUST_008,North,Email,Delivery Delay,Medium,AGENT_11,2026-06-09,2026-06-11,0.7,56.2,4,Resolved,Yes
TKT003463,CUST_065,East,Email,Account Access,Low,AGENT_15,2026-02-03,,11.5,,,Open,No
TKT004418,CUST_039,South,Portal,Account Access,Low,AGENT_02,2026-02-13,2026-02-14,32.9,43.6,5,Resolved,No
TKT004514,CUST_082,South,Email,Damaged Goods,High,AGENT_06,,2026-06-16,6.6,11.8,4,Closed,No
TKT003467,CUST_028,East,Chat,Account Access,Low,AGENT_04,2026-05-06,2026-05-08,11.4,61.9,5,Resolved,No
TKT004116,CUST_040,North,Portal,Delivery Delay,Medium,AGENT_04,2026-06-09,2026-06-11,19.2,52.7,4,Resolved,Yes
TKT003613,CUST_144,North,Email,Billing,Low,AGENT_15,,2026-07-03,13.2,86.0,2,Resolved,Yes
TKT003563,CUST_001,South,Email,Billing,High,AGENT_14,2026-02-28,2026-02-28,7.0,17.8,4,Closed,Yes
TKT004612,CUST_086,Central,Chat,Billing,Critical,AGENT_13,2026-01-09,2026-01-09,1.7,5.8,5,Resolved,Yes
TKT001996,CUST_106,Central,Chat,Damaged Goods,Medium,AGENT_15,2026-02-26,2026-03-01,17.2,79.7,,Reopened,Yes
TKT002918,CUST_014,East,Chat,Delivery Delay,High,AGENT_14,2026-01-05,2026-01-05,2.7,4.8,3,Closed,No
TKT002788,CUST_022,East,Phone,Billing,Medium,AGENT_01,2026-01-17,2026-01-18,8.8,28.6,5,Closed,No
TKT003346,CUST_149,Central,Phone,Delivery Delay,Low,AGENT_13,2026-06-16,2026-06-18,22.5,49.6,2,Resolved,No
TKT000768,CUST_126,South,Email,Delivery Delay,Low,AGENT_05,2026-06-02,2026-06-06,31.0,110.0,4,Resolved,Yes
TKT001257,CUST_027,North,Phone,Other,Low,AGENT_09,2026-05-07,2026-05-10,8.9,,4,Resolved,Yes
TKT003946,CUST_084,East,Email,Damaged Goods,Medium,AGENT_11,2026-04-10,,20.6,,,Open,No
TKT000719,CUST_072,Central,Portal,Other,Low,AGENT_03,2026-06-12,,38.1,45.3,5,Resolved,No
TKT004090,CUST_057,North,Email,Delivery Delay,Low,AGENT_03,2026-01-23,2026-01-24,19.1,47.8,,Reopened,No
TKT004892,CUST_095,North,Phone,Other,Low,AGENT_04,2026-03-30,2026-04-01,10.9,54.4,5,Closed,No
TKT004704,CUST_060,North,Email,Other,High,AGENT_13,2026-03-29,2026-03-29,4.1,20.1,5,Closed,Yes
TKT004025,CUST_032,Central,Portal,Billing,Low,AGENT_05,2026-01-21,2026-01-23,9.5,50.6,1,Resolved,No
TKT002506,CUST_050,North,Chat,Delivery Delay,Medium,AGENT_14,2026-04-22,,14.7,78.4,4,Resolved,Yes
TKT003707,CUST_002,East,Portal,Delivery Delay,High,AGENT_14,2026-02-24,2026-02-24,6.9,15.5,1,Resolved,Yes
TKT003283,CUST_134,Central,Portal,Account Access,High,AGENT_06,2026-06-11,2026-06-11,0.5,20.9,5,Resolved,Yes
TKT000583,CUST_042,East,Email,Damaged Goods,Medium,AGENT_09,2026-01-21,2026-01-22,14.6,29.0,5,Resolved,No
TKT000040,CUST_148,North,Phone,Other,Medium,AGENT_14,2026-04-13,2026-04-14,7.6,,5,Resolved,No
TKT001236,CUST_065,South,Chat,Account Access,Low,AGENT_01,2026-04-04,,47.9,,,Open,No
TKT004613,CUST_072,Central,Portal,Billing,Critical,AGENT_05,2026-01-03,2026-01-03,1.9,5.3,5,Resolved,Yes
TKT004334,CUST_015,North,Portal,Damaged Goods,Low,AGENT_02,2026-05-13,2026-05-18,7.6,133.4,,Reopened,Yes
TKT003055,CUST_093,South,Portal,Billing,Low,AGENT_08,2026-05-16,2026-05-18,7.0,54.0,5,Resolved,No
TKT002755,CUST_032,North,Chat,Damaged Goods,Low,AGENT_11,2026-01-01,2026-01-06,23.4,133.7,1,Resolved,Yes
TKT003692,CUST_061,West,Email,Other,High,AGENT_11,2026-05-31,,7.5,27.7,1,Resolved,Yes
TKT000328,CUST_124,West,Chat,Billing,Medium,AGENT_07,2026-06-04,2026-07-07,17.9,805.3,4,Closed,Yes
TKT000129,CUST_074,West,Chat,Other,Low,AGENT_13,2026-05-15,2026-05-20,44.8,121.7,3,Closed,Yes
TKT003414,CUST_043,South,Portal,Delivery Delay,Low,AGENT_14,2026-06-13,2026-06-16,11.3,83.1,,Reopened,Yes
TKT004527,CUST_073,West,Email,Billing,High,AGENT_01,2026-05-13,2026-05-14,7.9,29.1,5,Resolved,Yes
TKT004872,CUST_061,West,Chat,Other,High,AGENT_08,2026-05-07,2026-05-08,7.4,31.3,5,Resolved,Yes
TKT002304,CUST_150,South,Chat,Delivery Delay,Medium,AGENT_11,2026-01-04,2026-01-05,20.9,45.8,4,Closed,Yes
TKT002383,CUST_026,East,Email,Billing,Low,AGENT_14,2026-04-18,2026-04-18,1.9,11.2,5,Resolved,No
TKT002272,CUST_007,North,Portal,Billing,Low,AGENT_08,2026-01-28,2026-01-31,22.4,81.6,5,Resolved,Yes
TKT003257,CUST_098,West,Phone,Damaged Goods,Medium,AGENT_04,2026-04-12,2026-04-12,0.8,,,Reopened,No
TKT000176,CUST_142,South,Email,Delivery Delay,Low,AGENT_06,2026-02-01,2026-02-05,30.3,-13.5,5,Closed,Yes
TKT004803,CUST_149,West,Email,Delivery Delay,High,AGENT_10,2026-01-02,2026-01-02,5.8,21.0,1,Resolved,Yes
TKT003600,CUST_133,North,Email,Delivery Delay,Low,AGENT_15,2026-06-02,,34.8,,,Open,No
TKT002641,CUST_092,East,Email,Delivery Delay,Critical,AGENT_11,2026-03-29,2026-03-29,1.6,6.4,,Reopened,Yes
TKT003260,CUST_020,Central,Email,Damaged Goods,Low,AGENT_05,2026-05-29,2026-06-04,34.3,153.9,4,Resolved,Yes
TKT004219,CUST_092,South,Email,Billing,Medium,AGENT_14,2026-02-13,2026-02-16,21.7,86.5,5,Resolved,Yes
TKT001844,CUST_102,North,Email,Damaged Goods,Low,AGENT_11,2026-05-15,2026-05-19,37.2,115.7,5,Resolved,Yes
TKT001307,CUST_144,Central,Phone,Delivery Delay,Low,AGENT_02,2026-03-24,,39.7,,,Open,No
TKT001113,CUST_060,North,Chat,Delivery Delay,Medium,AGENT_09,2026-01-29,2026-01-30,9.1,29.8,5,Resolved,No
TKT000686,CUST_017,Central,Chat,Billing,Medium,AGENT_10,2026-03-30,2026-04-01,6.6,57.4,4,Resolved,Yes
TKT002234,CUST_061,North,Portal,Damaged Goods,Medium,AGENT_13,2026-05-04,2026-05-07,13.9,80.7,5,Resolved,Yes
TKT001878,CUST_105,North,Email,Delivery Delay,Low,AGENT_09,2026-03-28,2026-03-29,5.3,26.6,4,Resolved,No
TKT002767,CUST_102,East,Chat,Account Access,High,AGENT_08,2026-04-29,,2.7,,,Open,No
TKT003891,CUST_056,South,Chat,Damaged Goods,Medium,AGENT_10,2026-01-18,,22.9,74.1,2,Resolved,Yes
TKT003082,CUST_025,North,Chat,Delivery Delay,Low,AGENT_10,2026-04-05,,1.2,66.8,5,Resolved,No
TKT002438,CUST_110,South,Chat,Billing,Medium,AGENT_11,2026-01-31,2026-02-02,13.8,51.8,,Reopened,Yes
TKT000277,CUST_085,North,Phone,Billing,Low,AGENT_01,2026-02-02,2026-02-05,42.0,95.7,4,Resolved,Yes
TKT001436,CUST_122,South,Chat,Account Access,Low,AGENT_14,2026-01-15,2026-01-18,38.6,81.8,4,Resolved,Yes
TKT004435,CUST_060,South,Email,Delivery Delay,Medium,AGENT_12,2026-02-19,2026-02-21,3.8,48.8,4,Resolved,Yes
TKT002213,CUST_027,Central,Phone,Delivery Delay,Low,AGENT_06,2026-06-01,2026-06-04,8.0,,4,Resolved,Yes
TKT002902,CUST_004,East,Phone,Billing,High,AGENT_11,2026-01-04,2026-01-04,4.9,,,Reopened,Yes
TKT002363,CUST_044,Central,Chat,Delivery Delay,High,AGENT_14,2026-02-03,2026-02-04,2.6,25.2,3,Resolved,Yes
TKT001385,CUST_143,South,Email,Billing,Medium,AGENT_07,2026-05-18,2026-06-06,1.2,476.3,5,Resolved,Yes
TKT000096,CUST_115,Central,Email,Billing,Medium,AGENT_15,2026-05-30,,23.0,66.4,4,Resolved,Yes
TKT000858,CUST_088,North,Phone,Damaged Goods,Low,AGENT_11,2026-05-15,2026-05-18,9.0,,,Reopened,Yes
TKT001028,CUST_041,Central,Portal,Billing,Medium,AGENT_08,2026-01-22,,13.4,74.3,5,Resolved,Yes
TKT004008,CUST_019,Central,Phone,Billing,Low,AGENT_09,2026-06-25,2026-06-27,33.4,,4,Resolved,No
TKT003910,CUST_144,North,Email,Delivery Delay,Low,AGENT_08,2026-03-31,2026-04-05,20.9,137.8,3,Resolved,Yes
TKT002960,CUST_092,North,Chat,Other,Medium,AGENT_12,2026-02-21,2026-02-22,17.8,32.7,5,Resolved,No
TKT001630,CUST_109,Central,Email,Other,Medium,AGENT_03,2026-02-01,,23.4,,,Open,No
TKT001550,CUST_042,East,Email,Billing,Medium,AGENT_13,2026-05-31,,4.5,,,Open,No
TKT003838,CUST_028,West,Chat,Damaged Goods,Medium,AGENT_11,2026-01-17,2026-01-18,3.8,24.7,5,Resolved,No
TKT001316,CUST_048,East,Chat,Account Access,Low,AGENT_07,2026-03-12,2026-04-12,35.5,753.1,5,Resolved,Yes
TKT004122,CUST_015,West,Portal,Billing,Low,AGENT_06,2026-05-21,,24.3,,,Open,No
TKT002907,CUST_041,West,Email,Other,Medium,AGENT_12,2026-04-11,2026-04-11,1.6,16.7,5,Resolved,No
TKT004154,CUST_139,North,Email,Billing,Low,AGENT_15,2026-01-06,2026-01-13,39.8,176.0,3,Resolved,Yes
TKT004294,CUST_067,Central,Email,Delivery Delay,Low,AGENT_05,,2026-03-17,18.5,160.9,5,Resolved,Yes
TKT004765,CUST_144,West,Email,Delivery Delay,Low,AGENT_02,2026-02-17,2026-02-22,41.7,138.4,5,Closed,Yes
TKT002673,CUST_083,West,Chat,Damaged Goods,Low,AGENT_01,2026-01-14,2026-01-16,42.0,67.6,4,Resolved,No
TKT004443,CUST_100,North,Chat,Billing,Medium,AGENT_04,2026-06-24,2026-06-25,2.8,40.4,5,Resolved,Yes
TKT001585,CUST_084,Central,Email,Billing,High,AGENT_14,2026-05-29,2026-05-30,4.3,26.6,2,Resolved,Yes
TKT002607,CUST_090,North,Phone,Damaged Goods,Medium,AGENT_06,2026-02-04,,11.5,,,Open,No
TKT003072,CUST_002,South,Email,Billing,High,AGENT_07,2026-05-25,2026-05-28,1.4,74.1,4,Resolved,Yes
TKT003697,CUST_046,South,Phone,Delivery Delay,Medium,AGENT_14,2026-02-22,2026-02-23,16.5,33.5,3,Closed,No
TKT002940,CUST_105,East,Portal,Damaged Goods,High,AGENT_09,2026-06-30,2026-06-30,0.7,5.5,5,Resolved,No
TKT003511,CUST_062,East,Phone,Delivery Delay,Low,AGENT_07,2026-03-21,2026-04-09,22.9,,5,Resolved,Yes
TKT004326,CUST_023,South,Email,Billing,Medium,AGENT_05,2026-02-14,2026-02-14,8.6,20.6,4,Resolved,No
TKT003995,CUST_002,West,Chat,Billing,Critical,AGENT_11,2026-05-01,2026-05-01,1.5,7.5,5,Resolved,Yes
TKT000956,CUST_021,Central,Email,Other,Critical,AGENT_12,2026-04-10,2026-04-10,1.0,3.0,,Reopened,No
TKT003663,CUST_069,East,Phone,Delivery Delay,Low,AGENT_15,2026-01-20,,6.5,,4,Resolved,Yes
TKT001234,CUST_123,Central,Phone,Billing,High,AGENT_14,2026-01-25,2026-01-26,0.8,24.2,4,Closed,Yes
TKT004301,CUST_118,Central,Email,Billing,Medium,AGENT_04,2026-03-21,2026-03-22,23.2,29.2,4,Resolved,No
TKT003796,CUST_018,North,Email,Billing,Low,AGENT_13,2026-06-05,2026-06-07,26.2,59.9,4,Resolved,No
TKT004449,CUST_071,South,Phone,Billing,Low,AGENT_15,2026-06-29,2026-07-05,33.8,,4,Resolved,Yes
TKT004437,CUST_124,East,Phone,Billing,Low,AGENT_13,2026-04-13,2026-04-14,9.1,,4,Resolved,No
TKT000678,CUST_054,West,Email,Billing,Low,AGENT_01,2026-06-04,2026-06-09,32.1,137.4,3,Resolved,Yes
TKT003679,CUST_124,South,Phone,Delivery Delay,Low,AGENT_08,2026-01-20,,30.6,,,Open,No
TKT002084,CUST_053,Central,Email,Delivery Delay,Medium,AGENT_09,2026-04-05,2026-04-06,3.8,26.4,4,Resolved,No
TKT002380,CUST_130,South,Phone,Delivery Delay,Medium,AGENT_10,,2026-03-26,19.7,,5,Resolved,No
TKT003415,CUST_119,West,Email,Other,High,AGENT_03,2026-01-10,2026-01-10,7.3,14.6,4,Resolved,Yes
TKT003457,CUST_132,Central,Phone,Billing,Critical,AGENT_05,2026-02-28,2026-02-28,1.5,,3,Resolved,Yes
TKT000066,CUST_014,West,Phone,Account Access,Medium,AGENT_04,2026-03-09,2026-03-11,6.9,,5,Closed,Yes
TKT002426,CUST_132,West,Portal,Billing,Low,AGENT_12,2026-01-20,2026-01-23,42.5,85.8,5,Resolved,Yes
TKT003866,CUST_085,South,Email,Billing,High,AGENT_07,2026-05-12,2026-05-19,1.7,188.8,4,Resolved,Yes
TKT004978,CUST_113,West,Email,Billing,Critical,AGENT_11,2026-05-31,2026-05-31,1.7,6.5,,Reopened,Yes
TKT002634,CUST_107,West,Email,Delivery Delay,High,AGENT_08,2026-06-25,2026-06-25,1.3,22.2,4,Resolved,Yes
TKT000098,CUST_134,West,Email,Billing,High,AGENT_15,2026-04-30,2026-04-30,3.3,18.5,,Reopened,Yes
TKT003570,CUST_123,East,Portal,Delivery Delay,Low,AGENT_14,2026-01-08,2026-01-11,46.9,86.4,5,Resolved,Yes
TKT003744,CUST_099,East,Portal,Billing,Critical,AGENT_08,2026-01-31,2026-01-31,1.8,7.5,4,Resolved,Yes
TKT001414,CUST_126,West,Portal,Billing,Medium,AGENT_07,2026-01-09,2026-01-29,22.0,493.0,4,Resolved,Yes
TKT002362,CUST_051,East,Phone,Billing,Low,AGENT_14,2026-01-09,2026-01-16,34.8,,,Reopened,Yes
TKT000095,CUST_036,Central,Email,Billing,High,AGENT_03,2026-04-10,,6.9,19.7,5,Resolved,Yes
TKT001848,CUST_095,Central,Chat,Delivery Delay,Low,AGENT_03,2026-03-20,2026-03-26,33.7,164.6,,Reopened,Yes
TKT002668,CUST_112,Central,Portal,Other,Medium,AGENT_13,2026-02-16,,16.9,,,Open,No
TKT004715,CUST_138,South,Email,Delivery Delay,Critical,AGENT_10,2026-04-22,2026-04-22,1.9,6.2,5,Resolved,Yes
TKT004788,CUST_114,West,Email,Damaged Goods,Low,AGENT_09,2026-04-16,2026-04-22,42.3,164.9,4,Resolved,Yes
TKT001704,CUST_021,South,Email,Other,Low,AGENT_03,2026-03-13,2026-03-18,24.0,138.2,4,Resolved,Yes
TKT001985,CUST_020,West,Email,Delivery Delay,Medium,AGENT_07,2026-06-16,2026-07-08,3.0,532.5,5,Resolved,Yes
TKT002646,CUST_017,North,Portal,Account Access,Critical,AGENT_07,2026-03-23,2026-03-25,1.6,58.3,3,Closed,Yes
TKT003962,CUST_078,West,Chat,Billing,Low,AGENT_07,2026-01-21,2026-02-24,30.1,817.5,4,Resolved,Yes
TKT004798,CUST_051,South,Chat,Billing,High,AGENT_01,2026-02-03,2026-02-03,2.3,16.3,4,Closed,Yes
TKT001424,CUST_090,West,Chat,Account Access,Medium,AGENT_09,2026-02-15,2026-02-18,22.5,73.8,,Reopened,Yes
TKT003146,CUST_145,North,Email,Other,Critical,AGENT_11,2026-03-09,,1.6,5.1,5,Resolved,Yes
TKT000091,CUST_039,Central,Chat,Delivery Delay,Medium,AGENT_05,2026-03-10,2026-03-12,5.1,50.3,5,Resolved,Yes
TKT002639,CUST_016,South,Chat,Billing,Medium,AGENT_03,2026-06-20,2026-06-20,3.6,19.2,4,Closed,No
TKT000135,CUST_062,North,Email,Account Access,High,AGENT_05,2026-02-18,2026-02-18,7.7,16.7,5,Resolved,Yes
TKT001408,CUST_124,Central,Phone,Other,High,AGENT_02,2026-01-19,2026-01-20,4.3,27.2,4,Resolved,Yes
TKT001536,CUST_113,West,Phone,Delivery Delay,Low,AGENT_07,2026-05-09,2026-05-22,14.3,,3,Resolved,Yes
TKT002348,CUST_048,East,Email,Other,Medium,AGENT_14,2026-06-23,,23.7,89.4,5,Resolved,Yes
TKT002405,CUST_050,East,Email,Delivery Delay,Medium,AGENT_04,2026-06-13,2026-06-15,19.3,66.1,5,Closed,Yes
TKT003819,CUST_125,East,Portal,Other,Low,AGENT_03,,2026-04-13,35.1,161.3,5,Resolved,Yes
TKT003604,CUST_071,Central,Phone,Delivery Delay,Medium,AGENT_11,2026-05-26,2026-05-26,2.0,,5,Resolved,No
TKT004197,CUST_037,Central,Chat,Delivery Delay,High,AGENT_08,2026-04-29,,4.8,8.4,5,Resolved,No
TKT004805,CUST_040,North,Phone,Account Access,Low,AGENT_01,2026-03-07,2026-03-09,4.1,,4,Resolved,No
TKT000120,CUST_010,East,Portal,Account Access,Medium,AGENT_02,2026-06-19,2026-06-20,22.9,43.4,5,Resolved,Yes
TKT001563,CUST_015,East,Chat,Billing,Medium,AGENT_03,2026-04-19,,23.3,,,Open,No
TKT003275,CUST_085,South,Email,Billing,Medium,AGENT_09,2026-04-22,,8.4,,,Open,No
TKT004202,CUST_014,West,Chat,Other,Critical,AGENT_09,2026-06-24,2026-06-24,1.8,4.4,2,Resolved,Yes
TKT003129,CUST_109,East,Email,Billing,Low,AGENT_09,2026-02-06,,47.6,,,Open,No
TKT002733,CUST_078,North,Portal,Delivery Delay,Low,AGENT_12,2026-01-04,2026-01-08,43.9,114.2,5,Resolved,Yes
TKT000909,CUST_132,Central,Email,Delivery Delay,Low,AGENT_03,2026-02-27,2026-03-04,11.4,133.0,2,Resolved,Yes
TKT000424,CUST_092,West,Chat,Billing,High,AGENT_13,2026-04-11,2026-04-12,6.7,25.5,4,Resolved,Yes
TKT000772,CUST_057,Central,Chat,Billing,Low,AGENT_13,,,10.6,154.0,5,Resolved,Yes
TKT003407,CUST_133,North,Portal,Account Access,High,AGENT_04,2026-01-06,2026-01-06,1.3,5.3,4,Resolved,No
TKT000537,CUST_012,West,Chat,Billing,High,AGENT_08,2026-06-28,2026-06-29,7.1,24.8,4,Resolved,Yes
TKT003985,CUST_038,North,Email,Damaged Goods,Low,AGENT_03,2026-03-13,2026-03-16,22.0,82.1,1,Resolved,Yes
TKT004478,CUST_131,North,Chat,Damaged Goods,Medium,AGENT_14,2026-05-10,2026-05-13,17.1,83.0,3,Resolved,Yes
TKT001938,CUST_103,Central,Portal,Account Access,High,AGENT_05,2026-04-25,2026-04-25,2.1,13.2,4,Closed,Yes
TKT004887,CUST_016,Central,Email,Account Access,High,AGENT_03,2026-05-08,2026-05-08,3.7,10.3,5,Closed,No
TKT004579,CUST_074,Central,Email,Other,Low,AGENT_02,2026-02-22,2026-02-27,7.7,126.1,4,Resolved,Yes
TKT003401,CUST_094,East,Email,Account Access,Medium,AGENT_08,2026-04-09,,6.3,,,Open,No
TKT003502,CUST_009,Central,Phone,Delivery Delay,Medium,AGENT_03,2026-02-21,2026-02-23,3.5,,4,Resolved,Yes
TKT000073,CUST_013,South,Email,Delivery Delay,Low,AGENT_01,2026-06-02,2026-06-07,43.1,125.9,3,Resolved,Yes
TKT004377,CUST_065,West,Email,Account Access,Low,AGENT_04,2026-03-16,,7.6,16.6,4,Closed,No
TKT002537,CUST_139,Central,Phone,Other,Medium,AGENT_12,2026-02-04,,11.7,,,Open,No
TKT003307,CUST_110,South,Phone,Billing,Low,AGENT_14,2026-04-16,2026-04-21,5.8,,3,Resolved,Yes
TKT003898,CUST_070,North,Email,Billing,Low,AGENT_12,2026-01-12,2026-01-17,4.5,128.5,4,Resolved,Yes
TKT000705,CUST_086,North,Email,Other,High,AGENT_12,2026-03-17,2026-03-17,1.7,18.6,4,Resolved,Yes
TKT001461,CUST_080,West,Phone,Account Access,Critical,AGENT_05,2026-06-09,2026-06-09,1.5,,5,Closed,Yes
TKT000851,CUST_061,East,Portal,Billing,Medium,AGENT_10,2026-03-22,2026-03-23,3.1,33.9,1,Resolved,No
TKT002394,CUST_004,North,Chat,Account Access,Low,AGENT_10,2026-05-09,2026-05-11,14.3,63.2,3,Resolved,No
TKT004017,CUST_059,North,Phone,Billing,Medium,AGENT_12,2026-02-14,,12.5,79.4,3,Resolved,Yes
TKT004071,CUST_007,North,Email,Billing,Critical,AGENT_09,2026-01-12,2026-01-12,1.3,6.3,4,Resolved,Yes
TKT002994,CUST_094,South,Phone,Account Access,Medium,AGENT_10,2026-06-07,2026-06-09,4.3,,5,Resolved,Yes
TKT002082,CUST_117,West,Portal,Billing,Critical,AGENT_08,2026-05-16,2026-05-16,1.5,3.9,4,Resolved,No
TKT002939,CUST_111,North,Phone,Billing,High,AGENT_01,2026-02-03,2026-02-03,0.6,,3,Resolved,Yes
TKT000001,CUST_043,South,Chat,Delivery Delay,Low,AGENT_14,2026-05-02,2026-05-06,38.9,113.7,1,Resolved,Yes
TKT003682,CUST_131,Central,Portal,Damaged Goods,Medium,AGENT_13,2026-05-05,2026-05-06,17.6,34.4,5,Closed,No
TKT004224,CUST_100,East,Chat,Delivery Delay,Critical,AGENT_07,2026-06-21,2026-06-23,1.9,56.7,5,Resolved,Yes
TKT002195,CUST_011,Central,Phone,Account Access,High,AGENT_01,2026-05-16,2026-05-16,1.4,,3,Closed,No
TKT001276,CUST_019,East,Chat,Other,Low,AGENT_06,2026-06-02,,45.1,129.7,5,Resolved,Yes
TKT002703,CUST_072,Central,Phone,Billing,Low,AGENT_01,2026-04-01,2026-04-06,7.4,,3,Closed,Yes
TKT003449,CUST_134,Central,Chat,Delivery Delay,Medium,AGENT_03,2026-06-11,2026-06-12,7.0,38.4,,Reopened,Yes
TKT000437,CUST_043,East,Email,Other,High,AGENT_05,2026-04-01,,3.2,26.9,5,Resolved,Yes
TKT000860,CUST_040,East,Email,Damaged Goods,Critical,AGENT_14,2026-01-02,2026-01-02,1.9,7.3,5,Resolved,Yes
TKT004863,CUST_065,East,Portal,Billing,Critical,AGENT_11,2026-05-18,2026-05-18,1.2,3.7,5,Resolved,No
TKT000475,CUST_025,North,Portal,Damaged Goods,High,AGENT_06,2026-04-14,2026-04-14,1.9,5.5,4,Resolved,No
TKT000590,CUST_083,North,Email,Account Access,High,AGENT_14,2026-03-17,2026-03-17,6.8,17.7,5,Resolved,Yes
TKT002110,CUST_030,East,Chat,Other,Low,AGENT_13,2026-02-03,2026-02-06,7.3,82.6,5,Resolved,Yes
TKT003927,CUST_083,South,Portal,Damaged Goods,High,AGENT_09,2026-04-30,2026-05-01,7.2,24.0,5,Resolved,Yes
TKT000916,CUST_141,North,Chat,Other,Low,AGENT_08,2026-02-01,,41.7,165.0,5,Resolved,Yes
TKT002749,CUST_102,East,Email,Other,Medium,AGENT_14,2026-05-06,2026-05-09,7.2,76.0,5,Resolved,Yes
TKT002702,CUST_011,East,Email,Billing,Medium,AGENT_02,2026-02-11,2026-02-13,6.2,54.7,4,Resolved,Yes
TKT002935,CUST_097,East,Phone,Damaged Goods,Low,AGENT_04,2026-02-06,,20.1,,4,Resolved,Yes
TKT001835,CUST_045,West,Chat,Other,Low,AGENT_02,2026-02-27,2026-03-03,6.9,109.8,5,Closed,Yes
TKT000382,CUST_058,North,Portal,Damaged Goods,Critical,AGENT_05,2026-04-02,2026-04-02,0.8,5.6,5,Resolved,Yes
TKT002215,CUST_100,North,Email,Delivery Delay,Critical,AGENT_05,2026-06-07,2026-06-07,1.9,6.0,4,Closed,Yes
TKT000722,CUST_118,Central,Email,Billing,Low,AGENT_14,2026-03-22,2026-03-26,38.6,99.0,4,Resolved,Yes
TKT004333,CUST_142,Central,Chat,Billing,Medium,AGENT_01,2026-04-16,2026-04-18,3.2,51.6,,Reopened,Yes
TKT002948,CUST_055,West,Email,Delivery Delay,Low,AGENT_03,2026-05-11,2026-05-15,46.7,97.8,4,Resolved,Yes
TKT002482,CUST_012,Central,Phone,Delivery Delay,Medium,AGENT_12,2026-03-23,,23.7,,,Open,No
TKT003021,CUST_112,South,Chat,Damaged Goods,Critical,AGENT_08,2026-03-27,2026-03-27,1.4,5.8,2,Resolved,Yes
TKT002539,CUST_035,East,Portal,Billing,Low,AGENT_02,2026-06-17,2026-06-23,43.5,144.9,4,Resolved,Yes
TKT000188,CUST_131,North,Portal,Account Access,Medium,AGENT_10,2026-04-13,,10.5,24.2,3,Resolved,No
TKT001469,CUST_137,Central,Portal,Delivery Delay,Critical,AGENT_09,2026-01-14,2026-01-14,0.7,4.1,5,Closed,Yes
TKT002475,CUST_121,East,Chat,Damaged Goods,Critical,AGENT_07,2026-04-05,2026-04-07,0.7,63.6,5,Resolved,Yes
TKT004102,CUST_122,West,Chat,Account Access,Critical,AGENT_13,2026-01-03,,1.9,6.6,3,Resolved,Yes
TKT000483,CUST_016,South,Chat,Billing,High,AGENT_11,2026-03-28,2026-03-28,1.3,6.2,5,Resolved,No
TKT000503,CUST_091,East,Email,Delivery Delay,Medium,AGENT_06,2026-06-20,2026-06-21,17.1,25.1,,Reopened,No
TKT004417,CUST_016,North,Chat,Delivery Delay,High,AGENT_14,2026-05-03,2026-05-04,6.0,28.1,1,Resolved,Yes
TKT004175,CUST_116,East,Chat,Delivery Delay,Low,AGENT_07,2026-06-05,2026-08-03,38.4,1439.4,,Reopened,Yes
TKT000735,CUST_145,West,Chat,Billing,Critical,AGENT_12,2026-04-18,2026-04-18,0.6,2.9,3,Resolved,No
TKT003887,CUST_082,Central,Portal,Billing,High,AGENT_13,2026-03-05,2026-03-06,6.3,28.3,4,Resolved,Yes
TKT004979,CUST_113,North,Chat,Delivery Delay,Critical,AGENT_09,,,0.7,4.2,4,Resolved,Yes
TKT000477,CUST_033,Central,Phone,Billing,High,AGENT_07,2026-06-29,,3.7,,4,Closed,Yes
TKT001441,CUST_124,South,Portal,Billing,Medium,AGENT_10,2026-02-02,2026-02-04,17.0,70.7,5,Resolved,Yes
TKT002132,CUST_074,South,Portal,Billing,Low,AGENT_10,2026-01-16,2026-01-20,36.8,106.2,,Reopened,Yes
TKT003868,CUST_010,North,Email,Billing,High,AGENT_05,2026-05-07,2026-05-07,2.4,12.0,4,Resolved,No
TKT000838,CUST_122,East,Portal,Delivery Delay,Low,AGENT_12,2026-02-03,2026-02-07,30.1,96.2,5,Resolved,Yes
TKT000548,CUST_143,East,Chat,Billing,High,AGENT_04,2026-03-22,2026-03-22,6.2,17.4,1,Resolved,Yes
TKT004737,CUST_025,North,Email,Delivery Delay,Low,AGENT_14,2026-05-08,2026-05-08,2.3,8.8,5,Resolved,No
TKT001011,CUST_058,East,Chat,Damaged Goods,Low,AGENT_12,2026-05-31,2026-06-05,47.3,130.6,,Reopened,Yes
TKT000627,CUST_133,East,Phone,Billing,Medium,AGENT_02,2026-05-21,2026-05-24,20.2,,5,Closed,Yes
TKT003160,CUST_119,West,Email,Billing,Medium,AGENT_01,2026-06-24,2026-06-26,2.1,58.6,4,Closed,Yes
TKT001440,CUST_037,East,Chat,Billing,Low,AGENT_12,2026-03-13,,12.9,95.5,4,Closed,Yes
TKT002944,CUST_117,East,Phone,Billing,Low,AGENT_09,2026-06-18,2026-06-24,43.8,,5,Resolved,Yes
TKT004455,CUST_001,Central,Email,Billing,High,AGENT_07,2026-02-15,2026-02-24,4.4,236.4,3,Resolved,Yes
TKT001534,CUST_120,West,Email,Billing,Critical,AGENT_15,2026-02-27,,1.8,,,Open,No
TKT002732,CUST_021,West,Phone,Delivery Delay,Medium,AGENT_04,2026-06-03,,20.3,,5,Closed,Yes
TKT002763,CUST_004,North,Phone,Other,Medium,AGENT_02,2026-03-04,,7.6,37.5,5,Resolved,Yes
TKT003939,CUST_051,Central,Email,Billing,Medium,AGENT_04,2026-05-03,,16.4,56.5,4,Closed,Yes
TKT000368,CUST_074,East,Email,Account Access,High,AGENT_12,2026-03-27,,4.6,,,Open,No
TKT001188,CUST_115,East,Email,Account Access,High,AGENT_14,2026-02-16,2026-02-16,2.5,9.3,,Reopened,No
TKT000879,CUST_077,West,Email,Billing,Medium,AGENT_08,2026-02-04,,5.1,,,Open,No
TKT002525,CUST_014,East,Portal,Delivery Delay,Low,AGENT_14,2026-04-13,2026-04-16,12.5,88.6,,Reopened,Yes
TKT001828,CUST_050,West,Chat,Delivery Delay,High,AGENT_02,2026-06-01,,7.5,15.6,,Reopened,Yes
TKT003504,CUST_113,Central,Chat,Delivery Delay,Medium,AGENT_15,2026-01-20,2026-01-21,1.9,30.7,5,Resolved,No
TKT001427,CUST_115,West,Phone,Billing,Low,AGENT_09,2026-03-15,2026-03-16,11.2,,4,Resolved,No
TKT002440,CUST_126,West,Chat,Account Access,Low,AGENT_04,2026-03-02,2026-03-05,31.1,85.5,4,Resolved,Yes
TKT001108,CUST_149,West,Portal,Billing,Low,AGENT_08,2026-01-29,2026-02-04,43.1,163.2,5,Resolved,Yes
TKT001000,CUST_017,North,Email,Account Access,Low,AGENT_14,2026-05-26,2026-05-29,11.8,88.0,4,Resolved,Yes
TKT001300,CUST_126,North,Chat,Other,Medium,AGENT_15,2026-03-04,2026-03-05,16.6,36.8,,Reopened,Yes
TKT002349,CUST_017,North,Portal,Account Access,Low,AGENT_07,2026-06-15,,1.0,520.9,,Reopened,Yes
TKT003185,CUST_054,North,Portal,Billing,High,AGENT_08,2026-04-18,,1.1,,,Open,No
TKT000789,CUST_060,West,Email,Account Access,Low,AGENT_11,2026-01-01,2026-01-04,29.1,72.9,4,Resolved,Yes
TKT000973,CUST_114,South,Email,Damaged Goods,Medium,AGENT_11,2026-01-27,2026-01-27,13.8,22.9,5,Resolved,No
TKT000106,CUST_100,East,Phone,Billing,Low,AGENT_08,2026-06-08,2026-06-13,38.9,,4,Resolved,Yes
TKT003669,CUST_015,North,Email,Account Access,Low,AGENT_07,2026-04-24,2026-05-21,7.5,655.2,5,Resolved,Yes
TKT002134,CUST_098,West,Email,Other,Low,AGENT_09,2026-04-14,2026-04-16,5.6,55.9,5,Resolved,No
TKT000767,CUST_007,West,Email,Billing,Low,AGENT_14,2026-06-19,2026-06-20,10.2,46.5,4,Closed,No
TKT000824,CUST_046,West,Email,Billing,High,AGENT_07,2026-05-05,2026-05-07,2.1,51.3,4,Resolved,Yes
TKT003332,CUST_128,South,Email,Billing,Critical,AGENT_09,2026-06-01,,1.0,,,Open,No
TKT004415,CUST_068,Central,Chat,Billing,Low,AGENT_10,2026-04-20,2026-04-20,1.7,21.3,5,Resolved,No
TKT002207,CUST_110,North,Portal,Damaged Goods,Low,AGENT_08,2026-02-28,2026-03-03,38.4,74.1,4,Closed,Yes
TKT003006,CUST_017,East,Chat,Delivery Delay,Low,AGENT_05,2026-04-11,,6.2,65.9,3,Resolved,No
TKT004709,CUST_007,East,Email,Delivery Delay,High,AGENT_13,2026-03-10,2026-03-11,4.3,28.3,5,Resolved,Yes
TKT002020,CUST_101,Central,Email,Billing,Critical,AGENT_04,2026-06-24,2026-06-24,1.1,4.5,,Reopened,Yes
TKT001601,CUST_087,East,Email,Account Access,Medium,AGENT_08,2026-04-20,,4.6,40.1,4,Closed,Yes
TKT001681,CUST_017,West,Email,Account Access,Low,AGENT_01,2026-02-19,,25.8,43.6,2,Resolved,No
TKT001821,CUST_083,South,Chat,Other,High,AGENT_13,2026-06-12,2026-06-12,3.6,16.5,5,Resolved,Yes
TKT000919,CUST_143,West,Chat,Account Access,Low,AGENT_13,2026-01-07,2026-01-11,11.2,119.5,,Reopened,Yes
TKT000203,CUST_050,West,Chat,Damaged Goods,Medium,AGENT_10,2026-04-20,2026-04-22,4.5,51.7,1,Resolved,Yes
TKT000181,CUST_131,South,Email,Delivery Delay,High,AGENT_08,2026-03-04,2026-03-04,3.6,13.6,4,Resolved,Yes
TKT004316,CUST_069,East,Portal,Delivery Delay,Medium,AGENT_14,2026-01-29,2026-02-01,18.3,75.6,5,Resolved,Yes
TKT000453,CUST_004,South,Email,Delivery Delay,Low,AGENT_10,2026-06-15,2026-06-19,16.1,115.2,5,Resolved,Yes
TKT002445,CUST_113,North,Chat,Other,High,AGENT_03,2026-06-19,2026-06-19,7.7,19.7,4,Resolved,Yes
TKT004194,CUST_116,North,Chat,Damaged Goods,Medium,AGENT_15,2026-05-11,2026-05-13,13.8,57.1,,Reopened,Yes
TKT000869,CUST_027,South,Chat,Billing,High,AGENT_02,2026-03-17,2026-03-17,7.2,10.1,4,Resolved,No
TKT001364,CUST_131,Central,Email,Account Access,Low,AGENT_15,2026-05-07,2026-05-13,33.5,161.5,4,Resolved,Yes
TKT000828,CUST_082,West,Email,Damaged Goods,Critical,AGENT_14,2026-02-11,2026-02-11,0.8,6.4,4,Resolved,Yes
TKT003551,CUST_115,North,Chat,Other,Medium,AGENT_01,2026-06-17,,5.6,,,Open,No
TKT004406,CUST_086,West,Email,Delivery Delay,Medium,AGENT_01,2026-04-06,2026-04-09,4.0,74.9,5,Resolved,Yes
TKT004631,CUST_019,West,Email,Other,Medium,AGENT_12,2026-05-31,2026-06-03,16.8,76.5,3,Resolved,Yes
TKT004185,CUST_070,West,Email,Delivery Delay,Low,AGENT_01,2026-01-16,,31.0,,,Open,No
TKT003329,CUST_117,North,Phone,Damaged Goods,Low,AGENT_13,2026-05-19,2026-05-22,31.1,76.9,5,Resolved,Yes
TKT003238,CUST_105,South,Email,Account Access,Low,AGENT_04,2026-01-14,,23.0,,,Open,No
TKT004633,CUST_084,East,Portal,Account Access,Medium,AGENT_02,2026-06-19,,12.7,,,Open,No
TKT000459,CUST_062,East,Email,Billing,Medium,AGENT_11,2026-04-04,,7.7,,,Open,No
TKT002170,CUST_063,East,Chat,Delivery Delay,Low,AGENT_13,2026-06-15,2026-06-16,17.6,41.5,4,Closed,No
TKT002198,CUST_102,East,Portal,Billing,Medium,AGENT_14,2026-05-26,2026-05-29,20.1,82.3,5,Closed,Yes
TKT003718,CUST_150,Central,Portal,Damaged Goods,High,AGENT_08,2026-06-01,2026-06-01,0.7,4.1,1,Resolved,No
TKT001509,CUST_060,Central,Portal,Billing,Low,AGENT_03,2026-01-27,2026-01-30,1.0,77.1,4,Resolved,Yes
TKT001222,CUST_088,East,Phone,Delivery Delay,Low,AGENT_14,2026-01-06,2026-01-10,17.3,,5,Closed,Yes
TKT003684,CUST_057,Central,Email,Billing,High,AGENT_15,2026-02-26,2026-02-26,4.3,12.5,3,Resolved,Yes
TKT000108,CUST_088,South,Phone,Billing,High,AGENT_14,2026-01-14,,0.7,,,Open,No
TKT000948,CUST_123,West,Email,Delivery Delay,Low,AGENT_05,2026-06-14,2026-06-17,35.7,92.5,,Reopened,Yes
TKT003171,CUST_095,North,Phone,Delivery Delay,Low,AGENT_15,2026-04-01,,17.4,,,Open,No
TKT004882,CUST_041,South,Phone,Billing,Medium,AGENT_06,2026-01-03,,5.1,,4,Resolved,Yes
TKT000644,CUST_129,West,Phone,Other,High,AGENT_11,2026-03-23,,1.1,,,Open,No
TKT004725,CUST_106,Central,Email,Account Access,Medium,AGENT_01,2026-01-22,2026-01-25,23.6,92.3,5,Resolved,Yes
TKT001946,CUST_023,South,Phone,Delivery Delay,Low,AGENT_08,2026-03-03,2026-03-07,25.5,,5,Resolved,Yes
TKT003700,CUST_127,West,Email,Damaged Goods,Critical,AGENT_15,2026-02-23,2026-02-23,0.5,6.4,3,Resolved,Yes
TKT004177,CUST_062,West,Email,Damaged Goods,High,AGENT_10,2026-03-24,,1.1,10.7,5,Closed,No
TKT004389,CUST_071,South,Chat,Other,Low,AGENT_09,2026-05-21,2026-05-22,15.7,24.9,2,Resolved,No
TKT004614,CUST_147,North,Portal,Damaged Goods,Medium,AGENT_10,2026-02-15,2026-02-16,0.6,45.3,5,Resolved,Yes
TKT004890,CUST_018,Central,Email,Other,High,AGENT_15,2026-01-01,2026-01-01,2.8,23.9,3,Resolved,Yes
TKT002052,CUST_068,South,Email,Other,Medium,AGENT_05,2026-06-25,2026-06-25,14.9,21.1,3,Closed,No
TKT004622,CUST_094,South,Portal,Other,Medium,AGENT_07,2026-04-14,2026-05-08,2.8,584.9,4,Closed,Yes
TKT002816,CUST_130,North,Portal,Billing,High,AGENT_01,2026-03-04,2026-03-04,6.5,10.5,5,Resolved,No
TKT000393,CUST_091,West,Portal,Delivery Delay,Medium,AGENT_13,2026-06-01,2026-06-03,19.0,49.7,5,Resolved,Yes
TKT004032,CUST_043,South,Phone,Billing,High,AGENT_11,2026-03-12,2026-03-12,0.7,,3,Resolved,Yes
TKT004220,CUST_023,North,Chat,Billing,Medium,AGENT_05,2026-04-20,2026-04-22,13.5,53.5,2,Resolved,Yes
TKT003761,CUST_006,North,Email,Damaged Goods,Low,AGENT_13,2026-05-21,2026-05-22,1.9,37.9,4,Resolved,No
TKT003523,CUST_047,North,Chat,Delivery Delay,Low,AGENT_10,2026-02-08,2026-02-11,2.6,78.5,5,Closed,Yes
TKT001067,CUST_038,South,Chat,Delivery Delay,Medium,AGENT_03,2026-01-04,2026-01-05,18.1,45.3,5,Resolved,Yes
TKT002936,CUST_075,Central,Chat,Other,Medium,AGENT_11,2026-03-01,2026-03-03,22.2,68.5,4,Closed,Yes
TKT002800,CUST_076,Central,Email,Damaged Goods,Medium,AGENT_08,2026-05-30,,1.6,,,Open,No
TKT000998,CUST_094,South,Chat,Delivery Delay,Medium,AGENT_02,2026-02-07,2026-02-08,6.8,33.2,4,Resolved,No
TKT001679,CUST_128,North,Chat,Billing,Medium,AGENT_13,2026-03-12,2026-03-15,11.8,74.9,5,Resolved,Yes
TKT003963,CUST_149,West,Chat,Account Access,High,AGENT_09,2026-02-18,2026-02-19,4.2,27.9,4,Resolved,Yes
TKT001992,CUST_078,East,Portal,Delivery Delay,High,AGENT_05,2026-06-08,2026-06-08,7.5,20.8,,Reopened,Yes
TKT002396,CUST_027,South,Chat,Other,High,AGENT_09,2026-05-28,,3.9,,,Open,No
TKT001948,CUST_092,Central,Email,Other,Critical,AGENT_06,2026-05-23,2026-05-23,1.4,4.4,5,Resolved,Yes
TKT000350,CUST_064,West,Email,Account Access,Low,AGENT_14,2026-01-14,2026-01-15,20.9,37.5,4,Resolved,No
TKT000862,CUST_057,Central,Chat,Billing,Medium,AGENT_13,2026-05-09,2026-05-10,24.0,30.1,4,Resolved,No
TKT000553,CUST_127,South,Email,Billing,Low,AGENT_01,2026-04-22,2026-04-24,10.1,54.6,5,Resolved,No
TKT001730,CUST_100,Central,Chat,Damaged Goods,Medium,AGENT_06,2026-03-29,2026-03-31,4.7,49.9,5,Resolved,Yes
TKT002181,CUST_003,South,Email,Damaged Goods,Medium,AGENT_08,2026-06-25,2026-06-26,13.9,30.4,4,Resolved,No
TKT003237,CUST_120,South,Email,Delivery Delay,High,AGENT_13,2026-03-09,,1.3,,,Open,No
TKT002180,CUST_032,East,Chat,Billing,Low,AGENT_01,2026-06-02,2026-06-07,41.5,141.2,4,Closed,Yes
TKT001233,CUST_038,West,Chat,Delivery Delay,Low,AGENT_08,2026-06-24,2026-06-28,42.9,109.0,5,Resolved,Yes
TKT002016,CUST_081,Central,Chat,Other,Low,AGENT_11,,2026-04-02,19.9,122.7,3,Closed,Yes
TKT002760,CUST_131,North,Phone,Account Access,Critical,AGENT_02,2026-04-08,,1.3,,,Open,No
TKT004534,CUST_059,Central,Portal,Other,Medium,AGENT_12,2026-01-08,2026-01-09,2.6,44.6,5,Resolved,Yes
TKT000888,CUST_028,South,Phone,Other,Medium,AGENT_11,2026-01-11,,3.8,,4,Resolved,Yes
TKT002302,CUST_137,East,Phone,Account Access,High,AGENT_10,2026-02-09,2026-02-09,2.1,23.2,4,Closed,Yes
TKT004812,CUST_054,Central,Phone,Delivery Delay,Low,AGENT_12,2026-05-04,2026-05-09,34.8,,5,Resolved,Yes
TKT001526,CUST_069,North,Chat,Account Access,Low,AGENT_11,2026-03-31,2026-04-01,37.5,41.9,,Reopened,No
TKT004850,CUST_035,South,Chat,Billing,Medium,AGENT_10,2026-05-08,2026-05-11,22.9,92.2,5,Resolved,Yes
TKT003282,CUST_115,South,Email,Other,Medium,AGENT_07,2026-01-18,2026-01-24,5.7,159.5,5,Resolved,Yes
TKT002069,CUST_026,North,Portal,Damaged Goods,Critical,AGENT_13,2026-02-01,2026-02-01,1.4,4.0,5,Resolved,No
TKT004261,CUST_062,Central,Email,Billing,High,AGENT_10,2026-02-14,2026-02-14,3.4,10.1,4,Resolved,No
TKT000976,CUST_102,Central,Chat,Damaged Goods,Critical,AGENT_04,2026-06-26,2026-06-26,1.0,6.7,,Reopened,Yes
TKT003194,CUST_031,South,Chat,Billing,Low,AGENT_03,2026-02-19,2026-02-24,36.8,137.2,4,Resolved,Yes
TKT001361,CUST_146,South,Chat,Damaged Goods,Low,AGENT_12,2026-02-09,2026-02-13,8.2,97.2,4,Resolved,Yes
TKT002236,CUST_029,South,Chat,Billing,Low,AGENT_15,2026-01-09,2026-01-13,25.3,107.7,,Reopened,Yes
TKT000341,CUST_051,West,Phone,Account Access,Medium,AGENT_04,,2026-04-14,21.7,,5,Closed,Yes
TKT004370,CUST_030,North,Chat,Other,Medium,AGENT_15,2026-06-16,2026-06-17,6.3,33.1,5,Resolved,No
TKT002829,CUST_103,West,Chat,Delivery Delay,Critical,AGENT_11,2026-02-08,2026-02-08,1.8,5.3,5,Closed,Yes
TKT003746,CUST_106,South,Portal,Delivery Delay,High,AGENT_15,2026-02-26,2026-02-26,4.0,11.9,2,Resolved,No
TKT002688,CUST_024,East,Phone,Billing,High,AGENT_10,2026-03-07,2026-03-07,1.3,,5,Closed,Yes
TKT004977,CUST_073,East,Chat,Delivery Delay,High,AGENT_03,2026-01-20,2026-01-21,6.5,29.5,4,Resolved,Yes
TKT000993,CUST_127,West,Phone,Delivery Delay,Low,AGENT_04,2026-05-07,2026-05-12,47.9,,5,Resolved,Yes
TKT002854,CUST_137,North,Chat,Delivery Delay,Low,AGENT_13,2026-04-13,2026-04-14,19.4,42.9,3,Closed,No
TKT004910,CUST_134,North,Phone,Account Access,Low,AGENT_15,2026-06-03,2026-06-07,27.1,98.4,5,Resolved,Yes
TKT000637,CUST_006,East,Chat,Account Access,High,AGENT_02,2026-04-08,2026-04-09,4.2,26.6,5,Resolved,Yes
TKT003324,CUST_122,South,Chat,Billing,High,AGENT_02,2026-01-04,2026-01-04,2.5,5.6,4,Resolved,No
TKT000186,CUST_005,South,Email,Delivery Delay,Low,AGENT_08,2026-04-13,2026-04-19,20.0,153.9,4,Resolved,Yes
TKT001020,CUST_052,North,Email,Other,Low,AGENT_10,2026-06-28,2026-06-29,8.8,44.4,4,Closed,No
TKT003580,CUST_132,West,Chat,Other,Medium,AGENT_02,2026-06-21,,23.2,70.5,4,Resolved,Yes
TKT002814,CUST_084,South,Email,Damaged Goods,Medium,AGENT_12,2026-06-28,2026-06-30,11.5,49.2,5,Resolved,Yes
TKT004088,CUST_112,Central,Phone,Other,Low,AGENT_09,2026-01-24,,39.5,,4,Closed,Yes
TKT003131,CUST_046,South,Phone,Billing,Medium,AGENT_01,2026-05-12,2026-05-15,12.9,,3,Resolved,Yes
TKT004748,CUST_144,East,Email,Delivery Delay,Low,AGENT_08,2026-01-17,2026-01-20,33.4,93.1,4,Resolved,Yes
TKT001970,CUST_093,South,Email,Damaged Goods,Low,AGENT_02,2026-06-04,2026-06-10,32.1,-13.9,,Reopened,Yes
TKT002681,CUST_100,Central,Email,Billing,Low,AGENT_13,2026-03-24,2026-03-29,31.9,138.3,3,Resolved,Yes
TKT002432,CUST_072,East,Email,Delivery Delay,Critical,AGENT_10,2026-01-16,,0.6,,,Open,No
TKT002122,CUST_100,West,Chat,Other,Medium,AGENT_06,2026-06-25,,18.3,83.2,3,Resolved,Yes
TKT000474,CUST_063,West,Email,Billing,Low,AGENT_04,2026-02-19,2026-02-25,26.3,154.2,4,Resolved,Yes
TKT001381,CUST_039,West,Chat,Other,High,AGENT_12,2026-03-29,2026-03-29,2.1,14.8,3,Resolved,Yes
TKT001631,CUST_133,Central,Email,Other,Medium,AGENT_09,2026-02-02,2026-02-02,1.3,17.8,,Reopened,No
TKT000701,CUST_108,North,Portal,Other,High,AGENT_05,2026-06-08,2026-06-08,3.8,17.7,,Reopened,Yes
TKT002719,CUST_056,East,Chat,Damaged Goods,Medium,AGENT_13,2026-03-20,,15.2,,,Open,No
TKT001401,CUST_058,East,Chat,Delivery Delay,Low,AGENT_09,2026-05-08,2026-05-10,11.1,57.3,2,Closed,No
TKT000897,CUST_034,West,Email,Other,Medium,AGENT_12,,2026-06-29,10.6,40.3,5,Resolved,Yes
TKT003596,CUST_072,West,Email,Account Access,High,AGENT_11,2026-02-04,,5.1,24.1,3,Resolved,Yes
TKT002670,CUST_060,North,Phone,Billing,Medium,AGENT_09,2026-03-23,2026-03-25,19.1,50.6,3,Resolved,Yes
TKT002239,CUST_035,Central,Phone,Other,High,AGENT_05,2026-03-15,2026-03-15,2.0,,5,Resolved,Yes
TKT003788,CUST_133,Central,Phone,Delivery Delay,Medium,AGENT_13,2026-02-20,2026-02-20,11.2,,5,Resolved,No
TKT001792,CUST_087,East,Phone,Billing,Critical,AGENT_08,2026-06-22,2026-06-22,0.9,,1,Resolved,Yes
TKT002073,CUST_011,North,Chat,Account Access,High,AGENT_09,2026-03-31,2026-04-01,6.5,25.7,,Reopened,Yes
TKT002256,CUST_136,Central,Email,Billing,Critical,AGENT_09,2026-05-02,2026-05-02,0.6,3.8,1,Resolved,No
TKT002921,CUST_050,North,Chat,Billing,High,AGENT_09,2026-04-28,2026-04-28,3.3,20.8,1,Resolved,Yes
TKT003785,CUST_068,Central,Email,Damaged Goods,Medium,AGENT_13,2026-02-12,2026-02-14,21.4,54.7,3,Resolved,Yes
TKT002633,CUST_004,South,Portal,Delivery Delay,Medium,AGENT_03,2026-06-19,,23.3,,,Open,No
TKT000389,CUST_107,North,Portal,Other,High,AGENT_05,2026-01-06,2026-01-06,1.2,12.9,5,Resolved,Yes
TKT001521,CUST_066,South,Email,Billing,Medium,AGENT_15,2026-04-01,,19.5,,,Open,No
TKT001525,CUST_110,East,Chat,Account Access,Medium,AGENT_13,2026-04-10,2026-04-10,7.9,22.4,5,Resolved,No
TKT001750,CUST_033,Central,Portal,Billing,Low,AGENT_08,2026-01-25,2026-01-26,27.5,44.5,4,Closed,No
TKT001373,CUST_028,Central,Email,Delivery Delay,High,AGENT_04,2026-05-10,,4.8,10.1,5,Resolved,No
TKT000323,CUST_086,South,Email,Delivery Delay,Medium,AGENT_11,2026-02-27,2026-03-02,22.1,75.7,5,Resolved,Yes
TKT004792,CUST_090,East,Phone,Billing,Medium,AGENT_14,2026-06-21,2026-06-22,1.2,,5,Resolved,No
TKT000510,CUST_098,South,Phone,Delivery Delay,Medium,AGENT_07,2026-05-23,2026-06-25,17.7,,5,Resolved,Yes
TKT003932,CUST_143,Central,Email,Delivery Delay,Low,AGENT_08,2026-02-05,2026-02-08,1.2,81.8,1,Resolved,Yes
TKT000161,CUST_031,Central,Chat,Delivery Delay,Critical,AGENT_15,2026-05-10,2026-05-10,1.6,3.7,,Reopened,No
TKT000043,CUST_132,East,Phone,Damaged Goods,Medium,AGENT_09,2026-02-20,2026-02-21,1.6,,5,Resolved,Yes
TKT000869,CUST_027,South,Chat,Billing,High,AGENT_02,2026-03-17,2026-03-17,7.2,10.1,4,Resolved,No
TKT003101,CUST_078,Central,Portal,Billing,High,AGENT_03,,2026-04-11,6.3,22.6,5,Resolved,Yes
TKT003047,CUST_114,East,Email,Other,Low,AGENT_11,2026-03-21,2026-03-25,12.1,100.9,4,Resolved,Yes
TKT003294,CUST_062,North,Email,Account Access,Critical,AGENT_10,2026-03-29,,1.2,-10.1,4,Resolved,Yes
TKT001277,CUST_113,South,Phone,Account Access,Medium,AGENT_03,,2026-06-01,23.4,,,Reopened,Yes
TKT000861,CUST_144,North,Chat,Damaged Goods,Medium,AGENT_03,2026-03-27,2026-03-28,18.6,25.4,4,Closed,No
TKT000239,CUST_119,North,Phone,Billing,Medium,AGENT_03,2026-03-14,2026-03-15,10.1,,2,Closed,Yes
TKT002263,CUST_103,South,Phone,Account Access,High,AGENT_08,2026-04-27,2026-04-27,2.3,,4,Resolved,No
TKT002262,CUST_147,Central,Chat,Billing,Medium,AGENT_05,2026-06-14,2026-06-16,1.0,67.5,4,Resolved,Yes
TKT001163,CUST_025,East,Phone,Billing,Low,AGENT_11,2026-04-17,2026-04-23,32.3,,2,Resolved,Yes
TKT003110,CUST_110,West,Email,Account Access,Low,AGENT_03,2026-02-03,,45.3,,,Open,No
TKT003063,CUST_129,North,Chat,Damaged Goods,Medium,AGENT_08,2026-04-06,,19.0,,,Open,No
TKT004254,CUST_088,Central,Email,Delivery Delay,Medium,AGENT_07,2026-05-22,2026-06-12,9.8,518.4,3,Resolved,Yes
TKT000689,CUST_115,East,Chat,Other,Low,AGENT_10,2026-04-23,2026-04-26,1.9,91.6,4,Resolved,Yes
TKT001968,CUST_061,East,Portal,Billing,Low,AGENT_14,2026-01-22,2026-01-28,16.7,156.0,,Reopened,Yes
TKT003806,CUST_116,East,Chat,Billing,Medium,AGENT_08,2026-02-05,2026-02-07,10.5,55.1,4,Resolved,Yes
TKT000938,CUST_117,South,Portal,Billing,Low,AGENT_08,2026-03-13,,39.7,85.1,4,Resolved,Yes
TKT000387,CUST_079,Central,Chat,Other,Low,AGENT_09,2026-01-11,2026-01-17,35.1,166.0,4,Closed,Yes
TKT002660,CUST_144,East,Email,Billing,High,AGENT_07,2026-04-05,2026-04-13,5.6,205.6,5,Resolved,Yes
TKT002604,CUST_092,Central,Chat,Damaged Goods,Medium,AGENT_15,2026-04-03,2026-04-04,5.3,31.3,1,Resolved,No
TKT004853,CUST_123,South,Email,Billing,Medium,AGENT_15,2026-01-08,2026-01-10,17.6,66.9,5,Resolved,Yes
TKT003419,CUST_123,Central,Portal,Billing,Low,AGENT_01,2026-04-10,2026-04-15,1.3,131.8,5,Resolved,Yes
TKT003611,CUST_096,Central,Email,Billing,Low,AGENT_06,2026-05-05,2026-05-12,37.5,168.5,5,Resolved,Yes
TKT001701,CUST_057,South,Phone,Other,High,AGENT_10,2026-04-22,2026-04-22,3.5,,,Reopened,No
TKT000017,CUST_104,East,Phone,Delivery Delay,Low,AGENT_07,2026-05-05,,11.3,,4,Resolved,Yes
TKT002823,CUST_117,East,Email,Account Access,Low,AGENT_15,2026-01-21,2026-01-27,15.5,154.9,4,Closed,Yes
TKT003870,CUST_117,Central,Email,Billing,Medium,AGENT_06,2026-04-28,2026-05-01,10.8,77.3,4,Resolved,Yes
TKT002318,CUST_119,North,Phone,Billing,High,AGENT_04,2026-04-21,,2.4,,,Open,No
TKT003049,CUST_144,East,Portal,Billing,High,AGENT_05,2026-04-05,,6.0,,,Open,No
TKT003906,CUST_085,Central,Email,Delivery Delay,High,AGENT_01,2026-02-24,2026-02-25,5.3,27.4,5,Resolved,Yes
TKT003586,CUST_093,North,Email,Delivery Delay,Low,AGENT_01,2026-05-10,2026-05-13,37.5,92.9,5,Resolved,Yes
TKT004624,CUST_074,Central,Portal,Damaged Goods,Critical,AGENT_09,2026-04-18,2026-04-18,0.8,4.1,4,Closed,Yes
TKT004207,CUST_122,East,Chat,Account Access,Medium,AGENT_04,2026-06-23,2026-06-24,8.9,25.4,1,Resolved,No
TKT001365,CUST_110,Central,Phone,Billing,High,AGENT_04,2026-04-27,2026-04-28,2.5,,4,Resolved,Yes
TKT001893,CUST_102,South,Chat,Billing,Low,AGENT_08,2026-01-06,2026-01-07,9.7,35.0,4,Resolved,No
TKT000576,CUST_033,North,Email,Damaged Goods,Low,AGENT_12,2026-01-23,2026-01-26,41.5,92.0,4,Closed,Yes
TKT004212,CUST_124,East,Chat,Delivery Delay,Low,AGENT_13,2026-05-22,2026-05-25,21.0,87.6,3,Closed,Yes
TKT001660,CUST_091,South,Portal,Billing,Low,AGENT_01,2026-06-28,,22.0,156.9,5,Resolved,Yes
TKT000396,CUST_135,South,Phone,Billing,Low,AGENT_14,2026-01-29,2026-02-02,38.7,,2,Resolved,Yes
TKT001198,CUST_097,West,Chat,Delivery Delay,High,AGENT_07,2026-05-03,2026-05-14,3.2,271.8,5,Resolved,Yes
TKT002562,CUST_039,East,Phone,Billing,Low,AGENT_02,2026-01-05,2026-01-07,28.1,,5,Resolved,No
TKT000063,CUST_078,Central,Chat,Billing,Low,AGENT_03,2026-04-08,2026-04-12,31.1,96.7,,Reopened,Yes
TKT003972,CUST_133,North,Chat,Billing,Medium,AGENT_15,2026-03-26,,13.0,69.1,,Reopened,Yes
TKT004683,CUST_063,Central,Chat,Delivery Delay,Low,AGENT_10,2026-05-27,,10.1,,,Open,No
TKT000552,CUST_037,East,Email,Damaged Goods,High,AGENT_05,2026-06-21,2026-06-21,4.2,13.1,,Reopened,Yes
TKT001411,CUST_034,Central,Chat,Damaged Goods,Low,AGENT_11,2026-01-02,2026-01-04,10.8,71.9,3,Resolved,No
TKT003489,CUST_002,North,Chat,Other,Medium,AGENT_08,2026-05-10,2026-05-13,19.5,84.4,5,Closed,Yes
TKT002820,CUST_136,East,Phone,Account Access,Critical,AGENT_02,2026-03-28,2026-03-28,1.4,,4,Resolved,Yes
TKT004110,CUST_116,South,Email,Delivery Delay,Medium,AGENT_02,2026-04-01,2026-04-01,1.3,10.2,5,Closed,No
TKT000979,CUST_072,West,Phone,Damaged Goods,Medium,AGENT_14,2026-06-18,2026-06-21,23.7,,,Reopened,Yes
TKT002385,CUST_088,South,Chat,Delivery Delay,Critical,AGENT_07,2026-05-13,,1.7,33.7,4,Closed,Yes
TKT003416,CUST_146,East,Chat,Delivery Delay,Low,AGENT_14,2026-03-31,2026-04-05,10.6,133.2,,Reopened,Yes
TKT001703,CUST_011,West,Phone,Delivery Delay,Low,AGENT_09,2026-02-17,2026-02-22,22.3,,4,Resolved,Yes
TKT004786,CUST_131,North,Chat,Billing,Medium,AGENT_10,2026-06-30,2026-07-01,1.1,39.6,,Reopened,Yes
TKT003263,CUST_036,South,Chat,Other,Critical,AGENT_03,2026-02-27,2026-02-27,0.7,2.9,3,Resolved,No
TKT000311,CUST_014,East,Phone,Billing,Medium,AGENT_07,2026-01-13,,12.5,,,Open,No
TKT002498,CUST_062,North,Chat,Damaged Goods,High,AGENT_04,2026-02-10,2026-02-10,3.5,17.2,5,Closed,Yes
TKT000462,CUST_062,South,Email,Account Access,Low,AGENT_15,2026-01-09,2026-01-14,27.6,121.2,4,Resolved,Yes
TKT004928,CUST_017,Central,Chat,Damaged Goods,Low,AGENT_07,2026-04-08,,44.3,,,Open,No
TKT004762,CUST_129,North,Chat,Delivery Delay,Medium,AGENT_08,2026-06-24,2026-06-24,1.4,8.3,5,Resolved,No
TKT004347,CUST_014,North,Email,Damaged Goods,Low,AGENT_01,2026-02-17,2026-02-21,45.8,96.5,,Reopened,Yes
TKT002344,CUST_054,East,Chat,Billing,Low,AGENT_09,2026-05-04,,14.2,,,Open,No
TKT001707,CUST_022,Central,Portal,Billing,Critical,AGENT_14,2026-06-26,2026-06-26,1.5,7.0,3,Resolved,Yes
TKT001809,CUST_109,South,Email,Delivery Delay,Medium,AGENT_12,2026-06-24,,16.4,,,Open,No
TKT003675,CUST_064,North,Portal,Account Access,Medium,AGENT_08,2026-05-07,2026-05-10,13.9,77.1,,Reopened,Yes
TKT002674,CUST_039,West,Email,Damaged Goods,Low,AGENT_08,2026-01-30,2026-02-05,20.6,157.0,,Reopened,Yes
TKT002208,CUST_146,South,Email,Delivery Delay,Medium,AGENT_15,2026-04-07,,4.2,,,Open,No
TKT000482,CUST_078,North,Chat,Other,Low,AGENT_03,2026-01-03,2026-01-07,17.2,99.8,5,Closed,Yes
TKT002775,CUST_085,East,Email,Billing,Critical,AGENT_05,2026-04-18,2026-04-18,1.4,5.7,5,Resolved,Yes
TKT000836,CUST_073,East,Chat,Billing,Low,AGENT_10,2026-04-02,,33.1,,,Open,No
TKT002141,CUST_116,South,Email,Other,High,AGENT_10,2026-05-24,2026-05-24,5.9,17.7,,Reopened,Yes
TKT003566,CUST_076,Central,Email,Delivery Delay,Medium,AGENT_14,2026-06-25,2026-06-26,17.6,26.2,,Reopened,No
TKT000148,CUST_119,North,Chat,Damaged Goods,High,AGENT_03,2026-06-27,2026-06-27,4.2,13.0,4,Resolved,Yes
TKT002651,CUST_089,West,Email,Billing,Low,AGENT_01,2026-04-19,2026-04-24,19.9,132.8,5,Resolved,Yes
TKT000029,CUST_138,Central,Chat,Delivery Delay,Low,AGENT_09,2026-03-15,2026-03-21,37.3,144.4,2,Resolved,Yes
TKT002413,CUST_096,Central,Email,Delivery Delay,Medium,AGENT_01,2026-02-06,2026-02-07,19.9,34.9,5,Resolved,No
TKT003233,CUST_099,North,Chat,Other,Low,AGENT_12,2026-06-22,2026-06-24,1.4,57.0,4,Resolved,No
TKT001904,CUST_124,South,Email,Billing,Medium,AGENT_09,2026-03-27,2026-03-30,22.0,93.0,1,Resolved,Yes
TKT000190,CUST_124,South,Email,Billing,Low,AGENT_15,2026-04-20,2026-04-22,14.5,54.8,5,Closed,No
TKT003045,CUST_077,West,Chat,Account Access,Medium,AGENT_05,2026-05-12,2026-05-13,8.3,33.8,3,Resolved,No
TKT003812,CUST_138,South,Chat,Damaged Goods,Medium,AGENT_14,2026-02-20,2026-02-23,12.6,81.8,5,Resolved,Yes
TKT000342,CUST_007,Central,Chat,Other,Low,AGENT_13,2026-03-03,2026-03-04,24.4,42.6,5,Resolved,No
TKT002415,CUST_082,West,Email,Account Access,Low,AGENT_07,2026-05-01,2026-06-18,22.5,1158.2,3,Resolved,Yes
TKT001872,CUST_023,West,Email,Account Access,Medium,AGENT_08,2026-02-15,2026-02-17,12.2,56.9,2,Resolved,Yes
TKT001712,CUST_023,Central,Portal,Billing,Low,AGENT_10,2026-03-28,2026-04-03,19.4,152.0,4,Resolved,Yes
TKT003015,CUST_142,East,Portal,Billing,High,AGENT_02,2026-04-13,2026-04-13,2.9,8.3,5,Resolved,No
TKT004841,CUST_004,West,Chat,Delivery Delay,Low,AGENT_07,2026-04-19,2026-07-02,44.3,1778.3,2,Resolved,Yes
TKT003714,CUST_017,East,Phone,Delivery Delay,Low,AGENT_10,2026-02-24,2026-02-25,23.1,,2,Resolved,No
TKT001571,CUST_003,East,Chat,Delivery Delay,Low,AGENT_15,2026-02-03,2026-02-10,44.3,172.4,3,Resolved,Yes
TKT002672,CUST_121,East,Phone,Delivery Delay,Medium,AGENT_11,2026-06-27,2026-06-29,7.2,,,Reopened,Yes
TKT003493,CUST_097,West,Email,Delivery Delay,Medium,AGENT_14,2026-02-28,2026-03-02,14.7,57.9,2,Resolved,Yes
TKT002861,CUST_068,North,Email,Delivery Delay,Medium,AGENT_04,2026-01-17,2026-01-20,11.7,72.0,4,Resolved,Yes
TKT004459,CUST_105,North,Email,Delivery Delay,Medium,AGENT_15,,2026-04-17,12.5,27.6,,Reopened,No
TKT002113,CUST_073,West,Phone,Billing,Low,AGENT_05,2026-03-08,2026-03-09,22.0,,4,Closed,No
TKT003423,CUST_051,North,Chat,Billing,High,AGENT_04,2026-02-07,2026-02-07,3.4,22.3,5,Resolved,Yes
TKT002987,CUST_121,North,Chat,Damaged Goods,Low,AGENT_12,2026-05-03,,13.2,156.6,1,Closed,Yes
TKT000257,CUST_062,North,Email,Delivery Delay,Medium,AGENT_12,,2026-01-12,22.7,79.8,5,Resolved,Yes
TKT000728,CUST_064,West,Email,Billing,High,AGENT_12,2026-04-01,2026-04-01,7.9,19.0,5,Closed,Yes
TKT002606,CUST_073,West,Email,Billing,Medium,AGENT_02,2026-04-08,2026-04-11,19.4,76.6,4,Resolved,Yes
TKT002837,CUST_103,North,Chat,Delivery Delay,Medium,AGENT_07,2026-04-09,2026-05-06,2.1,648.4,,Reopened,Yes
TKT003421,CUST_045,East,Chat,Billing,Critical,AGENT_03,2026-03-20,2026-03-20,1.9,4.6,5,Resolved,Yes
TKT003025,CUST_044,East,Chat,Billing,Medium,AGENT_08,2026-04-29,2026-05-01,2.5,63.7,2,Resolved,Yes
TKT004255,CUST_090,Central,Portal,Damaged Goods,Medium,AGENT_10,2026-01-22,2026-01-23,4.2,-6.4,3,Resolved,No
TKT003366,CUST_144,South,Chat,Damaged Goods,Medium,AGENT_14,2026-02-09,2026-02-09,16.6,19.7,3,Closed,No
TKT002968,CUST_100,Central,Email,Delivery Delay,Low,AGENT_07,2026-01-02,2026-01-12,11.6,254.5,2,Resolved,Yes
TKT004619,CUST_044,West,Email,Other,Critical,AGENT_07,2026-03-27,2026-03-29,1.7,48.0,1,Closed,Yes
TKT001783,CUST_119,North,Email,Delivery Delay,Low,AGENT_05,2026-02-10,2026-02-16,27.2,150.3,4,Closed,Yes
TKT001345,CUST_128,West,Portal,Billing,Medium,AGENT_04,2026-03-14,2026-03-16,13.0,53.3,,Reopened,Yes
TKT001755,CUST_105,South,Phone,Billing,Medium,AGENT_08,2026-06-12,2026-06-14,19.1,,5,Resolved,Yes
TKT002807,CUST_030,Central,Email,Damaged Goods,High,AGENT_08,2026-01-12,2026-01-12,2.5,5.3,4,Closed,No
TKT003936,CUST_136,North,Email,Other,High,AGENT_09,2026-06-10,2026-06-10,1.7,5.8,2,Resolved,No
TKT000354,CUST_145,West,Email,Delivery Delay,Medium,AGENT_15,2026-06-26,2026-06-29,22.0,81.8,4,Resolved,Yes
TKT001023,CUST_091,Central,Portal,Delivery Delay,Low,AGENT_11,2026-03-24,,9.1,60.9,4,Resolved,No
TKT002514,CUST_041,North,Chat,Other,High,AGENT_06,2026-02-19,2026-02-19,2.0,7.5,4,Resolved,No
TKT000279,CUST_102,North,Chat,Billing,Low,AGENT_10,2026-05-31,2026-06-02,21.3,-5.1,1,Resolved,No
TKT003521,CUST_129,South,Email,Delivery Delay,Medium,AGENT_06,2026-05-02,2026-05-04,18.0,61.2,3,Resolved,Yes
TKT002842,CUST_117,North,Phone,Billing,Low,AGENT_09,2026-05-09,2026-05-16,39.8,,,Reopened,Yes
TKT002127,CUST_013,Central,Email,Billing,Low,AGENT_13,2026-04-16,,2.2,,,Open,No
TKT000236,CUST_046,West,Email,Other,Critical,AGENT_06,2026-04-18,2026-04-18,1.8,7.0,4,Resolved,Yes
TKT001488,CUST_117,Central,Phone,Delivery Delay,Medium,AGENT_03,2026-04-22,2026-04-24,19.5,,4,Resolved,Yes
TKT004400,CUST_067,Central,Chat,Billing,Low,AGENT_08,2026-02-05,2026-02-07,45.1,57.6,5,Resolved,No
TKT003035,CUST_140,North,Chat,Delivery Delay,Medium,AGENT_03,2026-02-23,,2.4,,,Open,No
TKT004230,CUST_065,North,Email,Account Access,Medium,AGENT_11,2026-05-16,,20.9,,,Open,No
TKT002740,CUST_015,South,Email,Account Access,Low,AGENT_12,2026-03-02,,36.2,,,Open,No
TKT000617,CUST_111,Central,Email,Other,High,AGENT_01,2026-03-15,2026-03-16,7.7,26.8,4,Resolved,Yes
TKT000332,CUST_121,South,Chat,Billing,Low,AGENT_07,2026-03-02,2026-03-25,5.4,565.9,5,Resolved,Yes
TKT004045,CUST_046,East,Chat,Account Access,Low,AGENT_09,2026-02-17,2026-02-22,7.9,133.6,2,Resolved,Yes
TKT000855,CUST_120,South,Chat,Damaged Goods,Medium,AGENT_01,2026-05-09,2026-05-11,6.7,58.4,4,Closed,Yes
TKT003011,CUST_094,Central,Email,Billing,Low,AGENT_09,2026-02-27,2026-03-02,29.9,81.2,5,Resolved,Yes
TKT004432,CUST_134,Central,Chat,Delivery Delay,Medium,AGENT_11,2026-03-06,2026-03-08,9.8,64.7,5,Resolved,Yes
TKT001515,CUST_021,Central,Email,Damaged Goods,Medium,AGENT_13,2026-03-23,2026-03-24,7.5,31.7,4,Resolved,No
TKT001588,CUST_028,South,Email,Account Access,Low,AGENT_06,2026-05-30,2026-06-01,1.6,62.3,3,Resolved,No
TKT004625,CUST_005,North,Email,Delivery Delay,High,AGENT_06,2026-05-27,2026-05-28,7.4,29.9,4,Resolved,Yes
TKT000882,CUST_031,East,Phone,Billing,Medium,AGENT_02,2026-06-30,2026-07-02,22.5,,4,Resolved,Yes
TKT002955,CUST_103,Central,Email,Other,High,AGENT_01,2026-04-30,2026-04-30,3.7,17.7,5,Resolved,Yes
TKT000243,CUST_083,Central,Portal,Billing,Medium,AGENT_11,2026-06-25,2026-06-26,11.7,44.0,2,Resolved,Yes
TKT002491,CUST_130,Central,Email,Delivery Delay,Critical,AGENT_02,2026-02-27,2026-02-27,1.2,6.5,2,Resolved,Yes
TKT000872,CUST_007,North,Chat,Other,Medium,AGENT_13,2026-03-04,2026-03-06,21.5,68.1,5,Resolved,Yes
TKT004380,CUST_137,Central,Email,Billing,High,AGENT_04,2026-02-20,2026-02-21,6.3,26.9,3,Resolved,Yes
TKT003990,CUST_119,East,Chat,Delivery Delay,Low,AGENT_05,2026-04-06,,43.6,,,Open,No
TKT004356,CUST_036,South,Email,Delivery Delay,Low,AGENT_01,2026-01-24,2026-01-27,2.3,90.4,,Reopened,Yes
TKT000375,CUST_122,South,Email,Account Access,Medium,AGENT_14,2026-03-16,2026-03-19,17.4,73.4,4,Closed,Yes
TKT001129,CUST_110,Central,Phone,Damaged Goods,High,AGENT_03,2026-06-23,2026-06-24,4.6,27.2,4,Resolved,Yes
TKT003973,CUST_123,North,Phone,Billing,Medium,AGENT_06,2026-06-03,2026-06-05,11.6,70.2,,Reopened,Yes
TKT000863,CUST_110,South,Chat,Delivery Delay,Low,AGENT_01,,2026-03-11,12.8,91.2,5,Resolved,Yes
TKT004672,CUST_014,East,Phone,Other,Medium,AGENT_09,2026-01-29,,2.4,,,Open,No
TKT002408,CUST_147,North,Chat,Billing,High,AGENT_06,2026-02-25,2026-02-25,5.1,13.6,5,Resolved,Yes
TKT002409,CUST_112,West,Email,Billing,Low,AGENT_12,2026-06-04,2026-06-09,16.0,143.9,3,Resolved,Yes
TKT002347,CUST_143,West,Chat,Billing,Low,AGENT_14,2026-04-12,2026-04-13,23.2,32.6,4,Resolved,No
TKT004531,CUST_126,East,Chat,Billing,Medium,AGENT_11,2026-05-25,2026-05-26,18.6,27.5,,Reopened,No
TKT000207,CUST_046,North,Phone,Damaged Goods,High,AGENT_02,2026-02-23,2026-02-23,2.0,12.2,3,Resolved,Yes
TKT001412,CUST_004,East,Phone,Delivery Delay,Medium,AGENT_06,2026-05-10,2026-05-11,7.8,,3,Resolved,No
TKT003447,CUST_010,Central,Chat,Delivery Delay,Medium,AGENT_11,2026-04-14,,20.5,47.1,2,Resolved,Yes
TKT001231,CUST_067,West,Email,Other,Medium,AGENT_08,2026-03-08,2026-03-09,6.6,46.7,4,Resolved,Yes
TKT000985,CUST_061,North,Email,Other,Medium,AGENT_03,2026-06-23,2026-06-25,13.6,69.6,4,Resolved,Yes
TKT000173,CUST_074,North,Email,Delivery Delay,Low,AGENT_15,2026-05-16,2026-05-20,46.4,98.9,4,Closed,Yes
TKT001082,CUST_066,East,Chat,Damaged Goods,Low,AGENT_14,2026-01-01,2026-01-03,23.4,55.3,2,Resolved,No
TKT004899,CUST_116,Central,Phone,Delivery Delay,Medium,AGENT_09,2026-02-07,2026-02-08,7.3,,1,Closed,Yes
TKT001754,CUST_124,Central,Email,Billing,Medium,AGENT_14,2026-05-23,2026-05-24,14.6,25.0,3,Resolved,No
TKT000697,CUST_022,Central,Phone,Billing,Low,AGENT_08,2026-05-28,2026-06-02,31.9,,5,Resolved,Yes
TKT000903,CUST_109,North,Portal,Damaged Goods,Medium,AGENT_05,2026-02-22,2026-02-23,20.0,45.9,5,Resolved,Yes
TKT004893,CUST_143,East,Email,Damaged Goods,High,AGENT_10,2026-02-27,,0.7,,,Open,No
TKT001166,CUST_093,East,Chat,Other,Low,AGENT_08,2026-04-03,2026-04-06,6.8,89.7,5,Resolved,Yes
TKT002168,CUST_108,South,Phone,Billing,Low,AGENT_13,2026-03-07,2026-03-12,32.5,,4,Closed,Yes
TKT000464,CUST_124,West,Portal,Delivery Delay,Critical,AGENT_08,2026-06-14,2026-06-14,0.8,3.0,4,Resolved,No
TKT002811,CUST_138,East,Phone,Account Access,Medium,AGENT_05,2026-02-22,,5.1,,,Open,No
TKT001950,CUST_061,South,Chat,Delivery Delay,Medium,AGENT_15,2026-01-17,2026-01-19,11.5,57.9,4,Closed,Yes
TKT004731,CUST_068,North,Chat,Billing,Medium,AGENT_06,2026-05-06,,5.4,71.1,5,Closed,Yes
TKT004623,CUST_014,Central,Portal,Damaged Goods,Medium,AGENT_09,2026-01-08,2026-01-09,19.1,26.7,5,Resolved,No
TKT001105,CUST_110,South,Chat,Delivery Delay,High,AGENT_11,2026-05-15,2026-05-16,6.5,29.8,4,Resolved,Yes
TKT003078,CUST_054,West,Chat,Other,Medium,AGENT_10,2026-03-28,,20.1,,,Open,No
TKT001416,CUST_015,North,Chat,Billing,High,AGENT_12,2026-05-18,2026-05-18,1.9,9.6,4,Resolved,No
TKT002833,CUST_052,Central,Email,Delivery Delay,Medium,AGENT_09,2026-01-22,2026-01-24,3.8,60.5,4,Resolved,Yes
TKT000497,CUST_111,North,Phone,Billing,Critical,AGENT_09,2026-04-05,2026-04-05,1.8,,,Reopened,Yes
TKT004011,CUST_096,South,Email,Delivery Delay,Medium,AGENT_12,2026-02-02,2026-02-03,4.5,41.7,3,Resolved,Yes
TKT004441,CUST_127,East,Email,Other,High,AGENT_15,2026-03-31,2026-04-01,5.0,26.9,5,Resolved,Yes
TKT003442,CUST_002,West,Chat,Billing,Critical,AGENT_02,2026-06-24,2026-06-24,1.1,5.9,3,Resolved,Yes
TKT001017,CUST_036,South,Portal,Delivery Delay,Low,AGENT_05,2026-01-11,2026-01-17,42.0,162.5,,Reopened,Yes
TKT004593,CUST_078,South,Chat,Other,High,AGENT_07,2026-02-24,2026-03-01,5.3,130.1,2,Closed,Yes
TKT003759,CUST_092,East,Phone,Billing,Low,AGENT_12,2026-05-22,2026-05-25,29.2,,4,Resolved,Yes
TKT004323,CUST_111,South,Email,Delivery Delay,Low,AGENT_05,2026-02-24,2026-02-27,18.2,84.7,5,Closed,Yes
TKT001639,CUST_128,East,Email,Billing,High,AGENT_08,2026-03-19,2026-03-19,1.9,6.4,5,Resolved,No
TKT004855,CUST_039,East,Email,Account Access,Low,AGENT_04,2026-02-13,2026-02-15,13.4,58.6,5,Resolved,No
TKT004743,CUST_033,Central,Chat,Damaged Goods,Low,AGENT_13,2026-05-06,2026-05-09,41.0,83.5,4,Closed,Yes
TKT003841,CUST_008,West,Portal,Damaged Goods,Low,AGENT_10,2026-05-04,2026-05-07,38.7,75.9,4,Resolved,Yes
TKT001762,CUST_002,Central,Email,Billing,Low,AGENT_11,2026-05-29,2026-06-03,7.9,137.1,5,Resolved,Yes
TKT004932,CUST_024,East,Email,Account Access,Low,AGENT_03,2026-02-22,,21.3,145.1,5,Resolved,Yes
TKT000295,CUST_086,East,Portal,Delivery Delay,Medium,AGENT_06,2026-06-12,2026-06-12,8.1,15.3,5,Resolved,No
TKT003513,CUST_050,North,Phone,Damaged Goods,Medium,AGENT_03,2026-03-28,,4.6,,,Open,No
TKT002466,CUST_001,North,Chat,Billing,Low,AGENT_08,2026-05-05,,35.1,175.9,5,Closed,Yes
TKT003874,CUST_087,Central,Phone,Delivery Delay,Low,AGENT_09,2026-04-04,2026-04-05,17.7,,3,Resolved,No
TKT004215,CUST_026,South,Phone,Other,Critical,AGENT_04,2026-05-17,2026-05-17,1.5,,3,Resolved,Yes
TKT001592,CUST_083,North,Email,Other,Medium,AGENT_10,2026-04-26,2026-04-27,18.0,40.9,3,Closed,Yes
TKT004942,CUST_041,South,Phone,Billing,Critical,AGENT_14,2026-03-16,2026-03-16,0.9,,4,Closed,Yes
TKT003483,CUST_105,West,Email,Other,High,AGENT_15,2026-02-25,2026-02-25,6.5,9.3,5,Resolved,No
TKT002169,CUST_022,South,Portal,Account Access,Medium,AGENT_07,2026-04-21,2026-05-19,23.8,695.3,5,Resolved,Yes
TKT001758,CUST_123,Central,Phone,Other,Low,AGENT_04,2026-05-16,2026-05-21,5.2,,4,Resolved,Yes
TKT004602,CUST_074,West,Email,Delivery Delay,Medium,AGENT_11,2026-03-21,2026-03-24,17.1,74.1,4,Resolved,Yes
TKT004018,CUST_130,West,Phone,Other,Critical,AGENT_11,2026-01-17,,1.3,-14.2,5,Resolved,Yes
TKT004235,CUST_116,West,Phone,Billing,Medium,AGENT_15,2026-02-10,2026-02-11,14.5,,3,Resolved,No
TKT000485,CUST_059,Central,Chat,Billing,High,AGENT_12,2026-06-17,,2.6,,,Open,No
TKT002451,CUST_037,East,Chat,Billing,Medium,AGENT_13,2026-06-12,2026-06-14,14.9,53.1,4,Resolved,Yes
TKT004993,CUST_110,South,Phone,Billing,High,AGENT_14,2026-05-21,2026-05-21,2.9,,5,Resolved,Yes
TKT001963,CUST_132,North,Portal,Billing,Low,AGENT_12,2026-01-13,2026-01-18,1.2,142.2,,Reopened,Yes
TKT002728,CUST_135,North,Email,Other,Medium,AGENT_02,2026-03-25,,18.6,27.5,5,Closed,No
TKT002781,CUST_147,North,Chat,Delivery Delay,High,AGENT_11,2026-05-16,2026-05-16,5.0,8.4,4,Resolved,No
TKT000868,CUST_008,Central,Portal,Billing,Medium,AGENT_04,2026-04-21,2026-04-21,3.6,18.1,5,Resolved,No
TKT003041,CUST_106,East,Email,Billing,Critical,AGENT_12,2026-04-29,2026-04-29,0.6,3.8,4,Closed,No
TKT004842,CUST_141,Central,Email,Damaged Goods,High,AGENT_15,2026-03-26,2026-03-27,7.0,30.1,4,Resolved,Yes
TKT002628,CUST_083,East,Phone,Billing,Low,AGENT_02,2026-04-12,2026-04-17,25.7,136.9,4,Resolved,Yes
TKT003550,CUST_064,East,Portal,Billing,High,AGENT_05,2026-06-11,,5.0,,,Open,No
TKT003494,CUST_014,West,Email,Other,High,AGENT_05,2026-04-24,2026-04-25,5.1,26.2,5,Closed,Yes
TKT002029,CUST_095,West,Phone,Billing,High,AGENT_09,2026-01-23,2026-01-23,7.4,,4,Resolved,Yes
TKT003976,CUST_095,North,Phone,Other,Critical,AGENT_01,2026-04-11,,1.5,,,Open,No
TKT002161,CUST_104,West,Email,Damaged Goods,Low,AGENT_08,2026-01-23,,47.4,,,Open,No
TKT003690,CUST_074,West,Chat,Billing,Medium,AGENT_10,2026-05-09,2026-05-10,1.1,47.1,3,Closed,Yes
TKT001907,CUST_149,East,Phone,Damaged Goods,Medium,AGENT_06,2026-06-17,2026-06-19,8.8,,5,Resolved,Yes
TKT004339,CUST_105,West,Portal,Billing,Low,AGENT_11,,2026-01-20,32.3,56.5,5,Resolved,No
TKT004692,CUST_075,South,Portal,Account Access,Medium,AGENT_02,2026-04-20,2026-04-22,7.0,55.2,4,Resolved,Yes
TKT003968,CUST_103,West,Email,Billing,Medium,AGENT_10,2026-04-15,2026-04-18,8.7,78.6,5,Resolved,Yes
TKT003112,CUST_110,East,Email,Billing,Medium,AGENT_01,2026-05-25,2026-05-26,21.7,36.4,5,Resolved,Yes
TKT002013,CUST_145,East,Email,Delivery Delay,Low,AGENT_02,2026-01-12,2026-01-15,2.9,76.6,5,Resolved,Yes
TKT004141,CUST_135,Central,Phone,Billing,Medium,AGENT_02,2026-06-01,2026-06-01,4.0,9.4,5,Resolved,No
TKT003626,CUST_075,East,Portal,Billing,Medium,AGENT_09,2026-04-13,2026-04-16,23.3,-3.6,5,Resolved,Yes
TKT002792,CUST_144,North,Portal,Delivery Delay,High,AGENT_09,2026-01-21,2026-01-22,6.6,29.5,,Reopened,Yes
TKT003075,CUST_056,East,Chat,Delivery Delay,Low,AGENT_03,2026-04-13,2026-04-14,32.2,42.0,5,Resolved,No
TKT002319,CUST_023,East,Phone,Other,Low,AGENT_01,2026-04-07,2026-04-13,16.0,,,Reopened,Yes
TKT004553,CUST_114,South,Email,Billing,Low,AGENT_04,2026-04-26,,20.1,,,Open,No
TKT002094,CUST_083,North,Email,Damaged Goods,Medium,AGENT_09,2026-02-09,2026-02-10,13.4,27.2,,Reopened,No
TKT003335,CUST_009,Central,Chat,Billing,Low,AGENT_10,2026-01-08,2026-01-12,5.6,104.1,5,Closed,Yes
TKT002582,CUST_110,West,Email,Other,Low,AGENT_01,2026-04-04,2026-04-06,34.1,64.1,4,Resolved,No
TKT004042,CUST_056,East,Email,Delivery Delay,Medium,AGENT_01,2026-04-23,,8.2,61.5,4,Closed,Yes
TKT000397,CUST_105,South,Email,Other,Low,AGENT_08,2026-03-04,2026-03-07,5.9,94.9,,Reopened,Yes
TKT001200,CUST_127,West,Chat,Other,Critical,AGENT_13,2026-02-26,2026-02-26,1.4,7.1,3,Resolved,Yes
TKT002081,CUST_120,South,Email,Billing,High,AGENT_03,2026-03-11,2026-03-11,5.4,10.0,5,Resolved,No
TKT002542,CUST_083,West,Email,Delivery Delay,High,AGENT_07,2026-01-16,2026-01-22,3.9,153.3,3,Resolved,Yes
TKT000670,CUST_138,West,Chat,Account Access,Critical,AGENT_06,2026-04-21,,1.1,,,Open,No
TKT003872,CUST_141,East,Email,Billing,Medium,AGENT_11,2026-03-07,2026-03-09,22.9,62.7,5,Resolved,Yes
TKT000123,CUST_148,Central,Phone,Other,Medium,AGENT_04,2026-03-17,,22.6,,,Open,No
TKT002433,CUST_131,South,Phone,Other,High,AGENT_10,2026-01-12,2026-01-12,4.5,,5,Resolved,Yes
TKT001665,CUST_098,East,Phone,Billing,Low,AGENT_07,2026-06-19,,42.3,,5,Resolved,Yes
TKT003844,CUST_096,South,Chat,Account Access,Low,AGENT_11,2026-05-04,,10.3,,,Open,No
TKT002661,CUST_052,West,Email,Billing,Low,AGENT_11,2026-04-15,2026-04-18,17.3,82.2,2,Resolved,Yes
TKT002296,CUST_062,South,Chat,Other,Medium,AGENT_05,2026-03-01,2026-03-03,8.3,65.5,2,Closed,Yes
TKT004700,CUST_140,North,Email,Other,Medium,AGENT_12,2026-05-15,2026-05-16,15.0,39.0,5,Resolved,Yes
TKT003109,CUST_002,East,Chat,Billing,Medium,AGENT_09,2026-05-16,2026-05-16,17.2,20.5,4,Resolved,No
TKT000892,CUST_066,North,Portal,Delivery Delay,Low,AGENT_11,2026-05-23,2026-05-24,34.5,40.7,4,Closed,No
TKT003326,CUST_034,East,Chat,Delivery Delay,Low,AGENT_04,2026-05-22,2026-05-25,32.4,77.0,5,Closed,Yes
TKT002154,CUST_143,East,Chat,Billing,Low,AGENT_03,2026-05-21,2026-05-26,32.7,143.1,5,Resolved,Yes
TKT002376,CUST_120,South,Chat,Billing,High,AGENT_15,2026-03-30,,4.7,,,Open,No
TKT002149,CUST_014,West,Phone,Damaged Goods,Low,AGENT_15,2026-03-02,2026-03-06,38.2,,3,Resolved,Yes
TKT001332,CUST_108,Central,Chat,Delivery Delay,Low,AGENT_07,2026-06-10,,30.2,1141.7,,Reopened,Yes
TKT004790,CUST_018,North,Chat,Billing,High,AGENT_07,2026-04-30,2026-05-12,7.8,289.4,5,Closed,Yes
TKT002275,CUST_105,East,Portal,Delivery Delay,High,AGENT_10,2026-06-09,,2.8,,,Open,No
TKT003836,CUST_075,East,Chat,Delivery Delay,Low,AGENT_10,2026-06-23,2026-06-25,9.6,64.2,5,Resolved,No
TKT004434,CUST_101,West,Portal,Other,Critical,AGENT_10,2026-03-17,,0.9,5.6,,Reopened,Yes
TKT004420,CUST_112,Central,Phone,Damaged Goods,Medium,AGENT_04,2026-03-04,2026-03-06,7.8,,5,Resolved,Yes
TKT003026,CUST_019,West,Chat,Account Access,Medium,AGENT_14,2026-05-10,2026-05-12,17.6,58.7,4,Resolved,Yes
TKT000676,CUST_084,East,Phone,Damaged Goods,Low,AGENT_04,2026-04-26,2026-05-02,35.1,,4,Resolved,Yes
TKT004934,CUST_022,East,Email,Billing,Low,AGENT_15,2026-03-14,2026-03-16,0.7,66.9,5,Resolved,No
TKT001270,CUST_020,East,Chat,Billing,Critical,AGENT_05,2026-05-21,2026-05-21,1.5,6.1,5,Resolved,Yes
TKT003462,CUST_066,North,Email,Damaged Goods,Medium,AGENT_05,2026-03-13,,2.0,39.3,3,Resolved,Yes
TKT000432,CUST_088,West,Email,Billing,Medium,AGENT_08,2026-01-26,2026-01-28,3.2,55.9,5,Resolved,Yes
TKT002997,CUST_030,North,Portal,Account Access,Low,AGENT_01,2026-04-27,2026-05-01,6.9,96.5,3,Resolved,Yes
TKT003681,CUST_120,West,Phone,Other,Low,AGENT_06,2026-01-27,,38.5,,,Open,No
TKT001012,CUST_117,Central,Email,Billing,Low,AGENT_08,2026-02-05,2026-02-07,3.1,56.1,3,Resolved,No
TKT002711,CUST_017,South,Portal,Delivery Delay,Low,AGENT_06,2026-06-19,2026-06-25,14.7,148.6,5,Resolved,Yes
TKT003855,CUST_111,South,Chat,Account Access,Medium,AGENT_14,2026-06-09,2026-06-10,15.1,43.3,4,Resolved,Yes
TKT004464,CUST_088,East,Portal,Billing,Medium,AGENT_11,2026-03-13,,11.2,39.6,4,Closed,Yes
TKT001005,CUST_085,South,Chat,Billing,High,AGENT_10,2026-06-19,2026-06-19,0.7,23.8,5,Closed,Yes
TKT003886,CUST_074,West,Portal,Damaged Goods,High,AGENT_04,2026-01-25,2026-01-25,1.3,21.9,5,Resolved,Yes
TKT002039,CUST_124,North,Email,Other,Medium,AGENT_01,2026-02-17,,12.8,,,Open,No
TKT003524,CUST_077,East,Chat,Delivery Delay,Medium,AGENT_07,2026-03-12,,16.3,,,Open,No
TKT001649,CUST_098,South,Chat,Damaged Goods,Medium,AGENT_14,2026-02-05,2026-02-06,5.7,35.3,1,Resolved,No
TKT002291,CUST_042,West,Chat,Delivery Delay,Critical,AGENT_15,2026-06-17,2026-06-17,1.2,5.9,,Reopened,Yes
TKT001008,CUST_096,South,Email,Delivery Delay,High,AGENT_15,2026-03-29,,1.2,16.6,5,Resolved,Yes
TKT001047,CUST_077,Central,Phone,Delivery Delay,Low,AGENT_02,2026-02-06,2026-02-12,42.7,,5,Resolved,Yes
TKT002700,CUST_113,South,Portal,Account Access,Medium,AGENT_01,2026-05-28,2026-05-30,23.6,62.6,5,Closed,Yes
TKT001102,CUST_116,South,Email,Other,High,AGENT_01,2026-06-05,2026-06-05,3.8,18.1,4,Resolved,Yes
TKT001981,CUST_032,South,Phone,Billing,Low,AGENT_06,2026-03-13,2026-03-19,20.7,,4,Resolved,Yes
TKT001817,CUST_116,Central,Email,Other,Low,AGENT_08,2026-02-23,,4.5,118.7,3,Resolved,Yes
TKT002183,CUST_020,West,Chat,Billing,High,AGENT_05,2026-02-02,2026-02-02,2.7,6.5,5,Resolved,No
TKT003356,CUST_097,West,Email,Other,High,AGENT_02,2026-05-14,,4.9,,,Open,No
TKT001500,CUST_050,South,Phone,Delivery Delay,Medium,AGENT_12,2026-06-21,2026-06-23,8.8,,5,Resolved,Yes
TKT001032,CUST_068,Central,Email,Other,Medium,AGENT_05,2026-01-12,2026-01-13,23.6,33.5,4,Resolved,No
TKT002077,CUST_072,South,Phone,Account Access,High,AGENT_04,2026-01-31,2026-01-31,6.8,,4,Resolved,Yes
TKT000377,CUST_107,North,Email,Other,Critical,AGENT_06,2026-02-03,2026-02-03,1.0,4.8,4,Resolved,Yes
TKT001898,CUST_066,East,Chat,Account Access,High,AGENT_14,2026-03-22,2026-03-22,4.4,9.8,4,Resolved,No
TKT003392,CUST_073,South,Phone,Damaged Goods,Medium,AGENT_03,2026-03-24,2026-03-25,12.3,,1,Resolved,Yes
TKT002598,CUST_041,East,Email,Other,Low,AGENT_12,2026-06-08,2026-06-10,14.0,54.3,4,Resolved,No
TKT001254,CUST_123,West,Chat,Other,Low,AGENT_12,2026-06-20,,29.8,,,Open,No
TKT001351,CUST_012,South,Email,Billing,Low,AGENT_03,2026-02-17,2026-02-21,12.8,102.2,3,Resolved,Yes
TKT000608,CUST_056,North,Email,Billing,Low,AGENT_12,2026-05-14,,11.7,,,Open,No
TKT002721,CUST_033,North,Email,Account Access,High,AGENT_12,2026-03-16,2026-03-16,0.9,21.8,4,Resolved,Yes
TKT003361,CUST_020,North,Portal,Account Access,High,AGENT_09,2026-05-06,,1.6,23.6,4,Resolved,Yes
TKT000154,CUST_147,West,Phone,Delivery Delay,High,AGENT_11,2026-01-23,2026-01-23,4.3,7.4,,Reopened,No
TKT000187,CUST_059,West,Phone,Other,Low,AGENT_12,2026-01-26,2026-01-30,18.8,,,Reopened,Yes
TKT003904,CUST_135,East,Portal,Other,Low,AGENT_15,2026-02-05,,44.4,,,Open,No
TKT003162,CUST_116,North,Portal,Damaged Goods,Low,AGENT_15,2026-01-29,2026-02-02,19.3,108.4,5,Resolved,Yes
TKT001999,CUST_089,West,Phone,Delivery Delay,Medium,AGENT_04,2026-02-23,,15.7,,4,Resolved,Yes
TKT001013,CUST_002,Central,Phone,Damaged Goods,Medium,AGENT_01,2026-05-11,2026-05-11,1.5,,5,Resolved,No
TKT003119,CUST_106,Central,Phone,Billing,Low,AGENT_06,2026-05-24,2026-05-25,6.0,,3,Resolved,No
TKT001903,CUST_036,Central,Email,Delivery Delay,Low,AGENT_07,2026-03-17,2026-03-28,12.2,272.7,1,Resolved,Yes
TKT004775,CUST_127,South,Phone,Damaged Goods,Medium,AGENT_13,2026-05-21,,22.3,,,Open,No
TKT003984,CUST_110,East,Chat,Delivery Delay,Critical,AGENT_08,2026-03-20,2026-03-20,0.9,5.8,,Reopened,Yes
TKT000809,CUST_030,East,Chat,Billing,Low,AGENT_03,2026-03-31,2026-04-04,11.3,108.1,2,Resolved,Yes
TKT000209,CUST_103,West,Chat,Delivery Delay,Low,AGENT_06,2026-02-01,,9.9,59.7,5,Resolved,No
TKT003709,CUST_011,Central,Chat,Other,Low,AGENT_07,2026-06-29,2026-08-10,6.3,1016.5,4,Resolved,Yes
TKT002441,CUST_124,North,Phone,Account Access,Medium,AGENT_01,2026-05-05,,22.8,,,Open,No
TKT000708,CUST_112,South,Chat,Account Access,Low,AGENT_05,2026-01-28,2026-02-01,11.4,100.2,3,Resolved,Yes
TKT002709,CUST_059,North,Chat,Delivery Delay,Medium,AGENT_01,2026-02-02,2026-02-02,5.8,11.9,4,Resolved,No
TKT004040,CUST_076,South,Email,Billing,Medium,AGENT_05,2026-04-18,2026-04-19,1.6,39.8,4,Resolved,Yes
TKT001050,CUST_040,Central,Email,Damaged Goods,Low,AGENT_10,2026-05-15,2026-05-21,30.3,155.7,3,Resolved,Yes
TKT002065,CUST_076,East,Email,Delivery Delay,Low,AGENT_14,,2026-03-08,34.1,48.3,,Reopened,No
TKT000031,CUST_109,South,Chat,Delivery Delay,Medium,AGENT_04,2026-03-06,2026-03-08,4.8,64.7,1,Resolved,Yes
TKT000278,CUST_119,South,Chat,Billing,Critical,AGENT_14,2026-02-06,2026-02-06,1.4,4.9,4,Resolved,Yes
TKT004601,CUST_013,East,Email,Delivery Delay,Low,AGENT_04,2026-01-04,2026-01-08,31.4,103.6,3,Resolved,Yes
TKT002998,CUST_099,Central,Portal,Account Access,Medium,AGENT_09,2026-02-12,,11.5,36.4,5,Resolved,Yes
TKT002353,CUST_049,North,Chat,Account Access,Medium,AGENT_11,2026-03-19,2026-03-20,19.6,41.0,,Reopened,Yes
TKT000796,CUST_072,South,Portal,Delivery Delay,Low,AGENT_02,2026-04-29,2026-05-01,38.4,54.5,,Reopened,No
TKT001093,CUST_021,South,Portal,Other,Medium,AGENT_12,2026-02-28,2026-03-01,5.7,32.9,3,Closed,No
TKT004151,CUST_048,South,Email,Delivery Delay,Critical,AGENT_04,2026-06-18,2026-06-18,1.9,7.9,2,Resolved,Yes
TKT001586,CUST_030,West,Email,Billing,Medium,AGENT_10,2026-06-21,2026-06-22,16.9,32.3,5,Resolved,No
TKT000876,CUST_087,Central,Chat,Account Access,High,AGENT_04,2026-01-07,2026-01-07,5.3,9.0,4,Closed,No
TKT004108,CUST_016,Central,Chat,Damaged Goods,High,AGENT_07,2026-03-22,2026-03-25,3.1,81.3,4,Resolved,Yes
TKT002744,CUST_109,East,Portal,Billing,Medium,AGENT_06,2026-05-15,2026-05-17,16.3,60.0,2,Resolved,Yes
TKT000005,CUST_069,North,Email,Billing,High,AGENT_08,2026-05-06,2026-05-06,1.0,16.2,4,Resolved,Yes
TKT002051,CUST_150,Central,Chat,Billing,Medium,AGENT_07,2026-02-27,2026-03-06,9.4,186.4,,Reopened,Yes
TKT001430,CUST_006,West,Chat,Billing,High,AGENT_15,2026-06-16,2026-06-17,2.4,26.2,2,Resolved,Yes
TKT002054,CUST_112,North,Email,Billing,Medium,AGENT_14,2026-04-03,2026-04-04,12.9,42.4,4,Resolved,Yes
TKT002656,CUST_056,North,Email,Billing,Medium,AGENT_15,2026-05-18,,21.7,,,Open,No
TKT002905,CUST_010,East,Email,Account Access,Medium,AGENT_03,2026-06-14,2026-06-16,12.8,52.3,,Reopened,Yes
TKT004595,CUST_102,West,Phone,Delivery Delay,Medium,AGENT_10,2026-06-12,,14.3,,4,Resolved,Yes
TKT000159,CUST_130,East,Email,Other,Medium,AGENT_01,2026-03-29,,6.4,72.6,5,Closed,Yes
TKT003476,CUST_039,East,Email,Damaged Goods,Medium,AGENT_09,2026-01-06,2026-01-09,18.8,75.4,4,Resolved,Yes
TKT004232,CUST_140,South,Phone,Billing,Low,AGENT_04,2026-02-25,2026-02-28,25.4,,5,Resolved,Yes
TKT004874,CUST_125,East,Chat,Other,Medium,AGENT_01,2026-04-15,2026-04-17,14.7,69.5,2,Resolved,Yes
TKT004941,CUST_063,West,Email,Billing,Low,AGENT_12,,2026-02-22,34.8,119.8,2,Resolved,Yes
TKT000196,CUST_002,East,Phone,Delivery Delay,Low,AGENT_09,2026-06-22,2026-06-27,10.8,,4,Resolved,Yes
TKT003654,CUST_123,West,Email,Billing,Medium,AGENT_06,2026-04-17,2026-04-18,15.4,40.3,4,Resolved,Yes
TKT002374,CUST_098,North,Phone,Damaged Goods,Low,AGENT_04,2026-01-26,2026-01-30,34.6,115.6,5,Closed,Yes
TKT003650,CUST_035,South,Email,Account Access,Low,AGENT_05,2026-01-15,2026-01-16,18.8,39.8,3,Resolved,No
TKT001919,CUST_119,West,Portal,Delivery Delay,Low,AGENT_03,2026-05-07,,27.5,,,Open,No
TKT004354,CUST_059,South,Email,Account Access,Critical,AGENT_11,2026-06-21,,1.7,,,Open,No
TKT001044,CUST_029,North,Chat,Billing,Low,AGENT_02,2026-01-31,2026-02-04,28.2,110.4,4,Resolved,Yes
TKT001447,CUST_007,South,Phone,Damaged Goods,Critical,AGENT_11,2026-05-16,2026-05-16,0.9,,5,Closed,No
TKT002953,CUST_029,East,Chat,Damaged Goods,Medium,AGENT_11,2026-02-06,2026-02-08,16.4,58.9,,Reopened,Yes
TKT000832,CUST_044,Central,Email,Account Access,Medium,AGENT_15,2026-02-23,2026-02-24,12.5,41.3,4,Resolved,Yes
TKT001378,CUST_141,Central,Portal,Billing,Low,AGENT_09,2026-03-27,,11.0,73.8,2,Closed,Yes
TKT003953,CUST_145,West,Email,Delivery Delay,Low,AGENT_12,2026-03-15,2026-03-18,7.2,79.0,4,Closed,Yes
TKT002124,CUST_066,West,Phone,Billing,Medium,AGENT_08,2026-06-02,,11.8,,,Open,No
TKT002458,CUST_047,North,Chat,Account Access,Medium,AGENT_01,2026-06-05,,15.0,,,Open,No
TKT000232,CUST_134,West,Email,Damaged Goods,Low,AGENT_13,2026-03-20,2026-03-24,30.8,118.6,5,Closed,Yes
TKT002657,CUST_084,North,Email,Billing,Low,AGENT_15,2026-03-13,2026-03-18,2.3,123.0,,Reopened,Yes
TKT003945,CUST_025,West,Portal,Delivery Delay,High,AGENT_07,2026-06-16,2026-06-22,0.5,150.4,,Reopened,Yes
TKT000285,CUST_017,Central,Chat,Damaged Goods,High,AGENT_12,2026-04-23,2026-04-24,3.5,24.9,,Reopened,Yes
TKT001339,CUST_084,Central,Email,Damaged Goods,Medium,AGENT_01,2026-06-07,2026-06-09,6.2,51.9,5,Resolved,Yes
TKT001395,CUST_057,East,Phone,Other,Low,AGENT_15,2026-02-07,2026-02-11,10.4,,3,Closed,Yes
TKT003136,CUST_102,West,Portal,Account Access,Low,AGENT_11,2026-03-28,2026-04-02,9.2,120.4,2,Resolved,Yes
TKT002270,CUST_124,West,Email,Billing,Medium,AGENT_09,2026-01-23,2026-01-26,23.7,78.1,5,Resolved,Yes
TKT004868,CUST_049,Central,Email,Other,Medium,AGENT_10,2026-06-19,2026-06-20,16.9,31.1,4,Resolved,No
TKT004913,CUST_018,West,Phone,Billing,Medium,AGENT_01,2026-01-27,2026-01-28,15.4,,1,Resolved,Yes
TKT003814,CUST_003,West,Chat,Delivery Delay,Medium,AGENT_03,2026-01-26,2026-01-29,12.9,80.5,3,Resolved,Yes
TKT001527,CUST_021,East,Phone,Other,Medium,AGENT_03,2026-03-29,2026-03-30,15.1,43.1,5,Resolved,Yes
TKT001918,CUST_087,South,Email,Delivery Delay,Medium,AGENT_05,2026-04-24,2026-04-26,9.5,55.9,4,Resolved,Yes
TKT001167,CUST_005,South,Phone,Billing,Critical,AGENT_14,2026-03-06,2026-03-06,1.5,,4,Resolved,Yes
TKT003218,CUST_039,Central,Email,Other,Low,AGENT_04,2026-05-04,2026-05-09,8.7,138.1,5,Resolved,Yes
TKT001941,CUST_134,North,Email,Billing,Medium,AGENT_15,2026-05-16,2026-05-19,22.5,76.1,3,Resolved,Yes
TKT004181,CUST_028,Central,Portal,Damaged Goods,Medium,AGENT_07,2026-03-19,2026-04-17,14.5,718.1,5,Resolved,Yes
TKT003878,CUST_037,Central,Email,Damaged Goods,Medium,AGENT_10,2026-04-28,,16.3,-6.1,3,Closed,Yes
TKT004242,CUST_084,East,Chat,Delivery Delay,Low,AGENT_10,2026-04-22,,33.6,,,Open,No
TKT004727,CUST_101,Central,Phone,Damaged Goods,Low,AGENT_03,2026-01-06,2026-01-10,20.9,,4,Resolved,Yes
TKT002527,CUST_031,East,Email,Damaged Goods,Critical,AGENT_06,2026-03-17,,1.7,4.7,4,Resolved,Yes
TKT004562,CUST_066,East,Email,Account Access,Low,AGENT_10,2026-06-09,2026-06-11,19.6,50.9,5,Closed,No
TKT004943,CUST_149,East,Email,Billing,Medium,AGENT_11,2026-05-27,2026-05-30,16.7,77.4,4,Resolved,Yes
TKT002879,CUST_117,Central,Email,Delivery Delay,High,AGENT_02,2026-02-15,2026-02-15,1.1,19.8,4,Resolved,Yes
TKT000068,CUST_121,South,Email,Account Access,Medium,AGENT_07,2026-05-15,2026-06-06,6.6,542.6,,Reopened,Yes
TKT004003,CUST_024,South,Chat,Damaged Goods,Low,AGENT_14,2026-03-03,2026-03-04,23.9,33.9,5,Resolved,No
TKT003232,CUST_113,East,Email,Billing,Medium,AGENT_08,2026-01-13,2026-01-16,17.1,74.5,4,Resolved,Yes
TKT002526,CUST_058,North,Chat,Delivery Delay,Medium,AGENT_07,2026-05-28,,13.8,396.0,5,Resolved,Yes
TKT000060,CUST_102,East,Email,Damaged Goods,Medium,AGENT_01,2026-04-07,2026-04-10,10.3,74.7,5,Resolved,Yes
TKT001954,CUST_150,West,Portal,Other,Low,AGENT_02,2026-01-06,2026-01-10,26.4,-4.5,,Reopened,Yes
TKT000561,CUST_004,East,Chat,Other,High,AGENT_11,2026-04-16,2026-04-16,5.2,14.2,3,Resolved,Yes
TKT000310,CUST_137,Central,Chat,Delivery Delay,High,AGENT_05,2026-01-09,2026-01-10,6.1,25.2,3,Resolved,Yes
TKT004402,CUST_095,West,Email,Delivery Delay,Medium,AGENT_08,2026-01-20,2026-01-20,3.8,13.9,5,Resolved,No
TKT000845,CUST_043,Central,Chat,Delivery Delay,Medium,AGENT_04,2026-03-28,2026-03-31,17.8,85.3,4,Closed,Yes
TKT003098,CUST_096,West,Email,Billing,Low,AGENT_09,2026-04-21,2026-04-26,14.9,133.7,2,Resolved,Yes
TKT001867,CUST_018,North,Phone,Delivery Delay,Low,AGENT_02,2026-01-15,2026-01-20,46.8,143.8,4,Closed,Yes
TKT001955,CUST_095,East,Chat,Billing,High,AGENT_12,2026-05-16,2026-05-16,4.3,6.6,5,Resolved,No
TKT002056,CUST_148,South,Portal,Billing,Medium,AGENT_09,2026-01-17,,13.6,31.4,4,Resolved,No
TKT004106,CUST_071,West,Email,Account Access,Medium,AGENT_11,2026-06-18,2026-06-18,8.8,17.1,5,Resolved,No
TKT004226,CUST_073,Central,Chat,Account Access,High,AGENT_09,2026-01-20,2026-01-20,3.6,18.0,4,Resolved,Yes
TKT000547,CUST_006,West,Phone,Billing,Low,AGENT_14,2026-03-11,,36.0,,2,Closed,Yes
TKT004918,CUST_100,West,Email,Delivery Delay,Low,AGENT_01,2026-01-28,2026-02-02,29.9,124.4,5,Resolved,Yes
TKT001505,CUST_078,East,Email,Account Access,Critical,AGENT_05,2026-02-22,2026-02-22,0.7,5.8,3,Closed,Yes
TKT004047,CUST_063,North,Portal,Delivery Delay,High,AGENT_01,2026-03-10,2026-03-10,3.1,9.5,5,Resolved,No
TKT001764,CUST_043,North,Email,Delivery Delay,Medium,AGENT_05,2026-05-28,2026-05-28,6.3,9.6,4,Closed,No
TKT004752,CUST_013,Central,Phone,Billing,Low,AGENT_08,2026-03-26,2026-03-28,39.3,,1,Resolved,No
TKT002754,CUST_096,Central,Chat,Other,High,AGENT_09,2026-02-22,,7.9,16.7,5,Resolved,Yes
TKT004329,CUST_046,West,Chat,Billing,Medium,AGENT_11,2026-04-07,2026-04-08,23.8,-11.6,3,Resolved,No
TKT001925,CUST_081,East,Chat,Delivery Delay,Low,AGENT_08,2026-05-11,,42.3,,,Open,No
TKT000542,CUST_132,South,Chat,Billing,Low,AGENT_12,2026-04-10,2026-04-14,26.8,105.8,5,Resolved,Yes
TKT002787,CUST_118,South,Email,Delivery Delay,Medium,AGENT_07,2026-04-30,2026-05-16,14.4,405.6,5,Closed,Yes
TKT004035,CUST_106,West,Portal,Delivery Delay,Low,AGENT_04,2026-04-07,2026-04-11,4.6,97.3,4,Resolved,Yes
TKT004982,CUST_140,South,Portal,Delivery Delay,Critical,AGENT_05,2026-01-03,2026-01-03,0.7,3.6,3,Resolved,No
TKT002977,CUST_033,East,Email,Delivery Delay,Critical,AGENT_09,2026-02-25,2026-02-25,1.6,5.7,1,Resolved,Yes
TKT003659,CUST_003,South,Chat,Billing,Critical,AGENT_10,2026-03-27,2026-03-27,1.1,6.3,3,Resolved,Yes
TKT004241,CUST_112,North,Phone,Account Access,Medium,AGENT_06,2026-03-30,2026-03-30,13.3,,4,Resolved,No
TKT003137,CUST_066,South,Email,Damaged Goods,Low,AGENT_10,2026-01-20,2026-01-21,23.3,32.6,3,Closed,No
TKT000656,CUST_040,North,Phone,Delivery Delay,Medium,AGENT_03,2026-05-17,,1.9,,,Reopened,No
TKT003344,CUST_077,Central,Email,Other,High,AGENT_12,2026-01-22,2026-01-22,3.3,11.0,5,Resolved,No
TKT003343,CUST_142,West,Email,Billing,Medium,AGENT_12,2026-05-23,2026-05-25,18.7,66.5,4,Resolved,Yes
TKT003500,CUST_078,West,Chat,Account Access,Low,AGENT_06,2026-03-11,,20.5,,,Open,No
TKT004564,CUST_042,West,Phone,Damaged Goods,Low,AGENT_13,2026-02-04,,25.9,,5,Resolved,Yes
TKT003091,CUST_100,Central,Email,Delivery Delay,Medium,AGENT_13,2026-03-11,2026-03-13,11.5,53.1,4,Resolved,Yes
TKT003698,CUST_058,South,Phone,Other,High,AGENT_10,2026-02-28,2026-02-28,3.5,,4,Resolved,No
TKT004411,CUST_043,Central,Chat,Billing,Medium,AGENT_09,2026-05-25,,14.8,-13.5,2,Resolved,No
TKT001572,CUST_052,North,Email,Billing,Low,AGENT_13,2026-05-30,,34.1,100.5,4,Closed,Yes
TKT000458,CUST_002,East,Phone,Billing,Critical,AGENT_08,2026-03-02,2026-03-02,0.9,,2,Resolved,No
TKT000727,CUST_077,West,Chat,Billing,Low,AGENT_04,2026-05-16,2026-05-17,21.1,31.1,3,Resolved,No
TKT003385,CUST_035,East,Phone,Damaged Goods,Low,AGENT_13,2026-06-14,2026-06-17,30.2,,5,Resolved,Yes
TKT001204,CUST_134,South,Chat,Account Access,Medium,AGENT_08,2026-04-14,2026-04-16,13.4,67.5,,Reopened,Yes
TKT001567,CUST_096,North,Email,Delivery Delay,Medium,AGENT_02,2026-05-13,2026-05-16,7.6,73.6,5,Resolved,Yes
TKT004513,CUST_035,Central,Chat,Billing,Critical,AGENT_09,2026-03-28,,0.8,4.9,5,Resolved,Yes
TKT000059,CUST_030,South,Phone,Damaged Goods,Low,AGENT_09,2026-06-28,2026-07-02,1.0,,5,Closed,Yes
TKT000376,CUST_056,Central,Phone,Billing,High,AGENT_07,2026-03-20,2026-03-24,2.7,,4,Resolved,Yes
TKT003922,CUST_079,Central,Email,Account Access,Low,AGENT_15,2026-05-17,,41.4,177.8,3,Resolved,Yes
TKT003379,CUST_052,North,Chat,Damaged Goods,Low,AGENT_11,2026-06-27,,32.1,45.5,5,Resolved,No
TKT000408,CUST_063,East,Phone,Delivery Delay,Low,AGENT_08,2026-04-27,2026-04-29,15.7,,2,Resolved,No
TKT003879,CUST_010,South,Phone,Other,Critical,AGENT_03,2026-02-06,,1.8,,,Open,No
TKT002436,CUST_113,North,Portal,Account Access,Low,AGENT_03,2026-02-25,,29.8,67.9,3,Resolved,No
TKT004474,CUST_088,North,Email,Delivery Delay,Low,AGENT_05,2026-04-19,2026-04-21,44.8,51.3,4,Closed,No
TKT002321,CUST_143,East,Chat,Damaged Goods,Medium,AGENT_01,2026-04-26,2026-04-28,22.9,54.2,5,Resolved,Yes
TKT003488,CUST_114,Central,Chat,Delivery Delay,Low,AGENT_03,2026-03-03,2026-03-05,30.5,59.4,5,Resolved,No
TKT002184,CUST_021,South,Chat,Damaged Goods,Critical,AGENT_02,2026-01-21,2026-01-21,1.8,5.6,5,Closed,Yes
TKT002573,CUST_113,Central,Email,Other,High,AGENT_07,2026-03-01,2026-03-07,4.7,165.9,4,Closed,Yes
TKT003608,CUST_128,East,Email,Billing,Low,AGENT_03,2026-04-25,,10.0,66.4,3,Resolved,No
TKT001301,CUST_109,Central,Portal,Delivery Delay,Medium,AGENT_11,2026-01-30,2026-02-02,22.7,90.4,2,Resolved,Yes
TKT002068,CUST_113,South,Chat,Billing,High,AGENT_05,2026-01-27,2026-01-27,6.7,16.2,2,Resolved,Yes
TKT004566,CUST_124,South,Chat,Billing,Low,AGENT_10,2026-01-17,2026-01-23,40.1,164.6,5,Resolved,Yes
TKT003388,CUST_099,Central,Phone,Delivery Delay,Critical,AGENT_15,2026-01-30,2026-01-30,0.8,,4,Resolved,Yes
TKT003901,CUST_012,North,Chat,Damaged Goods,Medium,AGENT_07,2026-04-16,,21.9,,,Open,No
TKT003404,CUST_024,Central,Email,Billing,Medium,AGENT_04,2026-06-14,2026-06-15,8.1,25.7,4,Resolved,No
TKT004703,CUST_063,Central,Phone,Billing,Low,AGENT_02,2026-03-18,2026-03-21,36.3,,5,Resolved,Yes
TKT004744,CUST_126,Central,Portal,Other,Low,AGENT_12,2026-05-12,2026-05-13,18.8,31.0,1,Resolved,No
TKT000874,CUST_002,East,Phone,Billing,Critical,AGENT_08,2026-03-11,2026-03-11,1.8,,5,Resolved,Yes
TKT003862,CUST_008,West,Email,Delivery Delay,Low,AGENT_13,2026-05-23,2026-05-27,31.6,111.4,5,Resolved,Yes
TKT002423,CUST_133,West,Chat,Damaged Goods,Critical,AGENT_12,2026-05-13,2026-05-13,1.6,6.9,5,Resolved,Yes
TKT002538,CUST_102,Central,Phone,Billing,Medium,AGENT_05,2026-03-23,2026-03-24,4.4,,5,Closed,Yes
TKT003428,CUST_021,South,Portal,Damaged Goods,High,AGENT_11,2026-03-29,2026-03-29,7.3,17.8,3,Resolved,Yes
TKT004596,CUST_008,East,Email,Other,Medium,AGENT_11,2026-03-29,,2.3,,,Open,No
TKT002367,CUST_030,South,Email,Other,Low,AGENT_05,2026-02-23,,10.4,,,Open,No
TKT002404,CUST_066,West,Email,Delivery Delay,Critical,AGENT_01,2026-05-16,2026-05-16,0.6,5.9,4,Resolved,Yes
TKT001942,CUST_051,North,Chat,Billing,Low,AGENT_11,2026-03-27,2026-04-01,11.3,122.7,5,Resolved,Yes
TKT004344,CUST_069,North,Email,Damaged Goods,Medium,AGENT_02,2026-02-01,2026-02-02,12.4,31.2,5,Resolved,No
TKT003256,CUST_145,North,Email,Delivery Delay,Medium,AGENT_14,2026-06-25,,23.8,,,Open,No
TKT004621,CUST_115,North,Email,Other,Low,AGENT_09,2026-05-31,2026-06-01,29.4,46.5,3,Resolved,No
TKT004307,CUST_039,East,Portal,Account Access,Medium,AGENT_15,2026-06-21,2026-06-24,22.6,74.1,4,Resolved,Yes
TKT000910,CUST_035,East,Email,Damaged Goods,Medium,AGENT_02,2026-05-03,2026-05-03,1.3,11.4,5,Closed,No
TKT002165,CUST_026,North,Phone,Billing,Low,AGENT_12,2026-01-29,2026-01-31,42.5,52.0,3,Resolved,No
TKT001564,CUST_012,North,Portal,Other,Medium,AGENT_13,2026-01-07,2026-01-09,17.3,49.4,1,Resolved,Yes
TKT000164,CUST_069,South,Chat,Delivery Delay,Critical,AGENT_11,2026-01-15,2026-01-15,1.7,7.3,4,Closed,Yes
TKT004067,CUST_008,North,Email,Damaged Goods,High,AGENT_14,2026-05-11,2026-05-11,3.1,5.2,4,Closed,No
TKT004152,CUST_119,Central,Portal,Billing,Critical,AGENT_01,2026-05-08,2026-05-08,0.9,5.4,5,Resolved,Yes
TKT000478,CUST_103,North,Chat,Billing,Low,AGENT_11,2026-02-21,2026-02-22,9.3,31.1,5,Resolved,No
TKT000082,CUST_020,East,Chat,Billing,Medium,AGENT_10,2026-05-22,2026-05-25,21.8,84.6,3,Resolved,Yes
TKT004969,CUST_126,North,Phone,Delivery Delay,Critical,AGENT_05,2026-02-25,2026-02-25,1.0,,4,Resolved,Yes
TKT001887,CUST_056,Central,Portal,Delivery Delay,Low,AGENT_07,2026-03-05,2026-04-07,27.0,815.0,4,Resolved,Yes
TKT000013,CUST_003,South,Chat,Other,Medium,AGENT_10,2026-03-01,,6.4,,,Open,No
TKT003081,CUST_040,West,Email,Billing,Low,AGENT_15,2026-03-26,2026-04-01,30.8,-10.2,,Reopened,Yes
TKT000630,CUST_028,East,Email,Damaged Goods,High,AGENT_02,2026-01-27,2026-01-27,6.9,13.0,5,Closed,Yes
TKT003950,CUST_082,Central,Email,Account Access,High,AGENT_05,2026-03-18,2026-03-18,7.3,10.8,,Reopened,No
TKT001298,CUST_058,Central,Portal,Delivery Delay,High,AGENT_05,,2026-06-04,0.6,16.3,4,Resolved,Yes
TKT003634,CUST_068,West,Chat,Delivery Delay,High,AGENT_03,2026-02-16,2026-02-17,7.4,24.3,4,Resolved,Yes
TKT003776,CUST_062,Central,Email,Account Access,Medium,AGENT_15,2026-01-01,2026-01-01,13.5,21.5,5,Resolved,No
TKT004065,CUST_014,West,Chat,Billing,Low,AGENT_12,2026-04-26,2026-04-27,25.7,29.6,2,Resolved,No
TKT000136,CUST_093,North,Phone,Damaged Goods,High,AGENT_09,2026-03-14,2026-03-15,7.0,,,Reopened,Yes
TKT001275,CUST_056,West,Email,Delivery Delay,Medium,AGENT_03,2026-05-16,2026-05-18,12.8,52.2,5,Resolved,Yes
TKT004006,CUST_007,West,Chat,Delivery Delay,Critical,AGENT_06,2026-02-13,,1.6,,,Open,No
TKT000763,CUST_147,South,Email,Other,Low,AGENT_10,2026-03-13,2026-03-15,38.7,51.1,5,Closed,No
TKT001939,CUST_083,Central,Portal,Other,Low,AGENT_15,2026-04-12,2026-04-18,39.1,160.8,4,Resolved,Yes
TKT000410,CUST_053,East,Chat,Delivery Delay,High,AGENT_03,2026-04-29,2026-04-30,6.6,27.7,5,Resolved,Yes
TKT001253,CUST_069,South,Email,Delivery Delay,Low,AGENT_14,2026-01-26,2026-01-31,23.4,129.8,5,Resolved,Yes
TKT000010,CUST_123,North,Email,Delivery Delay,Low,AGENT_13,2026-04-08,,33.1,170.6,5,Resolved,Yes
TKT003284,CUST_008,East,Phone,Account Access,Medium,AGENT_03,2026-04-04,2026-04-06,14.4,,3,Resolved,Yes
TKT003140,CUST_045,Central,Email,Delivery Delay,Low,AGENT_03,2026-03-16,2026-03-22,40.6,158.8,4,Closed,Yes
TKT001256,CUST_079,West,Chat,Other,Medium,AGENT_15,2026-03-09,2026-03-10,9.5,25.8,4,Resolved,No
TKT000682,CUST_025,North,Portal,Damaged Goods,Medium,AGENT_15,2026-01-07,,22.1,27.4,1,Closed,No
TKT002463,CUST_084,East,Portal,Billing,Low,AGENT_06,2026-04-01,2026-04-07,39.4,149.9,5,Resolved,Yes
TKT004413,CUST_060,West,Portal,Billing,Medium,AGENT_08,2026-05-07,2026-05-08,13.8,25.7,4,Resolved,No
TKT001453,CUST_127,North,Email,Account Access,High,AGENT_06,2026-02-02,2026-02-02,4.9,18.6,3,Resolved,Yes
TKT000691,CUST_108,South,Chat,Delivery Delay,Critical,AGENT_12,2026-04-15,2026-04-15,1.4,6.6,5,Resolved,Yes
TKT002546,CUST_073,East,Phone,Account Access,High,AGENT_03,2026-05-04,2026-05-04,6.6,,5,Resolved,Yes
TKT004712,CUST_034,South,Portal,Other,Low,AGENT_12,2026-04-04,,35.8,,,Open,No
TKT000745,CUST_014,East,Phone,Account Access,High,AGENT_01,2026-01-25,2026-01-26,6.9,,,Reopened,Yes
TKT002147,CUST_016,North,Email,Other,Medium,AGENT_07,2026-06-08,2026-07-13,17.4,844.4,4,Resolved,Yes
TKT000371,CUST_076,North,Email,Damaged Goods,High,AGENT_15,2026-03-02,2026-03-02,5.2,12.3,2,Resolved,Yes
TKT003212,CUST_126,South,Email,Account Access,Low,AGENT_08,2026-06-09,2026-06-15,28.3,148.4,4,Resolved,Yes
TKT002258,CUST_114,Central,Phone,Billing,Medium,AGENT_02,2026-05-31,2026-06-02,8.8,,3,Resolved,Yes
TKT000671,CUST_096,West,Email,Delivery Delay,Medium,AGENT_08,2026-06-01,,14.4,46.2,,Reopened,Yes
TKT000540,CUST_148,West,Chat,Damaged Goods,Low,AGENT_11,2026-05-22,2026-05-28,11.3,155.0,3,Resolved,Yes
TKT000964,CUST_093,East,Chat,Account Access,High,AGENT_03,2026-06-13,2026-06-13,1.1,5.1,4,Closed,No
TKT004895,CUST_081,West,Email,Delivery Delay,Low,AGENT_14,2026-06-16,2026-06-18,7.9,51.9,4,Resolved,No
TKT000016,CUST_115,West,Chat,Other,Medium,AGENT_12,2026-05-01,2026-05-02,12.7,42.0,1,Resolved,Yes
TKT004584,CUST_019,South,Portal,Delivery Delay,Critical,AGENT_02,2026-06-21,,1.5,,,Open,No
TKT001037,CUST_049,East,Phone,Billing,Critical,AGENT_14,,2026-03-19,0.8,,4,Resolved,Yes
TKT000790,CUST_085,South,Email,Billing,High,AGENT_04,2026-05-22,2026-05-22,0.6,3.3,4,Closed,No
TKT000648,CUST_073,North,Chat,Delivery Delay,Low,AGENT_08,2026-02-13,2026-02-16,8.5,80.9,5,Resolved,Yes
TKT004929,CUST_062,Central,Chat,Damaged Goods,Low,AGENT_08,2026-01-20,2026-01-22,34.8,53.3,,Reopened,No
TKT000014,CUST_080,Central,Phone,Other,High,AGENT_13,2026-05-06,2026-05-06,7.6,11.8,5,Resolved,No
TKT001145,CUST_140,West,Email,Billing,Medium,AGENT_05,2026-05-31,2026-06-03,11.8,81.4,3,Resolved,Yes
TKT004227,CUST_130,West,Chat,Delivery Delay,Low,AGENT_08,2026-05-24,2026-05-31,41.3,174.5,2,Resolved,Yes
TKT004383,CUST_135,East,Email,Account Access,Medium,AGENT_14,2026-05-05,2026-05-06,2.0,32.6,1,Resolved,No
TKT002989,CUST_147,North,Email,Delivery Delay,Low,AGENT_10,2026-01-09,2026-01-16,33.6,169.7,4,Closed,Yes
TKT004806,CUST_092,Central,Portal,Account Access,Low,AGENT_13,2026-05-22,2026-05-23,15.0,36.5,3,Resolved,No
TKT003271,CUST_025,South,Chat,Other,Low,AGENT_01,2026-01-30,2026-02-03,40.7,109.0,2,Closed,Yes
TKT004922,CUST_089,South,Email,Delivery Delay,Medium,AGENT_03,2026-04-18,2026-04-20,23.5,-15.4,4,Resolved,Yes
TKT003079,CUST_109,South,Portal,Other,Critical,AGENT_06,2026-03-24,2026-03-24,0.9,4.7,5,Resolved,Yes
TKT000150,CUST_012,West,Chat,Other,Medium,AGENT_04,2026-03-28,2026-03-29,16.0,46.0,4,Resolved,Yes
TKT003770,CUST_097,East,Email,Delivery Delay,Low,AGENT_14,2026-01-13,2026-01-17,3.9,118.4,,Reopened,Yes
TKT002342,CUST_048,West,Chat,Billing,High,AGENT_02,2026-05-06,2026-05-06,6.7,20.6,3,Resolved,Yes
TKT000023,CUST_043,North,Email,Account Access,High,AGENT_09,2026-03-21,2026-03-21,1.9,12.8,5,Resolved,Yes
TKT000871,CUST_109,Central,Chat,Account Access,High,AGENT_10,2026-05-14,,3.2,18.7,5,Closed,Yes
TKT003451,CUST_082,East,Chat,Billing,Critical,AGENT_07,2026-04-17,2026-04-19,1.4,49.0,4,Resolved,Yes
TKT001857,CUST_072,North,Email,Delivery Delay,Low,AGENT_15,2026-03-05,2026-03-08,43.3,85.5,5,Closed,Yes
TKT003557,CUST_064,Central,Email,Billing,Low,AGENT_11,2026-05-18,2026-05-22,18.5,101.2,4,Resolved,Yes
TKT004641,CUST_112,North,Chat,Account Access,Medium,AGENT_10,2026-04-11,,6.5,67.0,5,Resolved,Yes
TKT003223,CUST_089,West,Email,Billing,Medium,AGENT_06,2026-05-02,,22.5,,,Open,No
TKT002812,CUST_033,Central,Email,Damaged Goods,Low,AGENT_02,2026-03-15,2026-03-21,13.3,155.7,,Reopened,Yes
TKT002780,CUST_004,West,Chat,Damaged Goods,Medium,AGENT_02,2026-04-25,2026-04-27,23.3,64.3,5,Resolved,Yes
TKT001420,CUST_060,East,Chat,Billing,Medium,AGENT_15,2026-01-22,2026-01-24,1.0,51.8,4,Resolved,Yes
TKT001425,CUST_053,Central,Email,Account Access,High,AGENT_02,2026-03-17,2026-03-17,4.7,18.4,5,Resolved,Yes
TKT003485,CUST_042,South,Email,Delivery Delay,Medium,AGENT_09,2026-02-05,,11.1,,,Open,No
TKT001581,CUST_004,West,Chat,Delivery Delay,Low,AGENT_15,2026-03-24,2026-03-28,23.8,116.2,3,Resolved,Yes
TKT000450,CUST_065,West,Phone,Damaged Goods,Low,AGENT_03,2026-01-17,2026-01-22,30.9,,2,Resolved,Yes
TKT003574,CUST_016,East,Portal,Delivery Delay,Low,AGENT_13,2026-01-16,2026-01-20,8.3,115.2,5,Resolved,Yes
TKT003020,CUST_075,West,Phone,Account Access,Low,AGENT_15,2026-01-30,2026-01-31,30.1,,5,Closed,No
TKT003022,CUST_129,West,Phone,Account Access,High,AGENT_02,2026-02-22,2026-02-22,1.0,,5,Resolved,Yes
TKT002830,CUST_082,East,Portal,Delivery Delay,High,AGENT_03,,2026-06-20,3.3,26.8,3,Closed,Yes
TKT003287,CUST_010,South,Chat,Billing,Medium,AGENT_13,2026-03-31,2026-04-01,10.9,39.8,3,Resolved,Yes
TKT003076,CUST_094,West,Chat,Delivery Delay,Medium,AGENT_15,2026-03-28,2026-03-28,2.3,14.5,3,Resolved,No
TKT002057,CUST_039,South,Email,Account Access,High,AGENT_12,2026-06-27,2026-06-28,7.5,30.2,5,Resolved,Yes
TKT001554,CUST_046,West,Chat,Billing,High,AGENT_10,2026-01-17,2026-01-17,4.5,21.1,3,Resolved,Yes
TKT001590,CUST_002,West,Phone,Other,Medium,AGENT_04,2026-02-24,2026-02-26,4.0,54.7,4,Resolved,Yes
TKT003352,CUST_042,North,Portal,Other,Low,AGENT_13,2026-06-21,,43.3,143.3,,Reopened,Yes
TKT000528,CUST_076,South,Chat,Billing,High,AGENT_09,2026-02-22,2026-02-23,6.0,28.5,5,Resolved,Yes
TKT004830,CUST_035,South,Phone,Damaged Goods,Low,AGENT_07,2026-02-19,2026-04-04,17.0,,5,Resolved,Yes
TKT002159,CUST_017,North,Email,Account Access,Low,AGENT_01,2026-03-30,2026-03-31,15.7,42.3,4,Resolved,No
TKT004661,CUST_141,North,Chat,Account Access,Low,AGENT_03,2026-03-20,,11.7,88.2,2,Resolved,Yes
TKT000275,CUST_028,Central,Phone,Delivery Delay,Low,AGENT_01,2026-06-24,,39.7,,2,Resolved,Yes
TKT004229,CUST_027,North,Email,Billing,Critical,AGENT_13,2026-05-17,2026-05-17,1.6,3.9,1,Resolved,No
TKT002946,CUST_076,East,Chat,Billing,High,AGENT_07,2026-05-12,2026-05-14,0.7,54.3,4,Resolved,Yes
TKT002789,CUST_114,Central,Email,Billing,Critical,AGENT_13,2026-04-18,2026-04-18,1.6,4.3,4,Closed,Yes
TKT001870,CUST_149,Central,Chat,Damaged Goods,Critical,AGENT_04,2026-06-04,2026-06-04,1.4,6.5,5,Resolved,Yes
TKT000777,CUST_084,North,Email,Billing,Low,AGENT_08,2026-06-13,2026-06-15,2.8,70.8,5,Resolved,No
TKT000069,CUST_132,South,Chat,Billing,Medium,AGENT_15,2026-01-23,2026-01-25,19.4,49.3,,Reopened,Yes
TKT001136,CUST_014,East,Portal,Delivery Delay,Medium,AGENT_05,2026-04-10,,21.3,,,Open,No
TKT000045,CUST_095,South,Chat,Delivery Delay,High,AGENT_14,2026-03-15,2026-03-16,5.6,24.6,,Reopened,Yes
TKT003847,CUST_124,East,Chat,Other,High,AGENT_10,2026-04-18,2026-04-19,6.3,30.0,4,Closed,Yes
TKT002793,CUST_134,East,Phone,Delivery Delay,Low,AGENT_15,2026-06-25,2026-06-27,26.3,,5,Closed,No
TKT000169,CUST_140,South,Email,Delivery Delay,Low,AGENT_13,2026-03-27,2026-03-29,23.3,63.6,5,Resolved,No
TKT003003,CUST_043,Central,Phone,Delivery Delay,Low,AGENT_14,2026-02-13,2026-02-17,29.7,,,Reopened,Yes
TKT004135,CUST_129,North,Email,Account Access,Low,AGENT_05,2026-06-30,2026-07-04,10.0,97.2,4,Resolved,Yes
TKT004051,CUST_068,South,Portal,Billing,Critical,AGENT_06,2026-03-02,,1.2,4.7,4,Resolved,Yes
TKT001860,CUST_082,North,Portal,Account Access,Medium,AGENT_03,2026-05-15,2026-05-16,8.3,38.5,4,Resolved,Yes
TKT004137,CUST_117,Central,Phone,Billing,Medium,AGENT_06,2026-05-04,2026-05-07,6.3,,5,Resolved,Yes
TKT003971,CUST_016,South,Portal,Account Access,High,AGENT_13,2026-04-22,2026-04-22,4.4,22.0,3,Resolved,Yes
TKT002265,CUST_075,South,Chat,Other,Low,AGENT_06,2026-05-26,2026-06-01,29.3,144.9,4,Resolved,Yes
TKT002819,CUST_059,South,Chat,Billing,Low,AGENT_09,2026-04-02,2026-04-09,31.8,168.6,4,Resolved,Yes
TKT002382,CUST_071,East,Portal,Account Access,Medium,AGENT_06,2026-01-08,2026-01-10,22.0,67.8,5,Closed,Yes
TKT000294,CUST_011,North,Phone,Billing,High,AGENT_11,2026-03-05,2026-03-05,5.9,,4,Resolved,No
TKT001063,CUST_121,West,Chat,Damaged Goods,Medium,AGENT_15,2026-01-24,2026-01-25,3.9,38.4,,Reopened,Yes
TKT000222,CUST_091,North,Email,Billing,Low,AGENT_14,2026-03-08,,40.8,,,Open,No
TKT003854,CUST_031,West,Chat,Account Access,Low,AGENT_05,2026-01-05,2026-01-10,35.5,128.2,5,Closed,Yes
TKT004822,CUST_036,West,Portal,Other,Low,AGENT_05,2026-03-05,,45.6,,,Open,No
TKT000048,CUST_002,North,Phone,Billing,Low,AGENT_08,2026-01-20,2026-01-22,30.7,,4,Resolved,No
TKT002399,CUST_119,Central,Email,Other,Medium,AGENT_05,2026-03-03,2026-03-06,15.7,-1.9,5,Resolved,Yes
TKT001126,CUST_073,South,Chat,Billing,Medium,AGENT_06,2026-01-27,2026-01-29,3.7,56.4,,Reopened,Yes
TKT002609,CUST_008,West,Email,Damaged Goods,Critical,AGENT_11,2026-06-17,,0.6,,,Open,No
TKT004976,CUST_072,North,Portal,Account Access,Low,AGENT_06,2026-03-17,2026-03-22,11.8,125.1,5,Resolved,Yes
TKT001940,CUST_137,West,Chat,Billing,Medium,AGENT_09,2026-05-02,2026-05-04,2.9,50.6,2,Resolved,Yes
TKT000749,CUST_022,Central,Phone,Billing,Medium,AGENT_01,2026-05-16,2026-05-18,10.8,,4,Resolved,Yes
TKT004465,CUST_094,Central,Portal,Delivery Delay,Low,AGENT_09,2026-06-01,,45.1,,,Open,No
TKT003525,CUST_061,South,Portal,Delivery Delay,Low,AGENT_14,2026-06-28,,9.6,69.2,1,Resolved,No
TKT000247,CUST_088,North,Chat,Other,Medium,AGENT_06,2026-06-27,2026-06-28,13.1,24.8,5,Closed,No
TKT000037,CUST_006,West,Chat,Delivery Delay,Low,AGENT_13,2026-06-12,2026-06-17,31.3,135.4,3,Resolved,Yes
TKT004852,CUST_118,West,Email,Other,Medium,AGENT_11,2026-04-20,,17.5,83.3,4,Closed,Yes
TKT001211,CUST_052,South,Email,Billing,Medium,AGENT_11,2026-03-04,2026-03-07,23.0,79.8,5,Closed,Yes
TKT004539,CUST_040,Central,Email,Other,High,AGENT_05,2026-03-26,2026-03-26,0.6,16.2,4,Closed,Yes
TKT002795,CUST_084,South,Phone,Delivery Delay,High,AGENT_05,2026-06-24,2026-06-24,7.6,,5,Closed,Yes
TKT000426,CUST_060,North,Phone,Damaged Goods,Low,AGENT_02,2026-02-08,2026-02-10,8.2,,5,Resolved,No
TKT002588,CUST_111,North,Email,Billing,Medium,AGENT_14,2026-05-23,2026-05-26,13.1,-17.6,4,Closed,Yes
TKT003955,CUST_074,North,Phone,Other,Low,AGENT_15,2026-05-25,,23.6,,5,Resolved,Yes
TKT003931,CUST_014,Central,Email,Damaged Goods,High,AGENT_12,2026-02-19,2026-02-19,7.5,18.5,4,Resolved,Yes
TKT004998,CUST_083,North,Chat,Damaged Goods,Medium,AGENT_01,2026-02-11,2026-02-12,3.7,36.1,3,Resolved,Yes
TKT003044,CUST_017,Central,Email,Billing,Medium,AGENT_03,2026-06-13,2026-06-15,0.9,71.6,4,Resolved,Yes
TKT002311,CUST_052,East,Chat,Billing,Low,AGENT_04,2026-06-10,,29.4,,,Open,No
TKT004578,CUST_112,South,Email,Delivery Delay,High,AGENT_10,2026-04-14,2026-04-15,2.6,26.5,4,Closed,Yes
TKT003384,CUST_048,West,Phone,Delivery Delay,Low,AGENT_09,2026-02-18,2026-02-23,17.5,,3,Resolved,Yes
TKT003099,CUST_133,West,Chat,Account Access,Medium,AGENT_15,2026-06-12,2026-06-14,7.4,68.2,5,Resolved,Yes
TKT002856,CUST_129,West,Phone,Other,Critical,AGENT_03,2026-03-10,2026-03-10,1.5,,4,Resolved,Yes
TKT004809,CUST_144,East,Email,Damaged Goods,Low,AGENT_08,2026-01-04,2026-01-09,34.8,139.0,4,Resolved,Yes
TKT002531,CUST_072,Central,Email,Damaged Goods,Low,AGENT_07,2026-04-19,2026-05-19,6.5,734.4,4,Resolved,Yes
TKT000672,CUST_023,West,Portal,Billing,Low,AGENT_01,,2026-05-02,25.5,39.5,,Reopened,No
TKT004206,CUST_078,East,Email,Billing,Low,AGENT_10,2026-04-25,2026-05-02,38.2,174.3,4,Resolved,Yes
TKT002534,CUST_129,East,Chat,Billing,Medium,AGENT_15,2026-05-18,,11.2,,,Open,No
TKT001523,CUST_088,Central,Chat,Other,Medium,AGENT_04,2026-06-28,,6.4,,,Open,No
TKT003068,CUST_119,Central,Email,Account Access,Low,AGENT_14,2026-03-27,2026-04-01,4.8,141.0,2,Resolved,Yes
TKT004265,CUST_132,East,Email,Damaged Goods,Low,AGENT_02,2026-05-06,2026-05-10,37.8,107.4,5,Resolved,Yes
TKT003208,CUST_102,East,Chat,Billing,Low,AGENT_02,2026-04-23,,29.7,,,Open,No
TKT001795,CUST_053,South,Chat,Billing,Medium,AGENT_13,2026-03-12,,14.9,76.1,2,Resolved,Yes
TKT004555,CUST_113,South,Portal,Billing,Medium,AGENT_15,2026-01-05,2026-01-08,18.7,78.4,4,Resolved,Yes
TKT004523,CUST_139,North,Email,Billing,Low,AGENT_11,2026-03-03,,14.7,,,Open,No
TKT000530,CUST_149,North,Phone,Billing,Low,AGENT_09,2026-06-23,2026-06-24,8.3,,4,Resolved,No
TKT003618,CUST_010,South,Email,Billing,Medium,AGENT_14,2026-03-22,2026-03-23,9.0,43.4,5,Closed,Yes
TKT000446,CUST_027,North,Portal,Billing,Low,AGENT_11,2026-05-10,2026-05-14,30.6,110.8,4,Resolved,Yes
TKT004542,CUST_038,South,Email,Delivery Delay,Low,AGENT_01,2026-01-29,2026-02-05,38.3,180.3,,Reopened,Yes
TKT000339,CUST_084,Central,Chat,Billing,High,AGENT_10,2026-03-02,2026-03-02,2.1,11.7,,Reopened,No
TKT002686,CUST_057,West,Email,Billing,High,AGENT_12,2026-03-25,2026-03-25,6.6,13.1,5,Resolved,Yes
TKT000679,CUST_049,South,Phone,Damaged Goods,Low,AGENT_13,2026-06-07,2026-06-12,5.1,137.0,5,Resolved,Yes
TKT002734,CUST_007,East,Chat,Delivery Delay,Low,AGENT_05,2026-02-26,2026-02-28,34.8,50.9,5,Resolved,No
TKT000896,CUST_056,North,Portal,Other,High,AGENT_03,2026-04-02,,0.8,,,Open,No
TKT004917,CUST_074,Central,Portal,Damaged Goods,High,AGENT_11,2026-01-02,2026-01-02,0.8,23.4,4,Resolved,Yes
TKT004951,CUST_058,Central,Chat,Other,High,AGENT_10,2026-03-27,2026-03-27,6.7,22.2,4,Resolved,Yes
TKT000304,CUST_079,Central,Phone,Delivery Delay,Medium,AGENT_05,2026-06-13,2026-06-15,23.4,65.2,3,Closed,Yes
TKT000688,CUST_115,North,Email,Damaged Goods,Low,AGENT_11,2026-01-31,2026-02-03,32.7,81.4,1,Closed,Yes
TKT002654,CUST_095,West,Chat,Account Access,Critical,AGENT_11,2026-01-06,2026-01-06,1.0,4.8,4,Resolved,Yes
TKT000587,CUST_143,North,Email,Delivery Delay,Medium,AGENT_12,2026-01-17,,19.5,55.6,5,Resolved,Yes
TKT001311,CUST_141,East,Email,Billing,Medium,AGENT_01,2026-06-27,2026-06-28,7.3,46.0,5,Resolved,Yes
TKT002805,CUST_108,East,Chat,Account Access,Low,AGENT_09,2026-03-10,,40.6,151.3,5,Closed,Yes
TKT000386,CUST_096,Central,Email,Damaged Goods,High,AGENT_02,2026-06-26,,1.7,16.3,5,Closed,Yes
TKT001625,CUST_072,Central,Email,Delivery Delay,Low,AGENT_07,2026-06-07,2026-06-22,15.6,364.0,5,Resolved,Yes
TKT002693,CUST_039,Central,Portal,Damaged Goods,Low,AGENT_12,2026-05-21,2026-05-28,35.9,175.9,5,Closed,Yes
TKT000130,CUST_104,North,Chat,Billing,Low,AGENT_10,2026-05-07,2026-05-08,11.1,42.6,3,Resolved,No
TKT001040,CUST_149,South,Email,Damaged Goods,Critical,AGENT_05,2026-06-27,2026-06-27,0.9,5.1,5,Closed,Yes
TKT003572,CUST_127,West,Portal,Billing,High,AGENT_12,2026-06-22,2026-06-22,0.8,15.3,4,Resolved,Yes
TKT003486,CUST_049,East,Chat,Damaged Goods,Medium,AGENT_06,2026-05-06,2026-05-07,0.6,40.3,3,Resolved,Yes
TKT001379,CUST_068,East,Email,Billing,Low,AGENT_03,2026-01-20,2026-01-22,46.4,50.9,5,Resolved,No
TKT002963,CUST_055,East,Phone,Account Access,Medium,AGENT_09,2026-02-21,2026-02-24,6.0,77.8,4,Resolved,Yes
TKT003033,CUST_131,South,Portal,Billing,Low,AGENT_12,2026-04-05,2026-04-10,32.8,132.5,5,Resolved,Yes
TKT002267,CUST_048,Central,Chat,Other,Medium,AGENT_06,2026-05-25,2026-05-26,21.9,40.4,4,Resolved,Yes
TKT000506,CUST_028,Central,Email,Billing,Low,AGENT_05,2026-04-18,2026-04-21,36.6,79.7,3,Resolved,Yes
TKT000268,CUST_046,South,Phone,Billing,Medium,AGENT_05,2026-02-26,,6.4,,,Open,No
TKT003987,CUST_023,West,Portal,Other,Medium,AGENT_12,2026-03-20,2026-03-23,11.2,82.0,,Reopened,Yes
TKT004954,CUST_136,East,Portal,Damaged Goods,Medium,AGENT_02,2026-05-12,2026-05-14,21.0,49.7,5,Resolved,Yes
TKT000759,CUST_139,South,Phone,Other,Medium,AGENT_03,2026-05-01,2026-05-04,23.9,,,Reopened,Yes
TKT000815,CUST_086,South,Email,Billing,Low,AGENT_04,2026-06-20,2026-06-24,29.4,96.5,3,Resolved,Yes
TKT002685,CUST_119,East,Phone,Billing,Medium,AGENT_13,2026-04-01,2026-04-01,6.5,,5,Resolved,No
TKT004530,CUST_019,East,Email,Billing,Medium,AGENT_15,2026-01-28,2026-01-30,17.0,56.7,3,Closed,Yes
TKT003708,CUST_086,South,Phone,Billing,High,AGENT_13,2026-02-04,2026-02-04,5.8,,3,Resolved,Yes
TKT004926,CUST_072,Central,Email,Billing,Critical,AGENT_01,2026-02-22,2026-02-22,1.8,6.3,3,Closed,Yes
TKT002387,CUST_123,South,Email,Other,Medium,AGENT_05,2026-03-24,2026-03-26,15.0,53.8,5,Resolved,Yes
TKT000418,CUST_073,Central,Phone,Other,Medium,AGENT_14,2026-03-25,,2.6,,3,Resolved,No
TKT001947,CUST_096,South,Chat,Delivery Delay,Low,AGENT_05,2026-01-07,,24.3,165.1,4,Resolved,Yes
TKT004150,CUST_031,West,Phone,Billing,Low,AGENT_05,2026-03-25,,48.0,,,Open,No
TKT000072,CUST_006,Central,Chat,Billing,Critical,AGENT_09,2026-04-10,2026-04-10,1.0,5.8,,Reopened,Yes
TKT000945,CUST_143,West,Chat,Other,Medium,AGENT_01,2026-06-06,2026-06-08,13.2,67.0,5,Resolved,Yes
TKT001486,CUST_056,Central,Chat,Account Access,Low,AGENT_01,2026-05-13,2026-05-16,1.4,90.6,4,Resolved,Yes
TKT003491,CUST_126,Central,Portal,Other,Low,AGENT_06,2026-06-30,2026-07-05,25.8,122.6,2,Resolved,Yes
TKT001705,CUST_107,Central,Email,Delivery Delay,Low,AGENT_14,2026-06-06,2026-06-12,29.9,165.4,5,Resolved,Yes
TKT002313,CUST_043,South,Phone,Billing,High,AGENT_02,,2026-04-12,2.8,,3,Resolved,Yes
TKT001824,CUST_137,North,Email,Other,High,AGENT_14,2026-02-27,2026-02-28,7.3,24.3,5,Resolved,Yes
TKT003754,CUST_120,South,Phone,Billing,Low,AGENT_05,2026-05-02,,7.6,,,Open,No
TKT002465,CUST_125,Central,Email,Billing,Critical,AGENT_09,2026-01-24,2026-01-24,1.5,7.1,3,Resolved,Yes
TKT000002,CUST_060,West,Portal,Damaged Goods,Medium,AGENT_12,2026-06-07,2026-06-10,10.9,79.9,5,Resolved,Yes
TKT001934,CUST_022,North,Email,Delivery Delay,High,AGENT_03,2026-06-15,2026-06-16,0.8,24.3,2,Resolved,Yes
TKT002203,CUST_143,South,Chat,Billing,Low,AGENT_10,2026-03-12,,6.8,-5.4,5,Closed,No
TKT003612,CUST_021,North,Chat,Billing,Low,AGENT_03,2026-01-06,2026-01-06,1.3,18.6,,Reopened,No
TKT004838,CUST_126,East,Phone,Delivery Delay,Medium,AGENT_06,2026-04-08,2026-04-09,15.0,,4,Closed,Yes
TKT001943,CUST_059,East,Email,Other,High,AGENT_04,2026-06-09,2026-06-09,2.2,13.9,5,Resolved,Yes
TKT003811,CUST_143,North,Email,Delivery Delay,Medium,AGENT_06,2026-03-01,2026-03-02,18.4,42.7,4,Resolved,Yes
TKT002743,CUST_096,North,Chat,Delivery Delay,Low,AGENT_15,2026-06-18,2026-06-23,39.7,122.9,5,Resolved,Yes
TKT000508,CUST_074,West,Portal,Account Access,Medium,AGENT_08,2026-03-17,,8.8,75.8,,Reopened,Yes
TKT001341,CUST_133,Central,Email,Account Access,Medium,AGENT_01,2026-01-24,,14.5,49.2,5,Resolved,Yes
TKT000974,CUST_133,North,Email,Other,Critical,AGENT_10,2026-01-11,2026-01-11,1.7,4.3,4,Resolved,Yes
TKT001896,CUST_104,South,Chat,Billing,Critical,AGENT_01,2026-05-26,,1.7,7.2,4,Resolved,Yes
TKT002007,CUST_146,Central,Phone,Other,Critical,AGENT_05,2026-06-25,2026-06-25,0.6,,5,Resolved,No
TKT000978,CUST_072,Central,Chat,Other,High,AGENT_01,2026-01-18,2026-01-18,4.6,21.7,4,Closed,Yes
TKT000233,CUST_115,North,Chat,Account Access,High,AGENT_15,2026-03-24,,7.9,26.4,3,Resolved,Yes
TKT001496,CUST_081,Central,Phone,Damaged Goods,Low,AGENT_15,2026-03-16,2026-03-18,22.0,,5,Resolved,No
TKT004284,CUST_096,East,Phone,Billing,Medium,AGENT_14,2026-02-20,2026-02-21,3.8,,4,Resolved,No
TKT002881,CUST_119,South,Phone,Other,Medium,AGENT_09,2026-03-15,2026-03-16,7.0,,5,Closed,Yes
TKT003410,CUST_142,Central,Email,Billing,Low,AGENT_15,2026-03-13,2026-03-16,28.8,95.6,5,Closed,Yes
TKT001315,CUST_010,West,Email,Billing,Low,AGENT_09,2026-04-25,2026-04-29,27.3,117.0,5,Resolved,Yes
TKT002142,CUST_028,South,Portal,Account Access,Low,AGENT_02,2026-06-01,2026-06-05,29.3,113.4,4,Resolved,Yes
TKT002601,CUST_041,West,Phone,Other,Low,AGENT_12,2026-01-16,2026-01-17,7.3,,4,Closed,No
TKT004994,CUST_129,North,Email,Billing,Medium,AGENT_08,2026-03-13,2026-03-14,23.8,32.1,,Reopened,No
TKT000369,CUST_054,South,Portal,Delivery Delay,Medium,AGENT_12,2026-02-21,2026-02-24,18.6,73.5,5,Resolved,Yes
TKT001320,CUST_121,East,Email,Billing,High,AGENT_15,2026-06-11,2026-06-11,6.7,9.7,4,Resolved,No
TKT004831,CUST_004,West,Portal,Account Access,Low,AGENT_06,2026-06-07,2026-06-09,39.1,68.8,4,Resolved,No
TKT002474,CUST_102,North,Chat,Delivery Delay,High,AGENT_02,2026-05-05,2026-05-06,7.2,24.3,,Reopened,Yes
TKT003958,CUST_117,North,Portal,Account Access,High,AGENT_07,2026-01-07,2026-01-09,4.1,68.1,5,Closed,Yes
TKT001538,CUST_112,South,Email,Damaged Goods,Medium,AGENT_15,2026-04-12,2026-04-15,22.2,93.9,5,Closed,Yes
TKT001885,CUST_107,Central,Email,Other,Medium,AGENT_04,2026-06-27,2026-06-27,2.4,9.4,5,Resolved,No
TKT001186,CUST_150,East,Chat,Billing,Medium,AGENT_07,2026-04-28,2026-05-13,18.7,376.2,4,Resolved,Yes
TKT003981,CUST_049,East,Email,Account Access,High,AGENT_13,2026-05-02,,0.7,20.0,4,Resolved,Yes
TKT002966,CUST_130,East,Phone,Damaged Goods,Low,AGENT_09,2026-06-30,2026-06-30,9.8,,4,Resolved,No
TKT001369,CUST_005,West,Email,Billing,Medium,AGENT_09,2026-06-08,2026-06-10,3.2,62.5,5,Resolved,Yes
TKT001643,CUST_148,North,Chat,Billing,Medium,AGENT_12,,2026-02-11,5.6,31.1,,Reopened,No
TKT004662,CUST_073,North,Phone,Billing,Low,AGENT_01,2026-01-21,2026-01-25,23.6,117.5,2,Resolved,Yes
TKT003316,CUST_128,North,Phone,Account Access,Low,AGENT_06,2026-04-13,2026-04-15,15.5,58.5,5,Resolved,No
TKT003240,CUST_144,North,Chat,Billing,High,AGENT_04,2026-04-09,,6.3,,,Open,No
TKT002312,CUST_132,South,Phone,Account Access,Medium,AGENT_09,2026-05-02,2026-05-03,6.0,,4,Resolved,Yes
TKT004210,CUST_007,West,Chat,Delivery Delay,Medium,AGENT_03,2026-01-24,2026-01-26,16.2,48.5,1,Closed,Yes
TKT003328,CUST_087,East,Email,Account Access,Medium,AGENT_07,2026-01-09,2026-01-27,19.2,454.2,5,Resolved,Yes
TKT000281,CUST_070,East,Chat,Billing,High,AGENT_03,2026-03-21,2026-03-22,5.0,25.1,5,Resolved,Yes
TKT003624,CUST_095,Central,Phone,Delivery Delay,Critical,AGENT_01,2026-03-25,,1.4,,,Open,No
TKT001299,CUST_143,West,Email,Delivery Delay,Low,AGENT_15,2026-04-20,2026-04-24,43.6,100.1,4,Resolved,Yes
TKT004330,CUST_097,South,Email,Other,High,AGENT_14,2026-03-12,2026-03-12,2.6,14.6,5,Resolved,Yes
TKT004176,CUST_130,North,Chat,Delivery Delay,Low,AGENT_09,2026-05-02,2026-05-08,28.6,166.7,3,Resolved,Yes
TKT000602,CUST_002,Central,Email,Billing,Medium,AGENT_09,2026-05-06,2026-05-08,21.2,70.1,,Reopened,Yes
TKT002714,CUST_053,East,Chat,Damaged Goods,High,AGENT_12,2026-01-15,,0.5,3.0,5,Resolved,No
TKT000518,CUST_023,North,Chat,Delivery Delay,High,AGENT_07,2026-05-05,2026-05-06,0.7,27.5,,Reopened,Yes
TKT002682,CUST_037,West,Chat,Other,Critical,AGENT_03,2026-05-10,2026-05-10,1.3,5.5,2,Resolved,Yes
TKT003143,CUST_049,North,Portal,Delivery Delay,Medium,AGENT_13,2026-03-15,2026-03-18,20.7,91.9,4,Resolved,Yes
TKT000163,CUST_020,South,Chat,Delivery Delay,Critical,AGENT_05,2026-06-25,2026-06-25,1.7,5.6,5,Resolved,Yes
TKT003691,CUST_106,Central,Chat,Billing,Medium,AGENT_09,2026-02-20,2026-02-23,13.8,82.3,5,Resolved,Yes
TKT004504,CUST_017,East,Email,Damaged Goods,High,AGENT_12,2026-06-22,2026-06-22,5.7,22.7,5,Closed,Yes
TKT001732,CUST_091,East,Phone,Billing,Low,AGENT_08,2026-06-06,2026-06-07,13.9,33.4,,Reopened,No
TKT003670,CUST_104,West,Chat,Billing,Low,AGENT_15,2026-06-20,,30.7,47.0,4,Resolved,No
TKT000560,CUST_105,West,Phone,Delivery Delay,Critical,AGENT_14,2026-04-02,2026-04-02,0.9,,5,Resolved,Yes
TKT004889,CUST_011,East,Portal,Delivery Delay,Critical,AGENT_14,2026-03-14,2026-03-14,1.3,7.0,,Reopened,Yes
TKT000502,CUST_025,Central,Email,Billing,Medium,AGENT_01,2026-02-07,,13.9,50.4,3,Resolved,Yes
TKT003145,CUST_125,West,Email,Account Access,High,AGENT_02,2026-02-18,,8.0,,,Open,No
TKT001659,CUST_018,East,Email,Account Access,Medium,AGENT_05,2026-04-21,2026-04-23,9.5,56.7,3,Resolved,Yes
TKT001842,CUST_107,South,Phone,Billing,Medium,AGENT_02,2026-06-15,2026-06-17,21.8,,4,Resolved,Yes
TKT000133,CUST_104,North,Phone,Billing,Medium,AGENT_08,2026-01-02,,7.0,,5,Resolved,Yes
TKT004597,CUST_044,South,Chat,Other,Low,AGENT_09,2026-01-02,2026-01-03,11.4,35.1,4,Resolved,No
TKT000435,CUST_017,Central,Chat,Account Access,Medium,AGENT_15,2026-03-01,,21.0,74.9,5,Resolved,Yes
TKT001895,CUST_110,Central,Chat,Delivery Delay,Medium,AGENT_04,2026-01-28,,21.1,,,Open,No
TKT002845,CUST_027,East,Chat,Damaged Goods,High,AGENT_15,2026-04-15,2026-04-16,6.9,30.0,2,Resolved,Yes
TKT000607,CUST_095,South,Email,Billing,Low,AGENT_05,2026-04-20,2026-04-23,36.9,74.0,5,Closed,Yes
TKT004066,CUST_125,East,Phone,Damaged Goods,Medium,AGENT_01,2026-03-06,2026-03-09,20.7,88.1,,Reopened,Yes
TKT000811,CUST_099,South,Email,Billing,Medium,AGENT_08,2026-01-06,2026-01-09,8.8,80.6,5,Resolved,Yes
TKT002151,CUST_009,South,Phone,Other,Critical,AGENT_09,2026-06-22,2026-06-22,0.8,,4,Resolved,Yes
TKT002000,CUST_147,Central,Email,Billing,High,AGENT_15,2026-04-17,2026-04-17,6.1,15.4,4,Resolved,Yes
TKT004077,CUST_007,Central,Email,Billing,Medium,AGENT_11,2026-02-25,2026-02-27,6.4,65.0,4,Resolved,Yes
TKT003390,CUST_009,Central,Email,Other,Low,AGENT_05,2026-06-24,,21.8,,,Open,No
TKT003637,CUST_147,South,Portal,Billing,High,AGENT_12,2026-06-04,2026-06-05,7.9,28.9,4,Resolved,Yes
TKT002083,CUST_121,North,Chat,Other,Low,AGENT_05,2026-02-19,2026-02-21,47.6,71.2,3,Resolved,No
TKT000649,CUST_082,North,Portal,Delivery Delay,Medium,AGENT_02,2026-03-19,2026-03-20,19.2,42.8,3,Closed,Yes
TKT003177,CUST_051,Central,Chat,Account Access,Medium,AGENT_11,2026-02-11,2026-02-14,15.9,75.5,5,Resolved,Yes
TKT004412,CUST_017,West,Chat,Billing,High,AGENT_07,2026-02-02,,2.1,126.6,3,Resolved,Yes
TKT004677,CUST_055,East,Portal,Billing,Medium,AGENT_14,2026-05-15,2026-05-15,18.0,23.5,3,Resolved,No
TKT002858,CUST_102,North,Chat,Other,High,AGENT_06,2026-05-11,2026-05-11,2.4,17.0,5,Resolved,Yes
TKT004257,CUST_100,South,Chat,Delivery Delay,High,AGENT_07,2026-06-21,2026-07-01,4.6,261.6,,Reopened,Yes
TKT000921,CUST_021,South,Email,Billing,Medium,AGENT_08,2026-02-25,2026-02-27,20.7,53.8,5,Resolved,Yes
TKT000660,CUST_036,East,Portal,Billing,High,AGENT_10,2026-06-03,2026-06-04,6.8,27.7,2,Resolved,Yes
TKT001250,CUST_021,South,Phone,Billing,Low,AGENT_10,2026-02-15,,29.2,,5,Closed,No
TKT001558,CUST_072,East,Email,Other,Low,AGENT_05,2026-06-05,,24.7,60.4,4,Resolved,No
TKT000461,CUST_071,Central,Email,Other,Critical,AGENT_07,2026-05-12,2026-05-14,1.3,58.3,,Reopened,Yes
TKT003046,CUST_134,North,Phone,Damaged Goods,Medium,AGENT_01,2026-02-23,2026-02-25,6.1,,4,Resolved,Yes
TKT004907,CUST_069,East,Portal,Billing,Low,AGENT_04,2026-01-18,,40.0,50.3,5,Resolved,No
TKT001176,CUST_085,Central,Chat,Delivery Delay,High,AGENT_01,2026-02-11,2026-02-12,7.3,29.2,5,Resolved,Yes
TKT002468,CUST_087,Central,Chat,Account Access,Medium,AGENT_02,2026-04-13,2026-04-15,13.9,52.0,1,Resolved,Yes
TKT000996,CUST_002,East,Email,Billing,Critical,AGENT_14,2026-04-17,2026-04-17,1.9,4.0,,Reopened,No
TKT001382,CUST_144,West,Email,Account Access,High,AGENT_14,2026-03-05,,7.9,14.8,,Reopened,Yes
TKT002228,CUST_006,East,Chat,Damaged Goods,High,AGENT_10,2026-01-31,,7.2,21.1,5,Resolved,Yes
TKT003982,CUST_068,South,Email,Delivery Delay,Medium,AGENT_15,2026-01-04,2026-01-06,18.7,65.2,4,Resolved,Yes
TKT003549,CUST_019,East,Email,Damaged Goods,High,AGENT_04,2026-03-01,2026-03-01,2.1,-11.6,5,Resolved,Yes
TKT002095,CUST_098,North,Chat,Damaged Goods,Low,AGENT_10,2026-02-01,2026-02-07,40.6,159.4,3,Closed,Yes
TKT001909,CUST_103,East,Portal,Delivery Delay,High,AGENT_12,2026-04-18,2026-04-18,6.2,10.7,3,Resolved,No
TKT001766,CUST_014,North,Portal,Damaged Goods,Low,AGENT_10,2026-05-02,2026-05-04,23.3,66.5,5,Closed,No
TKT001310,CUST_071,North,Email,Other,High,AGENT_06,2026-02-19,2026-02-19,1.3,16.1,4,Closed,Yes
TKT001060,CUST_078,East,Portal,Delivery Delay,Low,AGENT_03,2026-03-16,2026-03-16,1.0,13.8,4,Resolved,No
TKT002191,CUST_125,South,Chat,Delivery Delay,Low,AGENT_11,2026-05-20,2026-05-21,16.7,26.1,5,Resolved,No
TKT001744,CUST_064,North,Portal,Account Access,Medium,AGENT_02,2026-03-28,2026-03-30,19.8,58.4,5,Resolved,Yes
TKT001259,CUST_015,West,Email,Delivery Delay,Medium,AGENT_11,2026-03-24,,9.1,,,Open,No
TKT002620,CUST_034,South,Chat,Damaged Goods,Low,AGENT_11,2026-02-20,2026-02-26,15.8,154.8,5,Resolved,Yes
TKT002123,CUST_122,Central,Email,Billing,Medium,AGENT_07,2026-03-24,2026-04-10,16.7,416.6,,Reopened,Yes
TKT004366,CUST_109,West,Phone,Delivery Delay,Low,AGENT_12,2026-06-03,2026-06-05,25.1,,3,Resolved,No
TKT000505,CUST_094,Central,Email,Account Access,Medium,AGENT_07,2026-02-05,2026-02-13,20.2,196.6,4,Closed,Yes
TKT003475,CUST_029,North,Email,Billing,High,AGENT_07,2026-03-22,2026-03-29,6.8,189.4,4,Resolved,Yes
TKT004770,CUST_111,South,Chat,Damaged Goods,Low,AGENT_09,2026-02-11,,15.2,,,Open,No
TKT002289,CUST_101,South,Email,Other,High,AGENT_14,2026-06-29,2026-06-29,4.9,18.0,,Reopened,Yes
TKT003730,CUST_143,North,Portal,Billing,Low,AGENT_07,2026-04-01,2026-04-24,1.3,569.6,5,Resolved,Yes
TKT003648,CUST_066,Central,Phone,Billing,Low,AGENT_15,2026-04-27,2026-04-29,8.3,,5,Resolved,No
TKT002309,CUST_149,South,Chat,Billing,Medium,AGENT_12,2026-02-10,2026-02-12,10.0,62.0,5,Resolved,Yes
TKT003534,CUST_056,Central,Email,Damaged Goods,Medium,AGENT_14,2026-03-14,2026-03-15,14.8,28.2,3,Resolved,No
TKT004997,CUST_001,East,Email,Account Access,High,AGENT_15,2026-04-26,2026-04-27,7.9,24.2,5,Resolved,Yes
TKT003643,CUST_067,South,Email,Billing,Low,AGENT_11,2026-04-05,,43.3,,,Open,No
TKT000468,CUST_138,West,Portal,Billing,High,AGENT_15,2026-02-18,2026-02-18,3.2,23.3,5,Resolved,Yes
TKT004990,CUST_059,East,Email,Delivery Delay,High,AGENT_07,2026-06-08,2026-06-14,7.9,155.4,4,Resolved,Yes
TKT003546,CUST_034,Central,Email,Damaged Goods,Medium,AGENT_06,2026-05-25,2026-05-27,20.3,70.6,5,Resolved,Yes
TKT001753,CUST_097,Central,Email,Billing,High,AGENT_13,2026-05-19,,3.6,27.2,3,Resolved,Yes
TKT003678,CUST_126,North,Portal,Account Access,Medium,AGENT_05,2026-02-28,2026-03-01,5.5,41.2,4,Resolved,Yes
TKT004869,CUST_074,North,Phone,Delivery Delay,High,AGENT_10,2026-05-28,2026-05-29,6.2,,,Reopened,Yes
TKT001832,CUST_109,South,Phone,Billing,Medium,AGENT_08,2026-04-02,2026-04-03,19.5,29.6,3,Resolved,No
TKT000729,CUST_121,Central,Email,Billing,Low,AGENT_11,2026-01-29,2026-01-31,7.4,58.7,5,Resolved,No
TKT003382,CUST_110,Central,Email,Billing,High,AGENT_14,2026-01-16,2026-01-16,7.2,19.6,4,Resolved,Yes
TKT001846,CUST_133,South,Chat,Delivery Delay,Critical,AGENT_12,2026-01-26,2026-01-26,1.0,5.1,4,Closed,Yes
TKT003699,CUST_044,South,Email,Delivery Delay,Medium,AGENT_11,2026-02-08,2026-02-10,8.0,53.7,5,Resolved,Yes
TKT003803,CUST_144,East,Email,Delivery Delay,High,AGENT_13,2026-01-09,,2.9,8.0,5,Resolved,No
TKT000145,CUST_131,Central,Chat,Billing,Medium,AGENT_15,2026-06-09,2026-06-12,11.9,73.0,5,Resolved,Yes
TKT000931,CUST_059,Central,Phone,Delivery Delay,Low,AGENT_05,2026-01-04,2026-01-06,24.4,,3,Resolved,No
TKT002772,CUST_125,North,Email,Account Access,Medium,AGENT_08,2026-05-26,,10.4,,,Open,No
TKT002086,CUST_004,North,Portal,Billing,Low,AGENT_08,2026-02-22,2026-02-25,43.3,90.6,,Reopened,Yes
TKT000041,CUST_149,East,Chat,Billing,Medium,AGENT_13,2026-05-01,2026-05-03,17.4,56.5,5,Resolved,Yes
TKT004156,CUST_059,West,Email,Billing,Low,AGENT_13,2026-05-10,,18.1,155.4,5,Resolved,Yes
TKT004574,CUST_035,North,Email,Delivery Delay,Medium,AGENT_06,2026-01-18,,16.3,24.7,5,Resolved,No
TKT001478,CUST_064,North,Email,Billing,Medium,AGENT_05,2026-04-21,,7.4,18.6,4,Resolved,No
TKT003304,CUST_100,Central,Chat,Delivery Delay,Low,AGENT_14,2026-01-28,2026-01-31,37.1,77.3,2,Resolved,Yes
TKT004236,CUST_134,South,Phone,Billing,Critical,AGENT_11,2026-01-26,2026-01-26,1.8,,,Reopened,Yes
TKT002831,CUST_097,Central,Chat,Delivery Delay,Low,AGENT_06,2026-06-28,2026-07-01,16.9,83.1,1,Resolved,Yes
TKT001611,CUST_103,South,Email,Delivery Delay,Low,AGENT_15,2026-03-26,2026-03-30,42.1,97.4,2,Resolved,Yes
TKT004740,CUST_105,Central,Chat,Billing,Low,AGENT_09,2026-02-16,2026-02-19,39.3,86.4,,Reopened,Yes
TKT004585,CUST_067,North,Email,Account Access,Low,AGENT_04,2026-02-01,2026-02-06,32.1,124.0,4,Resolved,Yes
TKT004605,CUST_110,South,Portal,Delivery Delay,Medium,AGENT_07,2026-02-24,2026-03-26,2.6,741.5,4,Resolved,Yes
TKT002373,CUST_064,East,Email,Other,Low,AGENT_05,2026-06-25,2026-06-26,9.8,28.3,5,Resolved,No
TKT003446,CUST_056,East,Chat,Billing,Low,AGENT_15,2026-05-21,,36.7,,,Open,No
TKT004778,CUST_061,West,Chat,Other,Medium,AGENT_09,2026-05-30,2026-06-01,7.1,56.1,5,Closed,Yes
TKT002179,CUST_118,North,Phone,Other,High,AGENT_06,2026-01-02,2026-01-02,7.7,,4,Resolved,Yes
TKT004216,CUST_143,North,Phone,Billing,High,AGENT_06,2026-02-21,2026-02-21,1.1,,5,Resolved,Yes
TKT004473,CUST_096,North,Email,Billing,Critical,AGENT_11,2026-02-07,2026-02-07,1.1,6.9,5,Resolved,Yes
TKT002999,CUST_104,Central,Chat,Other,High,AGENT_02,2026-05-24,2026-05-25,6.1,25.2,2,Closed,Yes
TKT004722,CUST_055,West,Chat,Billing,Low,AGENT_14,2026-06-17,,10.2,56.9,4,Resolved,No
TKT004398,CUST_010,East,Portal,Account Access,Medium,AGENT_04,2026-06-23,2026-06-26,21.9,91.9,4,Resolved,Yes
TKT002552,CUST_081,South,Email,Delivery Delay,Medium,AGENT_07,2026-06-30,,11.4,597.1,5,Resolved,Yes
TKT001214,CUST_049,West,Phone,Other,Low,AGENT_02,2026-06-03,2026-06-06,11.8,,5,Resolved,Yes
TKT000611,CUST_007,Central,Email,Other,Medium,AGENT_12,2026-04-13,2026-04-14,4.3,36.1,4,Closed,Yes
TKT000840,CUST_101,North,Chat,Account Access,High,AGENT_10,2026-05-17,2026-05-17,4.7,-15.0,5,Resolved,Yes
TKT003060,CUST_147,Central,Email,Account Access,High,AGENT_04,2026-02-07,,2.3,,,Open,No
TKT000668,CUST_019,West,Chat,Account Access,High,AGENT_12,2026-01-31,2026-01-31,3.0,7.6,5,Resolved,No
TKT003175,CUST_049,North,Chat,Billing,Low,AGENT_07,2026-02-11,,12.1,,,Open,No
TKT000271,CUST_142,East,Portal,Billing,High,AGENT_07,2026-06-05,2026-06-08,7.1,80.9,5,Resolved,Yes
TKT002199,CUST_068,South,Phone,Billing,Low,AGENT_13,2026-01-27,2026-01-30,15.3,,4,Closed,Yes
TKT000954,CUST_143,Central,Chat,Billing,Medium,AGENT_15,2026-02-06,2026-02-08,12.8,62.2,,Reopened,Yes
TKT002809,CUST_123,West,Chat,Account Access,Medium,AGENT_07,2026-01-17,2026-02-13,4.5,649.6,4,Resolved,Yes
TKT002043,CUST_101,West,Chat,Damaged Goods,Medium,AGENT_15,2026-06-06,2026-06-09,5.3,72.3,5,Resolved,Yes
TKT001030,CUST_123,South,Email,Delivery Delay,Low,AGENT_07,2026-05-10,2026-05-24,7.1,342.7,5,Resolved,Yes
TKT000562,CUST_143,East,Phone,Other,Medium,AGENT_14,2026-04-01,2026-04-02,4.1,,1,Resolved,Yes
TKT004616,CUST_042,West,Chat,Billing,Medium,AGENT_09,2026-06-12,2026-06-13,9.9,33.4,3,Resolved,No
TKT004267,CUST_004,North,Email,Delivery Delay,High,AGENT_14,2026-01-07,2026-01-07,4.7,10.0,4,Resolved,No
TKT003266,CUST_054,South,Email,Damaged Goods,Medium,AGENT_08,2026-04-24,2026-04-26,23.1,70.0,3,Resolved,Yes
TKT001144,CUST_067,South,Chat,Billing,Low,AGENT_14,2026-02-25,,1.4,38.4,4,Resolved,No
TKT001252,CUST_104,North,Email,Damaged Goods,Low,AGENT_10,2026-02-01,2026-02-07,43.4,161.6,5,Resolved,Yes
TKT000293,CUST_074,South,Phone,Billing,Low,AGENT_02,2026-04-21,,42.6,,,Open,No
TKT001789,CUST_124,South,Chat,Billing,Critical,AGENT_05,2026-01-15,2026-01-15,1.1,4.1,5,Closed,Yes
TKT001670,CUST_058,North,Chat,Delivery Delay,High,AGENT_07,2026-03-08,2026-03-11,2.3,76.9,5,Closed,Yes
TKT003907,CUST_029,South,Phone,Delivery Delay,Medium,AGENT_05,2026-01-17,,10.0,,,Open,No
TKT004208,CUST_060,Central,Portal,Billing,High,AGENT_06,2026-01-27,2026-01-27,5.1,20.4,1,Resolved,Yes
TKT000870,CUST_138,North,Email,Billing,Low,AGENT_12,2026-06-07,2026-06-13,20.0,144.3,1,Resolved,Yes
TKT002129,CUST_061,West,Chat,Account Access,Low,AGENT_04,2026-02-04,,46.0,163.3,3,Resolved,Yes
TKT000802,CUST_080,Central,Email,Billing,Medium,AGENT_02,2026-02-21,2026-02-24,11.2,81.2,,Reopened,Yes
TKT004074,CUST_054,North,Portal,Other,Low,AGENT_05,2026-06-23,2026-06-24,16.1,27.6,4,Resolved,No
TKT000336,CUST_084,South,Portal,Delivery Delay,Low,AGENT_02,2026-03-31,2026-04-06,42.3,153.7,4,Closed,Yes
TKT002817,CUST_019,West,Phone,Damaged Goods,Medium,AGENT_03,2026-05-08,2026-05-10,10.4,,4,Resolved,Yes
TKT001245,CUST_076,East,Portal,Damaged Goods,Low,AGENT_12,2026-05-12,2026-05-14,23.4,56.7,3,Closed,No
TKT004608,CUST_121,East,Chat,Account Access,Medium,AGENT_03,2026-06-16,2026-06-18,21.8,56.1,5,Resolved,Yes
TKT002494,CUST_087,East,Email,Other,High,AGENT_11,2026-05-14,2026-05-14,4.6,8.6,4,Resolved,No
TKT004397,CUST_015,North,Phone,Damaged Goods,High,AGENT_10,2026-01-20,2026-01-20,2.9,,,Reopened,Yes
TKT000251,CUST_068,North,Portal,Billing,Low,AGENT_05,2026-05-12,2026-05-18,23.5,164.3,4,Resolved,Yes
TKT000865,CUST_052,East,Email,Account Access,Medium,AGENT_07,2026-03-13,2026-04-13,1.1,759.0,5,Resolved,Yes
TKT004053,CUST_079,South,Portal,Delivery Delay,High,AGENT_12,2026-04-12,2026-04-12,5.7,14.1,,Reopened,Yes
TKT004559,CUST_020,West,Email,Delivery Delay,Medium,AGENT_08,2026-04-15,,18.9,,,Open,No
TKT001886,CUST_150,East,Chat,Delivery Delay,Critical,AGENT_09,2026-02-25,2026-02-25,0.7,6.7,5,Closed,Yes
TKT000260,CUST_148,West,Phone,Billing,Medium,AGENT_01,2026-02-04,,0.8,,,Open,No
TKT002715,CUST_088,South,Email,Other,Medium,AGENT_12,2026-03-03,2026-03-05,11.9,62.4,5,Resolved,Yes
TKT000491,CUST_087,East,Email,Billing,High,AGENT_01,2026-01-17,2026-01-18,4.5,24.6,2,Resolved,Yes
TKT004576,CUST_024,West,Email,Other,Medium,AGENT_06,2026-03-14,2026-03-15,10.5,35.3,,Reopened,No
TKT001435,CUST_066,Central,Portal,Account Access,Low,AGENT_08,2026-01-15,2026-01-19,23.3,105.9,5,Closed,Yes
TKT000629,CUST_128,South,Email,Account Access,High,AGENT_05,2026-05-17,,1.8,,,Open,No
TKT004477,CUST_119,East,Email,Delivery Delay,High,AGENT_15,2026-02-03,2026-02-04,8.0,25.4,5,Resolved,Yes
TKT003786,CUST_005,West,Phone,Account Access,Low,AGENT_03,2026-01-24,2026-01-29,42.3,,2,Closed,Yes
TKT003399,CUST_039,Central,Portal,Delivery Delay,Medium,AGENT_01,2026-05-22,,1.4,4.6,5,Resolved,No
TKT003042,CUST_126,Central,Email,Billing,Low,AGENT_11,2026-01-04,2026-01-07,11.3,86.7,,Reopened,Yes
TKT001924,CUST_068,East,Phone,Delivery Delay,Low,AGENT_10,2026-06-06,2026-06-11,25.7,,2,Resolved,Yes
TKT003000,CUST_014,Central,Phone,Billing,Critical,AGENT_03,2026-06-17,,1.3,,1,Resolved,Yes
TKT000346,CUST_081,West,Email,Billing,Low,AGENT_10,2026-04-07,2026-04-13,35.6,155.9,4,Resolved,Yes
TKT002010,CUST_008,South,Chat,Billing,Low,AGENT_06,2026-04-23,2026-04-24,19.8,38.9,1,Resolved,No
TKT000089,CUST_037,West,Chat,Billing,High,AGENT_03,2026-06-13,2026-06-13,5.0,16.8,4,Resolved,Yes
TKT004883,CUST_078,North,Phone,Other,Medium,AGENT_12,2026-06-07,,2.6,,4,Resolved,Yes
TKT004256,CUST_012,East,Chat,Damaged Goods,High,AGENT_10,2026-02-17,2026-02-17,6.0,23.2,3,Resolved,Yes
TKT000367,CUST_046,South,Email,Billing,High,AGENT_06,2026-06-29,2026-06-30,6.7,28.8,5,Resolved,Yes
TKT003956,CUST_083,Central,Email,Other,Low,AGENT_06,2026-06-30,,32.0,129.1,4,Resolved,Yes
TKT000926,CUST_025,Central,Phone,Other,Low,AGENT_09,2026-01-23,2026-01-30,36.3,,5,Closed,Yes
TKT003674,CUST_091,North,Chat,Account Access,Low,AGENT_07,2026-06-03,,11.8,1478.1,4,Resolved,Yes
TKT000399,CUST_016,East,Email,Billing,Low,AGENT_02,2026-06-07,2026-06-13,10.9,151.8,2,Resolved,Yes
TKT003320,CUST_036,South,Chat,Other,High,AGENT_01,2026-05-07,,5.4,15.0,4,Resolved,Yes
TKT002973,CUST_139,West,Portal,Damaged Goods,Medium,AGENT_09,2026-06-13,2026-06-16,9.2,77.3,5,Resolved,Yes
TKT002706,CUST_070,East,Chat,Billing,Critical,AGENT_10,2026-03-06,2026-03-06,1.4,4.4,2,Closed,Yes
TKT001015,CUST_005,North,Email,Delivery Delay,Low,AGENT_04,2026-02-25,2026-03-02,45.5,133.0,,Reopened,Yes
TKT000692,CUST_011,East,Phone,Account Access,Low,AGENT_12,2026-01-01,2026-01-02,15.9,,3,Resolved,No
TKT004746,CUST_015,South,Chat,Account Access,High,AGENT_04,2026-05-27,,7.6,,,Open,No
TKT002175,CUST_023,North,Portal,Delivery Delay,Medium,AGENT_04,2026-06-03,2026-06-03,20.0,23.7,5,Resolved,No
TKT000053,CUST_047,West,Email,Damaged Goods,Critical,AGENT_15,2026-05-05,2026-05-05,0.6,5.5,,Reopened,Yes
TKT000100,CUST_111,North,Phone,Account Access,Low,AGENT_10,2026-05-26,2026-06-01,10.0,,4,Resolved,Yes
TKT001203,CUST_059,East,Email,Other,High,AGENT_01,2026-06-02,2026-06-02,1.0,-6.6,5,Resolved,Yes
TKT001359,CUST_056,West,Portal,Billing,Critical,AGENT_05,2026-03-07,2026-03-07,1.4,6.0,3,Resolved,Yes
TKT003231,CUST_127,Central,Chat,Account Access,Critical,AGENT_13,2026-04-12,2026-04-12,1.3,4.4,5,Resolved,Yes
TKT000324,CUST_010,West,Portal,Other,Medium,AGENT_04,2026-01-05,2026-01-05,4.2,13.2,4,Resolved,No
TKT001772,CUST_085,West,Chat,Delivery Delay,Low,AGENT_06,2026-03-11,2026-03-16,39.3,127.2,1,Resolved,Yes
TKT002762,CUST_138,North,Portal,Delivery Delay,Low,AGENT_08,2026-02-18,2026-02-20,19.2,54.6,,Reopened,No
TKT000987,CUST_003,East,Chat,Delivery Delay,Medium,AGENT_01,2026-06-01,2026-06-02,17.0,43.7,4,Resolved,Yes
TKT001633,CUST_126,North,Email,Damaged Goods,Low,AGENT_10,2026-02-13,2026-02-16,45.2,88.5,3,Closed,Yes
TKT002188,CUST_031,Central,Email,Billing,Medium,AGENT_12,2026-05-02,,16.2,,,Open,No
TKT001854,CUST_076,Central,Portal,Delivery Delay,Low,AGENT_06,2026-01-19,2026-01-23,36.2,97.6,5,Resolved,Yes
TKT002030,CUST_070,East,Email,Delivery Delay,Critical,AGENT_02,2026-03-13,2026-03-13,1.0,4.3,5,Resolved,Yes
TKT002038,CUST_069,North,Email,Billing,Medium,AGENT_12,2026-04-17,2026-04-18,16.1,31.3,4,Resolved,No
TKT004178,CUST_109,North,Chat,Delivery Delay,Low,AGENT_03,2026-03-27,2026-03-28,13.7,41.3,4,Resolved,No
TKT001409,CUST_039,West,Email,Other,Low,AGENT_14,2026-03-28,,5.9,102.6,5,Resolved,Yes
TKT003391,CUST_027,Central,Email,Billing,Critical,AGENT_15,2026-06-24,,0.8,6.8,3,Resolved,Yes
TKT003673,CUST_068,Central,Email,Account Access,Low,AGENT_06,2026-03-21,2026-03-27,47.4,163.9,1,Resolved,Yes
TKT002437,CUST_097,North,Phone,Other,Low,AGENT_15,2026-01-31,2026-02-06,36.2,,2,Closed,Yes
TKT001716,CUST_017,East,Portal,Damaged Goods,Low,AGENT_06,2026-02-24,2026-02-26,39.5,66.0,1,Resolved,No
TKT001201,CUST_138,East,Phone,Billing,High,AGENT_14,2026-03-07,2026-03-07,1.3,,5,Resolved,Yes
TKT004520,CUST_092,South,Portal,Damaged Goods,Medium,AGENT_11,2026-03-08,2026-03-10,3.9,57.6,4,Resolved,Yes
TKT001159,CUST_093,North,Phone,Billing,Low,AGENT_06,2026-01-28,2026-02-02,7.9,,5,Resolved,Yes
TKT001288,CUST_114,South,Phone,Billing,High,AGENT_15,2026-03-16,2026-03-16,3.0,,3,Resolved,Yes
TKT001319,CUST_107,South,Email,Damaged Goods,Low,AGENT_10,2026-05-12,,1.2,27.1,4,Resolved,No
TKT002152,CUST_027,North,Phone,Account Access,Critical,AGENT_10,2026-05-29,2026-05-29,0.8,,5,Resolved,Yes
TKT004361,CUST_045,East,Chat,Delivery Delay,Critical,AGENT_05,2026-01-12,,1.6,,,Open,No
TKT000322,CUST_021,West,Email,Delivery Delay,Low,AGENT_05,2026-02-19,2026-02-23,43.3,111.6,3,Resolved,Yes
TKT000117,CUST_098,East,Chat,Damaged Goods,Medium,AGENT_03,2026-06-03,2026-06-05,22.9,49.9,5,Closed,Yes
TKT004058,CUST_095,East,Email,Delivery Delay,Critical,AGENT_05,2026-04-24,2026-04-24,1.2,6.9,4,Resolved,Yes
TKT001875,CUST_063,South,Portal,Other,Medium,AGENT_12,2026-02-01,2026-02-02,1.3,24.0,4,Resolved,No
TKT003118,CUST_011,East,Chat,Other,Low,AGENT_02,2026-01-29,2026-01-29,10.5,22.2,,Reopened,No
TKT003780,CUST_062,North,Phone,Other,Medium,AGENT_08,2026-06-13,2026-06-14,7.4,33.5,4,Closed,No
TKT001673,CUST_070,West,Chat,Delivery Delay,High,AGENT_06,2026-01-16,2026-01-16,0.8,22.8,3,Resolved,Yes
TKT001608,CUST_120,Central,Chat,Billing,Medium,AGENT_09,2026-03-10,2026-03-11,1.4,26.4,4,Closed,No
TKT000292,CUST_071,Central,Phone,Delivery Delay,Low,AGENT_02,2026-04-25,2026-04-28,41.8,81.0,3,Closed,Yes
TKT003450,CUST_044,East,Phone,Other,Medium,AGENT_12,2026-04-18,2026-04-19,20.8,,4,Closed,No
TKT000162,CUST_138,East,Email,Other,Low,AGENT_10,2026-01-30,2026-02-03,26.2,100.9,4,Closed,Yes
TKT000774,CUST_049,Central,Chat,Delivery Delay,Low,AGENT_03,2026-04-13,2026-04-14,28.1,36.8,4,Resolved,No
TKT000288,CUST_106,East,Email,Account Access,Low,AGENT_12,2026-05-24,2026-05-27,4.3,80.6,2,Resolved,Yes
TKT001078,CUST_134,West,Portal,Account Access,Low,AGENT_12,2026-02-05,2026-02-09,4.3,109.0,2,Resolved,Yes
TKT004089,CUST_105,North,Email,Billing,Low,AGENT_09,2026-05-08,2026-05-11,46.7,95.8,,Reopened,Yes
TKT001637,CUST_050,Central,Phone,Account Access,Medium,AGENT_08,2026-03-20,2026-03-21,1.5,31.1,2,Resolved,No
TKT000669,CUST_074,East,Portal,Damaged Goods,Low,AGENT_05,2026-03-30,2026-04-03,27.6,102.0,4,Resolved,Yes
TKT000937,CUST_019,East,Portal,Delivery Delay,Low,AGENT_06,2026-03-18,2026-03-20,26.7,60.4,4,Closed,No
TKT001306,CUST_147,Central,Email,Account Access,Low,AGENT_10,2026-03-09,2026-03-11,24.0,50.1,4,Resolved,No
TKT004666,CUST_077,East,Phone,Billing,Low,AGENT_11,2026-03-03,2026-03-08,24.0,,5,Resolved,Yes
TKT003023,CUST_019,East,Email,Delivery Delay,Low,AGENT_11,2026-01-31,2026-02-05,8.9,139.9,4,Resolved,Yes
TKT001800,CUST_094,East,Chat,Delivery Delay,Medium,AGENT_04,2026-05-04,2026-05-07,20.3,72.0,4,Resolved,Yes
TKT003752,CUST_012,Central,Phone,Billing,High,AGENT_14,2026-01-01,2026-01-01,4.4,,4,Resolved,Yes
TKT002028,CUST_013,North,Phone,Billing,Medium,AGENT_04,2026-05-28,,3.2,,,Open,No
TKT000486,CUST_038,South,Phone,Billing,Low,AGENT_04,,,29.2,45.1,5,Closed,No
TKT004096,CUST_059,South,Chat,Delivery Delay,Medium,AGENT_03,2026-06-18,2026-06-18,4.4,16.5,5,Resolved,No
TKT000984,CUST_081,North,Portal,Delivery Delay,Medium,AGENT_05,2026-01-28,2026-01-29,23.8,41.6,,Reopened,Yes
TKT000315,CUST_085,East,Email,Delivery Delay,Low,AGENT_06,2026-01-22,2026-01-28,34.0,-5.9,5,Resolved,Yes
TKT004879,CUST_031,East,Email,Delivery Delay,Medium,AGENT_07,2026-01-21,2026-02-15,10.6,610.3,5,Resolved,Yes
TKT001702,CUST_143,North,Chat,Billing,High,AGENT_03,2026-06-14,2026-06-15,5.0,25.4,3,Resolved,Yes
TKT003737,CUST_075,East,Chat,Delivery Delay,Low,AGENT_09,2026-01-07,2026-01-13,38.6,161.8,,Reopened,Yes
TKT000217,CUST_016,East,Chat,Billing,Medium,AGENT_11,2026-01-13,,1.1,,,Open,No
TKT002104,CUST_054,West,Chat,Billing,Medium,AGENT_11,2026-05-14,2026-05-17,7.8,75.5,4,Resolved,Yes
TKT002914,CUST_094,South,Portal,Account Access,High,AGENT_05,2026-04-01,2026-04-01,2.7,12.8,3,Resolved,Yes
TKT001243,CUST_077,South,Chat,Other,Medium,AGENT_04,2026-05-23,2026-05-26,20.0,73.7,4,Resolved,Yes
TKT001321,CUST_033,West,Chat,Billing,Medium,AGENT_01,2026-04-29,2026-05-01,4.6,60.4,5,Resolved,Yes
TKT004734,CUST_035,Central,Chat,Billing,Low,AGENT_01,2026-01-18,2026-01-25,39.7,170.3,5,Closed,Yes
TKT003882,CUST_002,East,Phone,Other,Low,AGENT_12,2026-02-26,2026-02-27,21.0,,5,Resolved,No
TKT002655,CUST_135,West,Chat,Other,Low,AGENT_12,2026-05-19,2026-05-24,32.0,143.6,5,Closed,Yes
TKT002864,CUST_150,East,Email,Delivery Delay,Low,AGENT_09,2026-01-17,2026-01-22,18.6,131.1,3,Resolved,Yes
TKT001912,CUST_011,East,Phone,Delivery Delay,Medium,AGENT_11,2026-03-03,,4.4,,4,Resolved,Yes
TKT000337,CUST_082,West,Portal,Account Access,High,AGENT_03,2026-05-18,2026-05-18,4.2,9.7,5,Resolved,No
TKT001735,CUST_105,East,Chat,Billing,Critical,AGENT_14,2026-05-20,2026-05-20,0.7,5.2,4,Closed,Yes
TKT000165,CUST_093,Central,Phone,Account Access,Critical,AGENT_09,2026-06-16,2026-06-16,1.4,5.6,1,Resolved,Yes
TKT003172,CUST_143,North,Chat,Other,Low,AGENT_07,2026-06-23,,25.7,949.4,4,Resolved,Yes
TKT002419,CUST_141,East,Chat,Billing,Medium,AGENT_09,2026-02-27,,9.5,,,Open,No
TKT003975,CUST_120,East,Chat,Other,Critical,AGENT_05,2026-03-02,2026-03-02,0.8,4.3,5,Resolved,Yes
TKT004497,CUST_099,West,Chat,Billing,Medium,AGENT_15,2026-05-13,2026-05-14,17.9,27.1,4,Resolved,No
TKT000272,CUST_106,North,Chat,Delivery Delay,Medium,AGENT_06,2026-01-09,,13.4,,,Open,No
TKT002027,CUST_020,West,Email,Account Access,Low,AGENT_08,2026-02-26,2026-03-02,45.6,119.4,5,Resolved,Yes
TKT002938,CUST_053,Central,Phone,Billing,Low,AGENT_06,2026-05-12,2026-05-14,37.2,,4,Closed,No
TKT002484,CUST_051,Central,Chat,Delivery Delay,Medium,AGENT_13,2026-04-20,2026-04-22,10.3,56.9,,Reopened,Yes
TKT003111,CUST_148,West,Phone,Other,Medium,AGENT_04,2026-03-19,2026-03-21,12.4,,5,Resolved,Yes
TKT004726,CUST_092,North,Email,Delivery Delay,Low,AGENT_06,2026-06-28,,37.9,,,Open,No
TKT004561,CUST_122,Central,Chat,Damaged Goods,Low,AGENT_12,2026-06-03,,27.9,,,Open,No
TKT001165,CUST_057,Central,Phone,Delivery Delay,Medium,AGENT_01,2026-05-20,2026-05-22,15.9,,,Reopened,Yes
TKT004287,CUST_050,South,Email,Billing,Medium,AGENT_05,2026-03-13,2026-03-14,14.7,25.8,5,Resolved,No
TKT001143,CUST_143,Central,Chat,Delivery Delay,High,AGENT_01,2026-02-19,2026-02-19,6.2,15.7,4,Closed,Yes
TKT000011,CUST_066,South,Phone,Account Access,High,AGENT_03,2026-02-06,,1.2,5.3,3,Resolved,No
TKT004626,CUST_110,South,Chat,Delivery Delay,High,AGENT_10,2026-06-16,2026-06-16,4.3,6.4,5,Resolved,No
TKT002979,CUST_118,West,Phone,Delivery Delay,Low,AGENT_12,2026-05-22,,43.5,,5,Closed,Yes
TKT002556,CUST_121,Central,Chat,Delivery Delay,Medium,AGENT_15,2026-05-29,2026-05-29,4.7,10.8,5,Closed,No
TKT000252,CUST_146,West,Chat,Delivery Delay,Medium,AGENT_05,2026-04-17,2026-04-20,3.6,75.5,5,Closed,Yes
TKT001033,CUST_044,North,Email,Billing,Low,AGENT_02,2026-06-02,,44.4,,,Open,No
TKT004379,CUST_129,North,Chat,Delivery Delay,High,AGENT_01,2026-04-30,,6.4,21.5,3,Resolved,Yes
TKT000076,CUST_067,North,Portal,Billing,Low,AGENT_14,2026-02-05,2026-02-10,31.1,126.5,,Reopened,Yes
TKT004871,CUST_067,North,Chat,Damaged Goods,Low,AGENT_01,2026-04-20,2026-04-27,34.5,171.0,4,Resolved,Yes
TKT003584,CUST_020,South,Chat,Account Access,High,AGENT_06,2026-01-28,2026-01-28,6.8,16.6,2,Resolved,Yes
TKT004211,CUST_008,Central,Chat,Damaged Goods,Low,AGENT_14,2026-04-01,,15.0,,,Open,No
TKT000867,CUST_006,Central,Chat,Delivery Delay,Medium,AGENT_09,2026-05-28,,21.7,62.9,,Reopened,Yes
TKT004557,CUST_031,Central,Chat,Billing,Low,AGENT_06,2026-03-15,2026-03-18,7.9,81.3,1,Resolved,Yes
TKT003834,CUST_097,North,Portal,Billing,Low,AGENT_13,2026-01-04,2026-01-06,17.2,54.1,5,Resolved,No
TKT001492,CUST_096,West,Portal,Billing,Medium,AGENT_04,2026-03-31,2026-04-02,11.5,63.8,5,Resolved,Yes
TKT000018,CUST_116,Central,Chat,Account Access,Medium,AGENT_14,2026-06-28,2026-06-29,19.8,40.2,4,Resolved,Yes
TKT001352,CUST_062,East,Email,Delivery Delay,Medium,AGENT_02,2026-06-14,2026-06-15,11.8,46.1,3,Resolved,Yes
TKT000373,CUST_096,East,Phone,Account Access,High,AGENT_10,2026-06-09,2026-06-09,2.4,,4,Resolved,Yes
TKT000284,CUST_144,North,Portal,Delivery Delay,Low,AGENT_13,2026-06-20,2026-06-24,21.8,107.5,5,Resolved,Yes
TKT004492,CUST_022,East,Email,Billing,High,AGENT_02,2026-05-12,2026-05-12,2.9,11.3,3,Resolved,No
TKT000210,CUST_121,East,Portal,Delivery Delay,Low,AGENT_12,2026-04-23,2026-04-24,5.7,39.9,1,Resolved,No
TKT002540,CUST_078,Central,Portal,Other,Low,AGENT_06,2026-06-07,2026-06-08,1.5,34.6,5,Resolved,No
TKT002843,CUST_048,West,Email,Other,High,AGENT_09,2026-03-22,2026-03-22,1.5,20.1,5,Closed,Yes
TKT002277,CUST_057,North,Chat,Billing,Critical,AGENT_05,2026-04-21,2026-04-21,1.7,4.9,,Reopened,Yes
TKT004620,CUST_150,South,Phone,Damaged Goods,Medium,AGENT_08,2026-03-29,,13.6,,,Open,No
TKT004421,CUST_028,South,Phone,Delivery Delay,Low,AGENT_01,2026-05-26,,6.2,,,Open,No
TKT002868,CUST_076,East,Chat,Billing,Medium,AGENT_09,2026-01-09,,23.8,,,Open,No
TKT000556,CUST_093,South,Phone,Other,Critical,AGENT_09,2026-05-12,2026-05-12,0.8,4.6,1,Resolved,Yes
TKT004410,CUST_137,West,Email,Delivery Delay,Medium,AGENT_15,2026-06-11,,3.9,63.5,4,Resolved,Yes
TKT003994,CUST_007,East,Phone,Damaged Goods,Low,AGENT_01,2026-03-06,2026-03-11,47.4,,,Reopened,Yes
TKT000827,CUST_077,Central,Chat,Other,Medium,AGENT_12,2026-04-12,2026-04-13,22.3,39.5,,Reopened,Yes
TKT001843,CUST_030,South,Chat,Billing,Medium,AGENT_09,2026-04-07,,13.4,,,Open,No
TKT003827,CUST_135,South,Email,Billing,Medium,AGENT_15,2026-04-20,2026-04-23,23.5,73.1,5,Resolved,Yes
TKT000983,CUST_065,North,Email,Billing,Medium,AGENT_14,2026-06-19,,21.1,,,Open,No
TKT002712,CUST_091,East,Email,Billing,Low,AGENT_14,2026-05-05,2026-05-09,19.7,118.8,5,Resolved,Yes
TKT004036,CUST_062,Central,Chat,Billing,Critical,AGENT_02,2026-04-24,2026-04-24,1.6,5.0,4,Resolved,Yes
TKT002543,CUST_096,Central,Email,Damaged Goods,High,AGENT_09,2026-04-12,2026-04-12,7.0,13.3,,Reopened,Yes
TKT004293,CUST_129,West,Email,Delivery Delay,Low,AGENT_05,2026-01-21,2026-01-27,22.2,148.2,5,Resolved,Yes
TKT000254,CUST_073,South,Phone,Delivery Delay,Low,AGENT_13,2026-01-05,2026-01-10,24.6,142.4,5,Resolved,Yes
TKT004856,CUST_014,West,Email,Damaged Goods,Medium,AGENT_15,2026-01-19,2026-01-20,9.6,45.0,5,Closed,Yes
TKT004903,CUST_064,South,Phone,Account Access,High,AGENT_05,2026-01-02,2026-01-03,7.0,,4,Closed,Yes
TKT003629,CUST_059,West,Email,Billing,Medium,AGENT_03,2026-05-26,2026-05-29,13.9,83.5,1,Resolved,Yes
TKT004097,CUST_087,East,Email,Other,Critical,AGENT_10,2026-04-01,2026-04-01,1.7,5.6,3,Closed,Yes
TKT003460,CUST_112,West,Phone,Billing,Low,AGENT_03,2026-03-10,2026-03-14,36.7,110.7,4,Resolved,Yes
TKT002972,CUST_127,North,Chat,Delivery Delay,Low,AGENT_15,2026-02-25,,24.5,113.7,4,Resolved,Yes
TKT002227,CUST_026,East,Chat,Delivery Delay,Medium,AGENT_08,2026-03-03,,15.1,29.5,4,Closed,No
TKT002210,CUST_043,West,Portal,Billing,Critical,AGENT_07,2026-06-13,2026-06-14,1.3,34.2,4,Closed,Yes
TKT002541,CUST_144,North,Email,Billing,Medium,AGENT_08,2026-02-02,2026-02-03,19.3,38.5,4,Closed,Yes
TKT002255,CUST_125,East,Portal,Billing,Medium,AGENT_12,2026-01-02,2026-01-05,16.7,85.4,1,Resolved,Yes
TKT001323,CUST_012,South,Portal,Damaged Goods,Low,AGENT_09,2026-02-11,2026-02-13,20.2,57.4,5,Resolved,No
TKT001535,CUST_032,East,Phone,Billing,Medium,AGENT_05,2026-04-09,2026-04-11,3.9,71.7,5,Closed,Yes
TKT002109,CUST_029,West,Phone,Billing,Low,AGENT_13,2026-02-04,2026-02-04,8.7,,5,Resolved,No
TKT003440,CUST_018,South,Email,Account Access,Low,AGENT_11,2026-02-24,2026-02-28,30.5,109.2,5,Resolved,Yes
TKT004332,CUST_096,West,Chat,Billing,Critical,AGENT_09,2026-01-20,2026-01-20,0.9,4.4,2,Resolved,Yes
TKT000906,CUST_007,South,Phone,Other,Critical,AGENT_05,2026-03-03,2026-03-03,0.5,,3,Resolved,No
TKT002249,CUST_051,East,Email,Account Access,Critical,AGENT_14,2026-06-10,,1.3,5.2,4,Resolved,Yes
TKT001569,CUST_131,South,Chat,Damaged Goods,Low,AGENT_06,2026-02-11,2026-02-11,6.7,10.2,2,Closed,No
TKT000933,CUST_049,East,Email,Delivery Delay,High,AGENT_07,2026-03-28,2026-04-07,6.4,249.8,,Reopened,Yes
TKT001561,CUST_096,North,Email,Billing,Low,AGENT_09,2026-06-24,2026-06-30,21.0,152.7,1,Resolved,Yes
TKT003894,CUST_044,South,Email,Billing,High,AGENT_09,2026-06-11,2026-06-12,2.6,26.5,,Reopened,Yes
TKT004162,CUST_015,South,Portal,Other,Critical,AGENT_03,2026-03-02,,1.2,6.9,3,Resolved,Yes
TKT000331,CUST_010,East,Email,Other,High,AGENT_12,2026-02-10,2026-02-11,3.4,24.3,3,Resolved,Yes
TKT003095,CUST_040,West,Chat,Other,Low,AGENT_02,2026-01-25,,20.9,,,Open,No
TKT002841,CUST_006,South,Phone,Other,Medium,AGENT_13,2026-04-09,2026-04-10,15.9,,2,Closed,Yes
TKT002026,CUST_009,North,Chat,Delivery Delay,Low,AGENT_09,2026-04-22,2026-04-29,44.2,174.0,5,Resolved,Yes
TKT002328,CUST_041,North,Email,Billing,Medium,AGENT_01,2026-04-18,,18.0,,,Open,No
TKT002765,CUST_064,West,Email,Damaged Goods,High,AGENT_13,2026-03-27,2026-03-27,6.8,18.6,4,Resolved,Yes
TKT000467,CUST_129,East,Phone,Account Access,Low,AGENT_02,2026-02-12,2026-02-15,17.2,,4,Resolved,Yes
TKT001372,CUST_026,West,Phone,Account Access,Medium,AGENT_12,2026-04-08,2026-04-08,11.9,22.1,5,Resolved,No
TKT002835,CUST_140,East,Chat,Account Access,Low,AGENT_09,2026-06-07,2026-06-13,30.0,152.2,,Reopened,Yes
TKT004201,CUST_124,Central,Chat,Account Access,Medium,AGENT_14,2026-05-15,2026-05-16,4.3,27.2,2,Closed,No
TKT001714,CUST_089,Central,Chat,Delivery Delay,Low,AGENT_02,2026-06-02,,10.1,,,Open,No
TKT000947,CUST_132,South,Chat,Account Access,Low,AGENT_06,2026-05-14,2026-05-19,39.0,126.3,,Reopened,Yes
TKT003725,CUST_145,North,Chat,Other,High,AGENT_03,2026-03-21,,7.4,,,Open,No
TKT002017,CUST_005,West,Email,Billing,Medium,AGENT_05,2026-02-13,2026-02-14,15.5,31.7,,Reopened,No
TKT001202,CUST_074,East,Chat,Billing,Critical,AGENT_07,2026-05-15,2026-05-16,0.7,43.3,5,Resolved,Yes
TKT004440,CUST_121,South,Phone,Delivery Delay,Medium,AGENT_09,2026-06-01,2026-06-03,3.7,,4,Resolved,Yes
TKT003965,CUST_036,East,Phone,Account Access,High,AGENT_07,2026-03-10,,6.6,,4,Resolved,Yes
TKT000365,CUST_084,Central,Portal,Delivery Delay,Medium,AGENT_04,2026-06-27,2026-06-29,18.0,48.5,4,Resolved,Yes
TKT002928,CUST_102,West,Email,Other,Low,AGENT_07,2026-06-21,2026-07-12,42.0,506.4,3,Resolved,Yes
TKT000451,CUST_014,Central,Email,Account Access,Low,AGENT_14,2026-06-26,2026-07-03,42.3,168.0,3,Resolved,Yes
TKT000234,CUST_044,North,Chat,Billing,Low,AGENT_07,2026-05-27,2026-05-30,2.9,-19.0,5,Resolved,Yes
TKT003272,CUST_102,East,Email,Damaged Goods,Low,AGENT_14,2026-01-23,2026-01-27,45.4,105.3,4,Resolved,Yes
TKT000351,CUST_118,West,Email,Other,High,AGENT_01,2026-05-28,2026-05-28,4.0,13.7,1,Resolved,Yes
TKT002666,CUST_123,Central,Email,Billing,Medium,AGENT_08,2026-06-19,2026-06-20,13.0,34.3,,Reopened,No
TKT002269,CUST_048,East,Phone,Delivery Delay,Medium,AGENT_01,2026-04-13,2026-04-13,8.4,,4,Closed,No
TKT004112,CUST_036,East,Chat,Damaged Goods,Low,AGENT_01,2026-02-10,2026-02-13,40.0,76.4,2,Closed,Yes
TKT004836,CUST_032,South,Phone,Delivery Delay,Critical,AGENT_11,2026-03-08,2026-03-08,0.9,4.6,3,Closed,Yes
TKT001353,CUST_001,West,Chat,Damaged Goods,Medium,AGENT_12,2026-05-11,2026-05-13,19.9,49.2,5,Resolved,Yes
TKT002873,CUST_097,West,Chat,Other,Medium,AGENT_14,2026-05-27,2026-05-28,5.5,28.2,5,Resolved,No
TKT000440,CUST_041,South,Phone,Other,High,AGENT_11,2026-03-09,2026-03-09,5.8,,4,Resolved,No
TKT001936,CUST_023,West,Email,Billing,Medium,AGENT_03,2026-04-07,,14.1,,,Open,No
TKT003757,CUST_102,East,Email,Billing,Low,AGENT_10,2026-06-12,2026-06-18,47.1,158.5,5,Closed,Yes
TKT001680,CUST_138,Central,Chat,Billing,High,AGENT_13,2026-02-17,2026-02-17,1.1,23.7,4,Resolved,Yes
TKT002964,CUST_073,South,Email,Damaged Goods,Low,AGENT_03,2026-05-06,2026-05-06,6.6,-12.6,2,Resolved,No
TKT000080,CUST_143,North,Portal,Delivery Delay,Low,AGENT_15,2026-03-14,2026-03-17,43.2,82.4,3,Closed,Yes
TKT004698,CUST_135,North,Email,Other,Critical,AGENT_05,2026-06-13,2026-06-13,1.0,4.9,1,Resolved,Yes
TKT001644,CUST_009,East,Email,Delivery Delay,High,AGENT_11,2026-06-06,2026-06-07,2.2,25.1,4,Resolved,Yes
TKT001158,CUST_143,East,Portal,Damaged Goods,Low,AGENT_15,2026-01-04,2026-01-10,35.4,157.6,,Reopened,Yes
TKT002901,CUST_131,Central,Chat,Delivery Delay,Medium,AGENT_01,2026-02-10,2026-02-11,20.3,41.2,3,Resolved,Yes
TKT001672,CUST_007,West,Phone,Account Access,High,AGENT_14,2026-02-14,2026-02-15,5.2,26.4,3,Resolved,Yes
TKT004736,CUST_080,West,Phone,Billing,Critical,AGENT_11,2026-06-26,2026-06-26,1.2,,3,Closed,Yes
TKT001181,CUST_027,Central,Portal,Damaged Goods,Low,AGENT_12,2026-04-10,,40.1,,,Open,No
TKT000469,CUST_014,North,Email,Account Access,Medium,AGENT_11,2026-01-01,2026-01-03,3.9,55.3,5,Closed,Yes
TKT004598,CUST_063,South,Chat,Billing,Low,AGENT_09,2026-06-10,2026-06-12,2.4,65.1,5,Resolved,No
TKT000507,CUST_028,West,Email,Delivery Delay,Critical,AGENT_03,2026-06-17,2026-06-17,1.0,4.2,4,Resolved,Yes
TKT003695,CUST_065,East,Phone,Billing,Medium,AGENT_01,2026-05-11,2026-05-12,12.1,,4,Resolved,No
TKT001196,CUST_006,West,Chat,Billing,High,AGENT_15,2026-05-31,,4.4,24.2,5,Resolved,Yes
TKT004034,CUST_019,East,Phone,Account Access,High,AGENT_11,2026-06-19,2026-06-19,1.2,,,Reopened,Yes
TKT000009,CUST_123,West,Email,Billing,Medium,AGENT_15,2026-01-08,2026-01-11,22.9,87.9,4,Resolved,Yes
TKT000003,CUST_023,East,Email,Other,Medium,AGENT_09,2026-04-13,,11.9,27.0,3,Closed,No
TKT000574,CUST_025,North,Portal,Delivery Delay,Medium,AGENT_12,2026-03-16,,7.9,45.8,3,Closed,Yes
TKT001267,CUST_087,West,Portal,Other,Critical,AGENT_09,2026-01-08,2026-01-08,1.9,7.4,4,Resolved,Yes
TKT000623,CUST_028,North,Portal,Billing,Low,AGENT_06,2026-04-26,2026-05-01,47.2,138.5,,Reopened,Yes
TKT004959,CUST_058,South,Phone,Delivery Delay,Low,AGENT_09,2026-02-07,2026-02-09,24.2,,4,Resolved,No
TKT004697,CUST_080,North,Email,Billing,Medium,AGENT_14,2026-04-08,,22.0,,,Open,No
TKT001674,CUST_137,South,Email,Delivery Delay,High,AGENT_10,2026-02-01,2026-02-02,1.7,25.6,5,Resolved,Yes
TKT001994,CUST_099,South,Email,Delivery Delay,Medium,AGENT_01,2026-05-26,,9.0,,,Open,No
TKT003243,CUST_108,North,Chat,Account Access,High,AGENT_03,2026-04-18,,6.7,,,Open,No
TKT003533,CUST_033,South,Email,Delivery Delay,Low,AGENT_03,2026-05-24,,28.9,118.8,5,Resolved,Yes
TKT003640,CUST_012,Central,Phone,Delivery Delay,Medium,AGENT_05,2026-06-17,2026-06-20,7.9,,5,Resolved,Yes
TKT003367,CUST_150,North,Chat,Billing,Low,AGENT_09,2026-02-02,,30.3,,,Open,No
TKT002333,CUST_086,Central,Phone,Billing,High,AGENT_07,,2026-03-27,6.5,,3,Resolved,Yes
TKT000604,CUST_050,East,Email,Delivery Delay,Critical,AGENT_08,2026-06-26,2026-06-26,1.9,6.9,5,Resolved,Yes
TKT004245,CUST_077,Central,Portal,Delivery Delay,High,AGENT_12,2026-03-01,2026-03-01,6.7,18.9,5,Resolved,Yes
TKT003441,CUST_140,Central,Phone,Other,Medium,AGENT_10,2026-06-29,2026-06-29,9.7,,,Reopened,No
TKT003544,CUST_070,West,Chat,Other,Medium,AGENT_11,2026-01-30,2026-01-30,16.7,21.4,4,Resolved,No
TKT003071,CUST_129,South,Email,Damaged Goods,Critical,AGENT_11,2026-02-02,,1.4,6.2,5,Resolved,Yes
TKT001784,CUST_074,South,Email,Delivery Delay,Medium,AGENT_01,2026-03-13,2026-03-13,10.6,22.0,3,Resolved,No
TKT000094,CUST_117,South,Portal,Other,Low,AGENT_01,2026-05-12,2026-05-15,25.3,93.8,3,Resolved,Yes
TKT000470,CUST_001,South,Portal,Delivery Delay,Medium,AGENT_12,2026-01-30,2026-02-02,14.6,78.8,4,Resolved,Yes
TKT004007,CUST_105,South,Email,Billing,Low,AGENT_11,2026-06-17,2026-06-18,31.2,39.3,3,Resolved,No
TKT000356,CUST_055,Central,Portal,Billing,Low,AGENT_15,2026-01-14,2026-01-20,41.5,166.8,5,Resolved,Yes
TKT002422,CUST_064,Central,Email,Account Access,Low,AGENT_15,2026-06-01,2026-06-06,28.2,133.4,,Reopened,Yes
TKT002862,CUST_100,West,Phone,Billing,High,AGENT_12,2026-03-11,2026-03-11,4.7,21.1,4,Resolved,Yes
TKT004237,CUST_055,Central,Email,Billing,Critical,AGENT_09,2026-05-15,2026-05-15,1.7,3.9,,Reopened,No
TKT002339,CUST_037,South,Phone,Billing,Low,AGENT_09,2026-05-22,2026-05-23,16.0,,4,Resolved,No
TKT000859,CUST_062,East,Phone,Damaged Goods,Low,AGENT_09,2026-06-14,,1.8,,,Open,No
TKT000343,CUST_112,Central,Phone,Billing,Low,AGENT_01,2026-06-12,2026-06-15,33.8,,5,Resolved,Yes
TKT001959,CUST_134,West,Phone,Damaged Goods,Medium,AGENT_05,2026-05-23,2026-05-25,9.8,,5,Resolved,Yes
TKT003722,CUST_070,Central,Phone,Billing,Medium,AGENT_14,2026-06-06,2026-06-08,8.5,,5,Resolved,Yes
TKT003412,CUST_053,North,Phone,Billing,High,AGENT_15,2026-06-09,,5.8,,,Open,No
TKT002876,CUST_004,East,Portal,Delivery Delay,Medium,AGENT_09,2026-05-31,2026-06-02,10.4,69.2,5,Resolved,Yes
TKT003276,CUST_063,Central,Email,Delivery Delay,Low,AGENT_03,2026-01-26,2026-01-31,36.2,141.6,1,Resolved,Yes
TKT004607,CUST_019,West,Portal,Account Access,Low,AGENT_05,2026-04-19,2026-04-22,32.4,83.5,5,Resolved,Yes
TKT004433,CUST_137,East,Email,Delivery Delay,High,AGENT_05,2026-02-27,,6.4,11.6,5,Closed,No
TKT000726,CUST_041,North,Email,Billing,Low,AGENT_04,2026-05-29,2026-06-03,14.4,124.7,5,Closed,Yes
TKT001731,CUST_015,East,Portal,Billing,Medium,AGENT_15,2026-04-09,2026-04-10,8.5,32.6,5,Closed,No
TKT000969,CUST_081,South,Chat,Delivery Delay,Medium,AGENT_01,2026-06-06,2026-06-07,1.7,34.6,4,Closed,No
TKT001671,CUST_010,North,Portal,Other,Low,AGENT_12,2026-05-16,,21.8,126.4,5,Resolved,Yes
TKT000489,CUST_126,West,Chat,Damaged Goods,High,AGENT_12,2026-01-19,2026-01-19,6.3,18.6,,Reopened,Yes
TKT002850,CUST_021,West,Email,Account Access,Low,AGENT_03,2026-04-08,2026-04-11,38.4,95.4,3,Closed,Yes
TKT000344,CUST_072,Central,Email,Damaged Goods,Medium,AGENT_05,2026-06-10,2026-06-10,16.1,18.4,4,Resolved,No
TKT001120,CUST_113,East,Email,Damaged Goods,Medium,AGENT_05,2026-01-26,2026-01-27,22.1,38.5,2,Resolved,Yes
TKT004387,CUST_029,North,Email,Account Access,Low,AGENT_01,2026-03-27,2026-04-02,25.9,-18.9,4,Resolved,Yes
TKT003802,CUST_143,West,Email,Delivery Delay,Medium,AGENT_12,2026-02-21,2026-02-22,8.3,41.9,4,Resolved,Yes
TKT003745,CUST_081,South,Email,Account Access,High,AGENT_01,2026-06-20,2026-06-20,1.8,23.0,4,Resolved,Yes
TKT004684,CUST_069,Central,Email,Damaged Goods,Low,AGENT_14,2026-04-24,2026-04-28,44.2,113.0,5,Resolved,Yes
TKT002499,CUST_107,East,Phone,Damaged Goods,Critical,AGENT_10,2026-03-23,,0.7,,,Open,No
TKT004352,CUST_097,North,Portal,Billing,Medium,AGENT_03,2026-05-06,2026-05-08,12.3,58.1,5,Resolved,Yes
TKT000666,CUST_016,East,Phone,Billing,Low,AGENT_06,2026-05-28,2026-06-02,12.2,124.3,4,Resolved,Yes
TKT004560,CUST_135,Central,Chat,Account Access,Medium,AGENT_05,2026-01-29,2026-01-29,17.4,23.3,3,Resolved,No
TKT001294,CUST_147,South,Portal,Account Access,Medium,AGENT_04,2026-05-14,2026-05-17,10.5,76.5,4,Resolved,Yes
TKT001238,CUST_079,East,Phone,Billing,Medium,AGENT_07,2026-01-24,2026-02-03,23.1,,5,Resolved,Yes
TKT002301,CUST_130,Central,Portal,Other,High,AGENT_11,2026-03-15,2026-03-16,4.1,24.8,5,Resolved,Yes
TKT004647,CUST_040,Central,Portal,Account Access,Medium,AGENT_01,2026-03-21,2026-03-21,10.3,23.9,,Reopened,No
TKT002459,CUST_035,West,Chat,Other,Medium,AGENT_09,2026-05-23,2026-05-25,4.1,62.4,4,Resolved,Yes
TKT003073,CUST_115,East,Phone,Damaged Goods,Low,AGENT_04,2026-04-18,2026-04-21,17.3,,,Reopened,Yes
TKT000138,CUST_137,West,Email,Other,Low,AGENT_02,2026-05-04,2026-05-06,31.2,49.6,,Reopened,No
TKT004780,CUST_047,South,Email,Billing,Medium,AGENT_15,2026-05-04,,14.7,72.5,,Reopened,Yes
TKT004100,CUST_065,East,Chat,Billing,Medium,AGENT_04,2026-05-14,2026-05-16,21.2,51.5,4,Resolved,Yes
TKT003727,CUST_062,Central,Chat,Delivery Delay,Medium,AGENT_02,2026-04-15,2026-04-16,15.6,39.0,5,Resolved,Yes
TKT000476,CUST_072,East,Phone,Delivery Delay,Medium,AGENT_12,2026-03-28,,0.5,,5,Resolved,Yes
TKT004829,CUST_129,East,Chat,Damaged Goods,High,AGENT_05,2026-05-17,,4.7,18.4,5,Resolved,Yes
TKT001617,CUST_072,Central,Chat,Delivery Delay,Low,AGENT_12,2026-06-23,2026-06-28,3.6,140.3,5,Resolved,Yes
TKT003163,CUST_150,South,Portal,Account Access,High,AGENT_05,2026-06-01,2026-06-01,7.5,18.3,4,Resolved,Yes
TKT000199,CUST_128,South,Email,Billing,High,AGENT_11,2026-02-22,,2.0,,,Open,No
TKT001976,CUST_074,South,Portal,Damaged Goods,High,AGENT_08,2026-05-03,2026-05-03,6.7,12.2,5,Closed,Yes
TKT002974,CUST_066,West,Email,Damaged Goods,High,AGENT_11,2026-03-14,2026-03-15,0.6,24.0,,Reopened,Yes
TKT001773,CUST_128,South,Email,Other,Low,AGENT_02,2026-01-09,2026-01-11,21.8,53.9,4,Resolved,No
TKT003395,CUST_041,West,Chat,Billing,Medium,AGENT_03,2026-03-25,2026-03-28,22.8,74.8,3,Resolved,Yes
TKT000359,CUST_078,Central,Email,Billing,Medium,AGENT_10,2026-04-23,2026-04-25,3.3,60.2,4,Resolved,Yes
TKT000760,CUST_019,South,Phone,Account Access,Low,AGENT_08,2026-04-25,2026-04-30,27.8,,4,Resolved,Yes
TKT000444,CUST_048,North,Phone,Delivery Delay,High,AGENT_11,2026-05-28,2026-05-28,6.8,,5,Resolved,Yes
TKT003422,CUST_134,North,Phone,Account Access,Low,AGENT_10,2026-05-05,2026-05-06,12.2,,2,Resolved,No
TKT003829,CUST_112,West,Email,Delivery Delay,Critical,AGENT_02,2026-02-12,2026-02-12,1.9,4.7,5,Resolved,Yes
TKT004305,CUST_020,South,Email,Delivery Delay,Low,AGENT_02,2026-03-26,,2.0,137.0,5,Closed,Yes
TKT002650,CUST_098,West,Phone,Damaged Goods,Medium,AGENT_15,2026-01-02,,23.9,,,Open,No
TKT003837,CUST_033,East,Chat,Delivery Delay,Medium,AGENT_12,2026-03-02,,11.2,,,Open,No
TKT001807,CUST_107,North,Phone,Billing,Low,AGENT_13,2026-02-20,2026-02-23,39.4,,3,Resolved,Yes
TKT003314,CUST_098,North,Chat,Billing,High,AGENT_02,2026-02-21,2026-02-21,2.0,4.1,5,Resolved,No
TKT002150,CUST_071,North,Chat,Billing,Low,AGENT_10,2026-02-12,2026-02-18,31.8,166.3,4,Resolved,Yes
TKT000445,CUST_112,East,Chat,Delivery Delay,Medium,AGENT_12,2026-04-06,2026-04-08,3.0,51.6,4,Resolved,Yes
TKT003726,CUST_005,North,Phone,Billing,High,AGENT_08,2026-01-02,2026-01-02,2.4,,5,Resolved,No
TKT002412,CUST_029,Central,Chat,Delivery Delay,Low,AGENT_14,2026-04-13,2026-04-13,6.1,9.2,4,Resolved,No
TKT001871,CUST_020,East,Phone,Damaged Goods,Medium,AGENT_10,2026-04-16,2026-04-16,6.1,,5,Resolved,No
TKT001342,CUST_072,East,Chat,Delivery Delay,Medium,AGENT_10,2026-01-25,2026-01-27,12.5,49.6,3,Resolved,Yes
TKT003394,CUST_018,Central,Chat,Delivery Delay,Low,AGENT_08,2026-01-28,2026-02-02,3.1,127.1,,Reopened,Yes
TKT001698,CUST_092,East,Chat,Damaged Goods,Medium,AGENT_05,2026-06-23,2026-06-24,19.0,26.5,4,Resolved,No
TKT004816,CUST_122,Central,Phone,Damaged Goods,Medium,AGENT_07,2026-03-31,,13.6,,4,Resolved,Yes
TKT000614,CUST_012,South,Chat,Other,Low,AGENT_04,2026-04-30,,24.8,90.7,5,Closed,Yes
TKT001347,CUST_136,East,Chat,Billing,Low,AGENT_05,2026-06-27,2026-06-30,24.9,94.0,3,Resolved,Yes
TKT001862,CUST_109,East,Email,Delivery Delay,High,AGENT_04,2026-03-13,2026-03-13,4.0,7.8,4,Resolved,No
TKT004995,CUST_008,North,Portal,Account Access,Medium,AGENT_01,2026-02-28,2026-03-01,1.0,25.6,5,Resolved,No
TKT001064,CUST_124,South,Phone,Billing,Low,AGENT_13,2026-06-01,2026-06-06,21.8,,4,Closed,Yes
TKT001570,CUST_132,South,Email,Other,Low,AGENT_09,2026-05-25,2026-06-01,47.1,191.1,5,Resolved,Yes
TKT004491,CUST_102,West,Portal,Delivery Delay,Medium,AGENT_10,2026-04-09,2026-04-09,10.7,23.3,5,Resolved,No
TKT003903,CUST_137,North,Phone,Delivery Delay,Low,AGENT_09,2026-03-11,,39.3,,3,Resolved,Yes
TKT003980,CUST_086,East,Chat,Other,Low,AGENT_01,2026-06-16,2026-06-18,2.2,59.1,5,Closed,No
TKT004970,CUST_070,North,Phone,Damaged Goods,Low,AGENT_02,2026-04-08,2026-04-15,46.6,,4,Resolved,Yes
TKT004572,CUST_134,Central,Email,Other,High,AGENT_13,2026-02-27,2026-02-28,1.7,24.0,4,Resolved,Yes
TKT002568,CUST_035,North,Portal,Other,Medium,AGENT_15,2026-04-07,2026-04-08,21.7,33.7,4,Resolved,No
TKT004827,CUST_145,Central,Chat,Delivery Delay,Low,AGENT_15,2026-01-30,2026-02-06,47.7,177.9,4,Closed,Yes
TKT003296,CUST_061,East,Email,Delivery Delay,Critical,AGENT_13,2026-05-28,,1.0,6.1,5,Closed,Yes
TKT001962,CUST_007,Central,Chat,Billing,Low,AGENT_03,2026-04-14,2026-04-17,3.2,88.6,4,Resolved,Yes
TKT000912,CUST_040,Central,Email,Delivery Delay,High,AGENT_14,2026-05-10,2026-05-10,7.8,16.5,4,Resolved,Yes
TKT001694,CUST_023,West,Email,Damaged Goods,Medium,AGENT_04,2026-01-10,2026-01-11,1.0,24.9,4,Resolved,No
TKT001743,CUST_027,North,Chat,Damaged Goods,Medium,AGENT_09,2026-05-22,,0.5,49.3,1,Closed,Yes
TKT001826,CUST_098,East,Phone,Other,Low,AGENT_06,2026-04-27,2026-04-29,37.5,,3,Resolved,No
TKT001419,CUST_012,East,Portal,Delivery Delay,Low,AGENT_04,2026-06-24,2026-06-30,26.9,157.4,4,Resolved,Yes
TKT002327,CUST_080,West,Chat,Other,High,AGENT_02,2026-06-11,,3.5,24.6,,Reopened,Yes
TKT002578,CUST_141,South,Phone,Delivery Delay,High,AGENT_06,2026-06-02,2026-06-03,5.0,28.9,3,Resolved,Yes
TKT000527,CUST_111,Central,Portal,Account Access,Low,AGENT_15,2026-01-22,2026-01-22,9.3,15.6,3,Closed,No
TKT002469,CUST_051,Central,Phone,Damaged Goods,Medium,AGENT_12,2026-02-24,2026-02-27,19.5,,5,Closed,Yes
TKT002314,CUST_143,Central,Chat,Billing,Low,AGENT_05,2026-04-21,2026-04-25,2.1,98.4,4,Resolved,Yes
TKT001813,CUST_052,North,Chat,Billing,High,AGENT_09,2026-05-26,2026-05-27,4.4,24.5,5,Closed,Yes
TKT004781,CUST_110,South,Phone,Delivery Delay,Critical,AGENT_15,2026-04-27,,1.8,,5,Closed,Yes
TKT001931,CUST_035,Central,Email,Billing,Medium,AGENT_01,2026-04-04,2026-04-05,4.9,32.6,5,Resolved,No
TKT002662,CUST_149,Central,Phone,Other,Low,AGENT_03,2026-06-15,2026-06-20,38.5,,5,Resolved,Yes
TKT003660,CUST_118,Central,Chat,Billing,Medium,AGENT_01,2026-03-17,2026-03-17,6.0,23.3,,Reopened,No
TKT003253,CUST_057,East,Email,Delivery Delay,Medium,AGENT_09,2026-01-28,2026-01-28,1.4,16.0,5,Resolved,No
TKT000713,CUST_012,North,Email,Billing,High,AGENT_10,2026-05-27,,7.3,,,Open,No
TKT001417,CUST_143,South,Email,Other,Low,AGENT_09,2026-03-05,,12.1,,,Open,No
TKT003117,CUST_099,North,Email,Delivery Delay,Medium,AGENT_01,2026-05-20,2026-05-22,13.3,54.6,,Reopened,Yes
TKT004458,CUST_097,South,Email,Other,Critical,AGENT_13,2026-02-15,2026-02-15,1.7,7.0,5,Resolved,Yes
TKT001290,CUST_031,South,Portal,Billing,Critical,AGENT_03,2026-05-06,2026-05-06,0.6,5.5,5,Resolved,Yes
TKT002173,CUST_099,Central,Email,Billing,Medium,AGENT_01,2026-03-12,2026-03-14,22.1,68.6,5,Resolved,Yes
TKT002738,CUST_050,North,Portal,Billing,Medium,AGENT_11,2026-04-17,2026-04-20,4.7,76.2,4,Closed,Yes
TKT004789,CUST_109,North,Chat,Other,Medium,AGENT_11,2026-02-23,2026-02-26,21.9,79.5,4,Resolved,Yes
TKT000807,CUST_111,Central,Email,Account Access,Medium,AGENT_07,2026-04-23,2026-05-25,10.2,791.6,5,Closed,Yes
TKT001258,CUST_042,East,Phone,Delivery Delay,Low,AGENT_08,2026-06-05,2026-06-11,24.5,,,Reopened,Yes
TKT004291,CUST_092,West,Phone,Billing,Medium,AGENT_03,2026-02-20,2026-02-23,15.0,,2,Resolved,Yes
TKT002369,CUST_133,West,Chat,Damaged Goods,Low,AGENT_07,2026-04-20,2026-05-25,39.0,841.9,5,Resolved,Yes
TKT000961,CUST_060,East,Chat,Other,High,AGENT_13,2026-05-06,,1.9,17.2,5,Resolved,Yes
TKT002951,CUST_030,East,Phone,Damaged Goods,Medium,AGENT_03,2026-03-17,2026-03-20,14.8,,2,Resolved,Yes
TKT003893,CUST_082,South,Chat,Damaged Goods,Medium,AGENT_09,2026-01-06,2026-01-06,3.0,-9.4,4,Closed,No
TKT002435,CUST_030,West,Chat,Billing,Low,AGENT_02,2026-02-01,2026-02-04,6.3,89.6,5,Resolved,Yes
TKT000977,CUST_040,South,Phone,Account Access,Medium,AGENT_13,2026-04-18,2026-04-20,2.4,,3,Resolved,Yes
TKT000231,CUST_054,East,Email,Billing,High,AGENT_07,2026-02-11,2026-02-23,4.1,295.0,4,Closed,Yes
TKT003490,CUST_150,Central,Chat,Account Access,Low,AGENT_15,2026-06-30,2026-07-06,17.6,149.7,3,Resolved,Yes
TKT002032,CUST_056,Central,Phone,Damaged Goods,High,AGENT_06,2026-04-03,,7.9,,3,Resolved,Yes
TKT001700,CUST_035,East,Portal,Billing,Medium,AGENT_06,2026-06-28,,7.8,,,Open,No
TKT003215,CUST_039,North,Phone,Delivery Delay,Low,AGENT_14,2026-05-02,2026-05-05,20.0,,5,Closed,Yes
TKT003535,CUST_097,East,Portal,Account Access,Low,AGENT_04,2026-01-18,2026-01-21,44.8,76.2,,Reopened,Yes
TKT004055,CUST_044,East,Chat,Delivery Delay,Critical,AGENT_09,2026-03-24,2026-03-24,1.1,-8.7,5,Resolved,No
TKT001374,CUST_093,West,Email,Billing,Medium,AGENT_03,2026-02-27,,15.6,,,Open,No
TKT002303,CUST_102,West,Chat,Other,Critical,AGENT_05,2026-04-27,2026-04-27,1.7,4.9,4,Resolved,Yes
TKT002786,CUST_147,North,Phone,Account Access,High,AGENT_03,2026-02-18,2026-02-18,1.6,,5,Resolved,Yes
TKT000084,CUST_019,North,Email,Billing,Medium,AGENT_07,2026-06-07,2026-06-17,16.5,260.9,5,Resolved,Yes
TKT002708,CUST_012,North,Email,Damaged Goods,Low,AGENT_14,2026-06-12,,34.2,,,Open,No
TKT003639,CUST_138,North,Phone,Other,High,AGENT_12,2026-02-17,,0.8,,5,Resolved,Yes
TKT003355,CUST_095,South,Email,Account Access,Low,AGENT_14,2026-01-02,2026-01-07,5.4,127.3,,Reopened,Yes
TKT002503,CUST_048,North,Email,Billing,Low,AGENT_01,2026-03-04,2026-03-11,41.6,176.7,2,Resolved,Yes
TKT000433,CUST_003,Central,Phone,Damaged Goods,Low,AGENT_02,2026-05-12,2026-05-18,6.8,,,Reopened,Yes
TKT002219,CUST_068,South,Email,Billing,Medium,AGENT_03,2026-01-07,2026-01-08,5.6,26.3,5,Resolved,No
TKT004363,CUST_112,Central,Chat,Delivery Delay,Medium,AGENT_07,2026-04-08,2026-04-28,4.9,503.7,4,Resolved,Yes
TKT002001,CUST_060,North,Chat,Delivery Delay,High,AGENT_03,2026-01-18,2026-01-18,1.7,11.4,4,Resolved,No
TKT002794,CUST_031,South,Chat,Billing,Low,AGENT_01,2026-03-22,2026-03-27,22.6,127.6,3,Resolved,Yes
TKT002899,CUST_066,North,Phone,Damaged Goods,High,AGENT_01,2026-01-13,,6.6,,,Open,No
TKT004650,CUST_094,West,Portal,Delivery Delay,Medium,AGENT_11,2026-06-03,2026-06-04,11.3,34.0,5,Resolved,No
TKT000524,CUST_144,Central,Portal,Billing,Low,AGENT_11,2026-03-17,2026-03-23,25.2,145.7,5,Resolved,Yes
TKT002072,CUST_051,West,Email,Billing,Low,AGENT_15,2026-02-16,,21.2,,,Open,No
TKT000885,CUST_120,West,Chat,Account Access,Medium,AGENT_14,2026-02-18,2026-02-20,21.4,53.5,4,Resolved,Yes
TKT003141,CUST_010,Central,Chat,Billing,Low,AGENT_04,2026-01-11,2026-01-14,6.3,95.3,1,Resolved,Yes
TKT003582,CUST_118,West,Portal,Account Access,High,AGENT_07,2026-06-27,2026-07-04,6.2,181.6,,Reopened,Yes
TKT001084,CUST_072,Central,Chat,Damaged Goods,Low,AGENT_03,2026-03-17,,39.5,79.2,4,Resolved,Yes
TKT000519,CUST_011,West,Phone,Account Access,Low,AGENT_12,2026-06-19,2026-06-20,21.0,,4,Resolved,No
TKT000580,CUST_124,West,Phone,Delivery Delay,High,AGENT_02,2026-04-24,2026-04-24,2.1,,5,Closed,Yes
TKT001468,CUST_069,Central,Chat,Other,Medium,AGENT_04,2026-02-13,,23.6,,,Open,No
TKT001366,CUST_068,Central,Phone,Account Access,Critical,AGENT_03,2026-04-04,2026-04-04,0.8,,5,Resolved,Yes
TKT003957,CUST_013,East,Portal,Delivery Delay,Medium,AGENT_10,2026-02-01,2026-02-02,14.0,28.7,3,Resolved,No
TKT001357,CUST_032,South,Email,Account Access,Critical,AGENT_05,2026-03-28,2026-03-28,1.3,4.1,3,Resolved,Yes
TKT000526,CUST_066,Central,Email,Account Access,Low,AGENT_12,2026-03-21,2026-03-22,27.2,46.7,5,Resolved,No
TKT003711,CUST_055,East,Email,Billing,Critical,AGENT_11,2026-01-23,2026-01-23,1.2,4.4,4,Resolved,Yes
TKT002603,CUST_136,East,Phone,Other,Low,AGENT_08,2026-01-24,2026-01-27,43.6,,2,Resolved,Yes
TKT002884,CUST_057,Central,Chat,Other,Low,AGENT_07,2026-04-26,2026-05-11,38.9,382.2,4,Resolved,Yes
TKT002572,CUST_089,East,Chat,Damaged Goods,Low,AGENT_09,2026-04-10,2026-04-12,8.1,64.7,5,Resolved,No
TKT003321,CUST_094,North,Portal,Account Access,Medium,AGENT_03,2026-04-12,2026-04-13,8.8,46.0,5,Resolved,Yes
TKT000402,CUST_150,Central,Email,Billing,Medium,AGENT_11,2026-06-27,2026-06-28,2.7,39.3,,Reopened,Yes
TKT003230,CUST_060,West,Portal,Other,Low,AGENT_08,2026-02-22,2026-02-24,11.0,53.2,4,Resolved,No
TKT003105,CUST_110,Central,Email,Other,Medium,AGENT_08,2026-02-07,2026-02-10,13.0,83.2,4,Resolved,Yes
TKT004161,CUST_013,Central,Chat,Damaged Goods,Low,AGENT_02,,2026-01-23,24.3,155.4,2,Resolved,Yes
TKT004246,CUST_047,West,Email,Billing,Medium,AGENT_15,2026-01-09,2026-01-10,17.9,35.6,5,Resolved,No
TKT004165,CUST_080,Central,Chat,Delivery Delay,High,AGENT_04,2026-03-11,,1.1,4.9,2,Resolved,No
TKT002978,CUST_133,West,Email,Delivery Delay,High,AGENT_05,2026-01-30,2026-01-30,4.5,23.3,5,Closed,Yes
TKT003228,CUST_126,Central,Portal,Delivery Delay,High,AGENT_09,2026-04-17,2026-04-17,5.5,22.3,3,Resolved,Yes
TKT002671,CUST_134,South,Chat,Damaged Goods,Medium,AGENT_08,2026-02-19,2026-02-20,4.6,40.0,5,Closed,Yes
TKT001465,CUST_118,East,Email,Billing,Medium,AGENT_01,2026-03-14,2026-03-15,23.0,34.3,3,Resolved,No
TKT003703,CUST_101,Central,Portal,Billing,Low,AGENT_01,2026-05-08,2026-05-09,7.7,25.7,,Reopened,No
TKT004281,CUST_095,West,Email,Billing,Low,AGENT_10,2026-04-25,2026-04-28,17.4,79.8,4,Resolved,Yes
TKT003374,CUST_114,Central,Phone,Account Access,Medium,AGENT_01,2026-04-12,2026-04-14,12.7,,,Reopened,Yes
TKT000575,CUST_106,West,Portal,Billing,Low,AGENT_03,2026-01-09,2026-01-12,14.1,77.1,3,Resolved,Yes
TKT001455,CUST_140,West,Chat,Delivery Delay,Medium,AGENT_13,2026-05-04,2026-05-04,12.5,21.6,5,Resolved,No
TKT004930,CUST_060,West,Phone,Delivery Delay,Low,AGENT_06,2026-04-21,,39.0,,,Open,No
TKT003114,CUST_070,East,Chat,Account Access,High,AGENT_03,2026-01-29,,4.6,,,Open,No
TKT001915,CUST_149,West,Phone,Account Access,Low,AGENT_02,2026-02-08,2026-02-11,10.9,,3,Resolved,Yes
TKT001520,CUST_110,North,Email,Damaged Goods,Critical,AGENT_06,2026-02-10,2026-02-10,1.5,6.2,,Reopened,Yes
TKT003409,CUST_089,East,Phone,Other,High,AGENT_07,2026-05-27,2026-06-05,5.6,,5,Resolved,Yes
TKT002658,CUST_086,East,Phone,Account Access,Medium,AGENT_08,2026-06-26,2026-06-28,20.9,58.8,5,Closed,Yes
TKT000877,CUST_050,South,Email,Other,Critical,AGENT_08,2026-03-14,2026-03-14,1.2,7.0,3,Resolved,Yes
TKT001480,CUST_052,East,Chat,Delivery Delay,Medium,AGENT_08,2026-03-12,2026-03-12,0.9,13.1,4,Closed,No
TKT001663,CUST_088,East,Phone,Delivery Delay,Low,AGENT_14,2026-03-22,2026-03-25,47.7,,5,Closed,Yes
TKT000803,CUST_049,West,Chat,Other,Critical,AGENT_01,2026-01-19,2026-01-19,1.1,5.6,5,Resolved,Yes
TKT001081,CUST_044,North,Portal,Billing,Low,AGENT_09,2026-05-06,,30.2,103.8,,Reopened,Yes
TKT003598,CUST_010,Central,Phone,Delivery Delay,Low,AGENT_12,2026-04-25,2026-04-28,19.8,,,Reopened,Yes
TKT002176,CUST_033,North,Portal,Billing,Medium,AGENT_01,2026-04-05,,9.9,,,Open,No
TKT001355,CUST_019,Central,Phone,Account Access,Medium,AGENT_07,2026-01-19,2026-02-09,21.2,,3,Resolved,Yes
TKT004707,CUST_063,South,Email,Other,Medium,AGENT_10,2026-03-06,2026-03-08,0.7,49.2,,Reopened,Yes
TKT002863,CUST_022,West,Portal,Delivery Delay,Low,AGENT_03,2026-04-21,2026-04-24,19.6,86.9,4,Resolved,Yes
TKT002163,CUST_118,East,Email,Delivery Delay,Critical,AGENT_03,2026-01-03,2026-01-03,1.4,5.8,5,Resolved,Yes
TKT000105,CUST_142,South,Chat,Billing,Critical,AGENT_03,2026-06-01,2026-06-01,1.0,3.3,4,Resolved,No
TKT000740,CUST_057,North,Chat,Damaged Goods,Medium,AGENT_11,2026-01-13,2026-01-15,7.5,49.2,,Reopened,Yes
TKT004431,CUST_027,South,Phone,Delivery Delay,High,AGENT_14,2026-04-28,2026-04-28,3.3,6.3,2,Resolved,No
TKT001597,CUST_095,North,Email,Delivery Delay,Medium,AGENT_01,2026-03-24,,23.5,,,Open,No
TKT000944,CUST_100,West,Chat,Delivery Delay,Low,AGENT_04,2026-06-11,2026-06-11,3.8,9.7,4,Resolved,No
TKT000634,CUST_113,West,Portal,Other,Low,AGENT_13,2026-06-09,2026-06-13,25.1,98.9,2,Resolved,Yes
TKT003270,CUST_006,West,Phone,Billing,Critical,AGENT_09,2026-02-18,2026-02-18,1.0,,5,Resolved,Yes
TKT001990,CUST_013,North,Email,Account Access,Medium,AGENT_05,2026-02-16,2026-02-18,20.6,67.2,4,Resolved,Yes
TKT000208,CUST_028,East,Email,Billing,Low,AGENT_06,2026-03-29,,3.2,27.2,5,Resolved,No
TKT000545,CUST_080,South,Chat,Account Access,Medium,AGENT_07,2026-06-18,2026-07-02,21.8,340.5,4,Resolved,Yes
TKT001282,CUST_062,Central,Chat,Damaged Goods,High,AGENT_15,2026-06-23,2026-06-23,1.7,14.7,,Reopened,Yes
TKT000754,CUST_143,West,Portal,Billing,High,AGENT_09,2026-06-22,2026-06-22,1.0,6.1,5,Closed,No
TKT000557,CUST_032,North,Email,Account Access,Medium,AGENT_12,2026-05-01,2026-05-04,22.7,73.5,3,Resolved,Yes
TKT001284,CUST_045,West,Email,Billing,Medium,AGENT_01,2026-01-21,2026-01-22,20.6,37.7,,Reopened,Yes
TKT003469,CUST_073,North,Portal,Other,High,AGENT_15,,2026-05-25,2.7,9.2,4,Resolved,No
TKT002061,CUST_079,North,Email,Delivery Delay,Low,AGENT_03,2026-02-15,2026-02-19,2.6,105.9,,Reopened,Yes
TKT001690,CUST_027,East,Portal,Damaged Goods,High,AGENT_08,2026-05-18,2026-05-18,7.2,14.4,3,Closed,Yes
TKT003312,CUST_032,East,Phone,Damaged Goods,Critical,AGENT_03,2026-03-28,2026-03-28,1.0,,5,Closed,No
TKT004686,CUST_116,Central,Email,Delivery Delay,Low,AGENT_15,2026-05-31,2026-06-01,37.3,47.8,3,Resolved,No
TKT000941,CUST_078,Central,Email,Other,Medium,AGENT_03,2026-01-15,2026-01-18,23.4,72.7,4,Resolved,Yes
TKT001897,CUST_002,North,Phone,Delivery Delay,Medium,AGENT_08,2026-03-04,2026-03-06,23.8,,4,Resolved,Yes
TKT000026,CUST_103,East,Email,Billing,Critical,AGENT_09,2026-04-15,2026-04-15,0.8,3.6,4,Resolved,No
TKT004078,CUST_057,South,Chat,Billing,Medium,AGENT_13,2026-06-06,2026-06-07,22.5,43.6,2,Resolved,Yes
TKT000751,CUST_138,Central,Email,Delivery Delay,Medium,AGENT_08,2026-04-16,2026-04-19,16.2,80.3,5,Resolved,Yes
TKT000675,CUST_003,North,Chat,Damaged Goods,Critical,AGENT_08,2026-01-07,2026-01-07,0.6,6.1,5,Resolved,Yes
TKT002865,CUST_025,Central,Email,Account Access,Medium,AGENT_07,2026-02-28,2026-04-11,18.6,1013.6,1,Resolved,Yes
TKT001519,CUST_136,East,Phone,Delivery Delay,High,AGENT_02,2026-03-27,2026-03-27,3.2,,5,Closed,No
TKT002882,CUST_125,South,Phone,Damaged Goods,Medium,AGENT_08,2026-02-28,2026-03-01,11.9,,4,Resolved,Yes
TKT003437,CUST_039,South,Email,Billing,High,AGENT_07,2026-06-05,2026-06-12,0.9,-6.1,5,Resolved,Yes
TKT002268,CUST_040,West,Email,Delivery Delay,Low,AGENT_04,2026-05-20,2026-05-25,3.8,-14.6,5,Resolved,Yes
TKT003900,CUST_138,North,Phone,Delivery Delay,Low,AGENT_15,2026-03-10,,25.1,,,Open,No
TKT004948,CUST_122,West,Chat,Account Access,Medium,AGENT_08,2026-03-15,2026-03-16,14.1,43.3,4,Resolved,Yes
TKT003298,CUST_127,Central,Chat,Account Access,Low,AGENT_14,2026-02-13,2026-02-17,32.3,96.6,4,Closed,Yes
TKT004509,CUST_102,East,Chat,Delivery Delay,Low,AGENT_10,2026-06-19,2026-06-25,17.0,149.4,4,Closed,Yes
TKT000665,CUST_079,South,Chat,Damaged Goods,Low,AGENT_08,2026-01-16,2026-01-20,29.0,109.8,4,Resolved,Yes
TKT002653,CUST_144,South,Portal,Account Access,Critical,AGENT_12,2026-06-10,2026-06-10,1.5,4.3,4,Resolved,Yes
TKT001205,CUST_081,Central,Chat,Delivery Delay,Low,AGENT_04,2026-01-18,,23.6,45.9,4,Resolved,No
TKT003239,CUST_050,Central,Phone,Billing,Medium,AGENT_02,2026-05-21,2026-05-21,6.2,13.9,4,Resolved,No
TKT004378,CUST_066,Central,Phone,Damaged Goods,Low,AGENT_09,2026-01-26,2026-01-27,16.8,,5,Resolved,No
TKT002225,CUST_033,East,Phone,Delivery Delay,Critical,AGENT_12,2026-01-12,2026-01-12,0.8,,3,Resolved,Yes
TKT001804,CUST_133,East,Email,Billing,High,AGENT_01,2026-03-02,,2.3,10.8,5,Resolved,No
TKT001786,CUST_071,South,Email,Billing,Low,AGENT_04,2026-03-13,,22.2,,,Open,No
TKT001046,CUST_147,South,Email,Other,Low,AGENT_01,2026-01-18,2026-01-23,12.7,133.9,5,Resolved,Yes
TKT000902,CUST_103,North,Email,Delivery Delay,Low,AGENT_01,2026-06-06,2026-06-09,19.2,91.5,4,Closed,Yes
TKT001125,CUST_137,South,Chat,Other,Medium,AGENT_14,2026-04-29,2026-04-29,5.8,-3.2,5,Closed,No
TKT003028,CUST_068,South,Chat,Delivery Delay,Low,AGENT_05,2026-02-11,2026-02-17,18.9,155.0,4,Closed,Yes
TKT002264,CUST_086,West,Chat,Delivery Delay,Medium,AGENT_01,2026-01-11,2026-01-12,2.2,29.8,3,Resolved,No
TKT004283,CUST_040,Central,Phone,Billing,Medium,AGENT_06,2026-01-30,2026-02-01,7.2,,5,Resolved,Yes
TKT000635,CUST_029,West,Chat,Billing,High,AGENT_02,2026-03-04,2026-03-04,1.1,7.3,5,Resolved,No
TKT002411,CUST_135,North,Chat,Account Access,Low,AGENT_04,2026-05-13,,31.7,120.9,5,Resolved,Yes
TKT002252,CUST_141,Central,Email,Account Access,Medium,AGENT_05,2026-05-23,2026-05-26,12.7,79.9,5,Resolved,Yes
TKT004111,CUST_013,South,Chat,Account Access,Medium,AGENT_14,2026-03-31,2026-04-03,16.4,84.3,5,Resolved,Yes
TKT002455,CUST_051,East,Chat,Billing,Low,AGENT_09,2026-05-16,2026-05-21,21.8,126.0,4,Resolved,Yes
TKT000577,CUST_020,East,Chat,Billing,Low,AGENT_05,2026-01-02,,36.6,133.9,4,Resolved,Yes
TKT003766,CUST_129,Central,Chat,Delivery Delay,Low,AGENT_02,2026-01-06,2026-01-10,38.1,112.6,4,Resolved,Yes
TKT001524,CUST_044,Central,Email,Damaged Goods,Medium,AGENT_07,2026-06-29,2026-07-21,6.3,535.5,4,Closed,Yes
TKT003179,CUST_090,South,Portal,Damaged Goods,Low,AGENT_02,2026-04-30,2026-04-30,4.2,19.3,4,Resolved,No
TKT002595,CUST_087,East,Phone,Account Access,High,AGENT_14,2026-06-14,2026-06-14,3.5,,5,Resolved,No
TKT002229,CUST_069,North,Portal,Delivery Delay,Low,AGENT_10,2026-04-30,2026-05-01,22.2,41.6,3,Resolved,No
TKT000357,CUST_130,West,Chat,Delivery Delay,Low,AGENT_15,2026-04-01,2026-04-03,38.8,55.3,4,Resolved,No
TKT000194,CUST_118,East,Email,Delivery Delay,High,AGENT_10,2026-06-12,,6.6,,,Open,No
TKT002877,CUST_021,West,Email,Delivery Delay,Medium,AGENT_12,2026-06-10,2026-06-11,13.5,43.8,5,Resolved,Yes
TKT004799,CUST_017,South,Email,Other,High,AGENT_02,2026-02-01,2026-02-01,6.7,16.3,1,Resolved,Yes
TKT001220,CUST_099,Central,Email,Account Access,High,AGENT_05,2026-03-15,2026-03-15,5.1,13.0,4,Resolved,Yes
TKT002428,CUST_031,North,Email,Other,Medium,AGENT_07,2026-05-06,,6.8,,,Open,No
TKT002619,CUST_006,South,Email,Delivery Delay,Medium,AGENT_05,2026-01-19,2026-01-20,19.2,41.4,4,Closed,Yes
TKT001769,CUST_025,North,Chat,Delivery Delay,Medium,AGENT_06,2026-05-10,2026-05-12,8.1,50.8,5,Resolved,Yes
TKT004466,CUST_101,West,Portal,Billing,Medium,AGENT_04,2026-05-20,2026-05-23,22.1,82.4,4,Closed,Yes
TKT003721,CUST_101,North,Email,Billing,High,AGENT_06,2026-05-09,2026-05-09,4.6,10.3,4,Resolved,No
TKT000639,CUST_124,West,Phone,Billing,Low,AGENT_14,2026-03-13,2026-03-18,38.3,,4,Resolved,Yes
TKT004128,CUST_112,Central,Portal,Account Access,Medium,AGENT_11,2026-02-23,2026-02-26,8.1,77.4,5,Resolved,Yes
TKT002253,CUST_039,Central,Chat,Billing,Medium,AGENT_02,2026-01-02,,17.6,,,Open,No
TKT002325,CUST_013,Central,Email,Delivery Delay,Low,AGENT_05,2026-02-14,,36.0,77.6,5,Resolved,Yes
TKT004335,CUST_124,Central,Chat,Billing,Medium,AGENT_05,2026-02-24,,6.4,,,Open,No
TKT000407,CUST_095,Central,Email,Billing,Critical,AGENT_03,2026-02-23,2026-02-23,1.1,5.2,5,Resolved,Yes
TKT004422,CUST_030,West,Portal,Delivery Delay,High,AGENT_11,2026-05-10,2026-05-10,2.4,6.1,,Reopened,No
TKT002975,CUST_014,East,Portal,Other,High,AGENT_12,2026-03-28,2026-03-28,4.2,10.2,4,Closed,No
TKT004538,CUST_098,South,Portal,Other,Low,AGENT_09,2026-06-20,2026-06-22,4.8,51.9,4,Resolved,No
TKT000744,CUST_125,West,Chat,Other,Medium,AGENT_11,2026-06-26,2026-06-28,14.3,64.4,,Reopened,Yes
TKT001547,CUST_083,South,Chat,Delivery Delay,Medium,AGENT_04,2026-01-10,2026-01-13,15.3,81.6,5,Resolved,Yes
TKT002611,CUST_078,South,Portal,Delivery Delay,Low,AGENT_15,2026-05-05,2026-05-08,19.4,81.1,5,Resolved,Yes
TKT002886,CUST_086,Central,Chat,Damaged Goods,Critical,AGENT_04,2026-02-06,2026-02-06,1.2,4.4,5,Resolved,Yes
TKT004311,CUST_029,Central,Email,Other,High,AGENT_07,2026-05-28,2026-06-05,3.8,200.6,,Reopened,Yes
TKT004580,CUST_147,North,Chat,Account Access,Medium,AGENT_12,2026-03-05,2026-03-06,7.2,37.8,4,Resolved,Yes
TKT004160,CUST_066,West,Chat,Other,Medium,AGENT_02,2026-03-03,,18.8,,,Open,No
TKT002171,CUST_110,Central,Email,Delivery Delay,High,AGENT_04,2026-05-16,2026-05-16,3.1,11.5,4,Resolved,No
TKT004671,CUST_110,South,Email,Account Access,Medium,AGENT_13,2026-05-07,2026-05-10,21.0,81.1,5,Closed,Yes
TKT000822,CUST_106,Central,Email,Billing,Medium,AGENT_15,2026-04-27,2026-04-29,18.3,53.1,,Reopened,Yes
TKT000866,CUST_088,East,Portal,Account Access,Low,AGENT_15,2026-01-14,,36.4,,,Open,No
TKT000619,CUST_035,South,Email,Damaged Goods,Low,AGENT_08,2026-04-01,2026-04-02,9.7,33.4,5,Resolved,No
TKT002144,CUST_055,Central,Phone,Delivery Delay,Medium,AGENT_06,2026-05-11,2026-05-14,15.4,,5,Resolved,Yes
TKT000132,CUST_106,East,Email,Damaged Goods,Low,AGENT_04,2026-03-26,2026-03-29,7.6,76.6,4,Closed,Yes
TKT002776,CUST_126,North,Email,Damaged Goods,Medium,AGENT_05,2026-02-14,2026-02-15,13.4,24.6,,Reopened,No
TKT002747,CUST_135,East,Email,Delivery Delay,Low,AGENT_12,2026-02-09,2026-02-13,44.6,103.0,4,Resolved,Yes
TKT004627,CUST_010,West,Portal,Billing,High,AGENT_04,2026-02-05,2026-02-05,5.4,8.7,4,Closed,No
TKT002371,CUST_027,North,Portal,Billing,Medium,AGENT_09,2026-01-06,2026-01-07,16.2,42.6,,Reopened,Yes
TKT000932,CUST_046,North,Chat,Account Access,Medium,AGENT_15,2026-02-27,2026-03-01,6.5,49.2,5,Resolved,Yes
TKT002242,CUST_115,East,Portal,Damaged Goods,Medium,AGENT_01,2026-03-29,,22.1,,,Open,No
TKT001746,CUST_141,South,Portal,Delivery Delay,Medium,AGENT_04,2026-04-04,2026-04-05,20.8,44.1,4,Resolved,Yes
TKT001119,CUST_008,North,Email,Billing,Medium,AGENT_12,2026-02-18,2026-02-19,23.3,26.5,4,Resolved,No
TKT003089,CUST_076,West,Phone,Account Access,Low,AGENT_12,2026-05-14,2026-05-20,42.1,,5,Resolved,Yes
TKT001149,CUST_007,West,Email,Damaged Goods,Critical,AGENT_08,2026-06-16,2026-06-16,1.7,6.9,3,Closed,Yes
TKT004428,CUST_006,West,Chat,Account Access,High,AGENT_09,2026-01-02,2026-01-02,6.2,21.0,5,Closed,Yes
TKT004243,CUST_130,North,Email,Damaged Goods,Medium,AGENT_10,2026-01-24,2026-01-27,20.8,76.9,4,Resolved,Yes
TKT004231,CUST_065,North,Portal,Account Access,Medium,AGENT_13,2026-02-17,2026-02-19,9.0,53.9,3,Resolved,Yes
TKT002046,CUST_003,Central,Email,Account Access,High,AGENT_03,2026-05-16,,3.4,,,Open,No
TKT004147,CUST_103,North,Email,Account Access,Low,AGENT_14,2026-04-26,2026-04-29,2.0,87.1,4,Resolved,Yes
TKT001642,CUST_040,West,Email,Account Access,Medium,AGENT_12,2026-05-23,2026-05-23,1.9,20.8,4,Resolved,No
TKT001518,CUST_147,Central,Chat,Damaged Goods,Medium,AGENT_12,2026-04-01,2026-04-02,23.3,27.0,4,Resolved,No
TKT003979,CUST_043,Central,Chat,Damaged Goods,Medium,AGENT_03,2026-03-01,2026-03-03,9.0,48.8,2,Resolved,Yes
TKT003536,CUST_110,North,Portal,Delivery Delay,Medium,AGENT_13,2026-02-12,2026-02-13,5.2,35.1,5,Resolved,No
TKT004814,CUST_136,West,Chat,Account Access,Medium,AGENT_08,2026-02-08,2026-02-10,20.6,65.2,5,Resolved,Yes
TKT000884,CUST_143,North,Chat,Delivery Delay,High,AGENT_04,2026-06-11,2026-06-11,5.1,19.4,4,Resolved,Yes
TKT003353,CUST_116,South,Portal,Damaged Goods,Medium,AGENT_04,2026-03-25,,20.3,,,Open,No
TKT003142,CUST_079,Central,Chat,Billing,Medium,AGENT_07,2026-06-24,2026-07-15,1.2,518.1,5,Resolved,Yes
TKT001350,CUST_030,South,Email,Billing,Low,AGENT_01,2026-02-27,2026-03-01,20.1,70.1,2,Resolved,No
TKT003426,CUST_101,Central,Portal,Damaged Goods,High,AGENT_05,2026-02-06,2026-02-07,7.5,29.2,,Reopened,Yes
TKT002644,CUST_059,East,Phone,Billing,Low,AGENT_09,2026-05-22,2026-05-24,42.0,,2,Resolved,No
TKT003911,CUST_031,East,Email,Account Access,Medium,AGENT_03,2026-02-14,2026-02-16,21.8,54.5,2,Resolved,Yes
TKT002018,CUST_101,South,Chat,Other,Low,AGENT_12,2026-01-03,2026-01-06,22.4,86.2,5,Resolved,Yes
TKT002237,CUST_112,Central,Email,Billing,High,AGENT_04,2026-01-28,2026-01-28,6.4,14.3,5,Resolved,Yes
TKT000714,CUST_031,North,Chat,Billing,Low,AGENT_10,2026-04-17,2026-04-21,34.4,96.2,5,Resolved,Yes
TKT001935,CUST_086,West,Phone,Billing,Medium,AGENT_01,2026-01-24,2026-01-25,16.4,,3,Closed,No
TKT004668,CUST_014,North,Chat,Account Access,High,AGENT_08,2026-04-22,2026-04-22,2.4,11.7,4,Resolved,No
TKT003268,CUST_129,East,Chat,Billing,High,AGENT_03,2026-04-06,2026-04-06,4.9,8.4,5,Closed,No
TKT000498,CUST_080,West,Email,Billing,High,AGENT_06,2026-04-14,2026-04-15,6.7,30.7,5,Resolved,Yes
TKT000791,CUST_061,Central,Portal,Damaged Goods,High,AGENT_02,2026-03-27,2026-03-27,2.3,13.4,5,Resolved,Yes
TKT003299,CUST_034,Central,Portal,Delivery Delay,Low,AGENT_14,2026-02-26,2026-03-02,29.2,111.0,3,Resolved,Yes
TKT002627,CUST_150,North,Email,Billing,Low,AGENT_06,2026-03-08,2026-03-09,27.3,31.4,5,Resolved,No
TKT003148,CUST_032,East,Email,Damaged Goods,Low,AGENT_03,2026-04-17,,40.7,54.8,4,Resolved,No
TKT001767,CUST_144,West,Chat,Other,Low,AGENT_04,2026-01-29,2026-02-05,44.6,169.7,,Reopened,Yes
TKT004956,CUST_060,North,Portal,Billing,Medium,AGENT_01,2026-03-21,2026-03-24,16.7,85.8,4,Resolved,Yes
TKT000167,CUST_046,North,Email,Delivery Delay,Low,AGENT_04,2026-01-24,2026-01-28,33.3,114.9,,Reopened,Yes
TKT001116,CUST_010,West,Chat,Billing,Low,AGENT_08,2026-04-20,2026-04-25,28.0,131.2,5,Resolved,Yes
TKT003265,CUST_045,East,Portal,Billing,High,AGENT_07,2026-04-11,2026-04-15,5.2,118.7,4,Resolved,Yes
TKT000421,CUST_134,East,Phone,Billing,Low,AGENT_08,2026-05-28,2026-06-03,14.9,,,Reopened,Yes
TKT001651,CUST_047,South,Chat,Billing,Medium,AGENT_11,2026-04-21,2026-04-22,15.9,25.6,4,Resolved,No
TKT001376,CUST_013,West,Phone,Delivery Delay,Medium,AGENT_01,2026-02-14,2026-02-16,8.3,,5,Resolved,Yes
TKT000122,CUST_008,South,Chat,Billing,High,AGENT_12,2026-05-04,2026-05-05,4.0,24.7,5,Resolved,Yes
TKT002495,CUST_044,South,Phone,Billing,High,AGENT_06,2026-02-16,2026-02-16,3.4,,3,Resolved,No
TKT001609,CUST_004,North,Email,Other,High,AGENT_07,2026-03-01,2026-03-10,7.3,234.8,4,Closed,Yes
TKT004249,CUST_138,North,Email,Other,Low,AGENT_12,,2026-04-15,29.3,46.0,4,Resolved,No
TKT000434,CUST_068,East,Portal,Billing,Low,AGENT_12,2026-01-09,2026-01-13,23.0,108.4,5,Resolved,Yes
TKT003281,CUST_108,East,Phone,Billing,Low,AGENT_09,2026-01-04,2026-01-08,4.6,,3,Resolved,Yes
TKT003383,CUST_040,Central,Email,Billing,Critical,AGENT_02,2026-06-25,2026-06-25,1.8,4.1,5,Resolved,Yes
TKT001850,CUST_049,West,Portal,Billing,Medium,AGENT_13,2026-01-06,2026-01-09,24.0,72.0,4,Resolved,Yes
TKT002642,CUST_116,East,Email,Billing,Medium,AGENT_14,2026-06-10,2026-06-12,16.4,52.2,2,Resolved,Yes
TKT004548,CUST_047,West,Email,Damaged Goods,Low,AGENT_03,2026-01-01,2026-01-02,9.0,-6.9,5,Resolved,No
TKT003173,CUST_120,North,Portal,Billing,Critical,AGENT_07,2026-05-19,,0.7,,,Open,No
TKT000330,CUST_117,Central,Email,Billing,High,AGENT_10,2026-06-11,2026-06-11,3.4,21.0,4,Resolved,Yes
TKT004819,CUST_113,South,Chat,Other,Low,AGENT_15,2026-05-23,2026-05-28,20.7,121.8,4,Resolved,Yes
TKT002779,CUST_107,South,Portal,Damaged Goods,Low,AGENT_05,2026-02-24,2026-02-28,42.2,119.0,2,Resolved,Yes
TKT001740,CUST_021,South,Phone,Account Access,High,AGENT_03,2026-04-28,,4.0,,,Open,No
TKT003461,CUST_017,South,Portal,Delivery Delay,High,AGENT_11,2026-02-06,2026-02-07,2.5,24.5,4,Closed,Yes
TKT004947,CUST_046,Central,Portal,Account Access,Medium,AGENT_11,2026-01-01,,2.3,65.0,,Reopened,Yes
TKT002804,CUST_104,East,Portal,Delivery Delay,Low,AGENT_01,2026-06-03,2026-06-06,45.3,75.8,1,Resolved,Yes
TKT004191,CUST_134,North,Email,Delivery Delay,Medium,AGENT_02,2026-01-23,,8.0,,,Open,No
TKT000244,CUST_112,Central,Portal,Billing,Critical,AGENT_15,2026-05-20,2026-05-20,2.0,7.7,2,Resolved,Yes
TKT001154,CUST_057,Central,Email,Delivery Delay,Low,AGENT_01,2026-01-13,2026-01-17,42.6,104.8,5,Closed,Yes
TKT004699,CUST_076,Central,Phone,Account Access,Low,AGENT_02,2026-05-06,,28.6,,4,Closed,Yes
TKT003845,CUST_050,West,Phone,Other,Critical,AGENT_12,2026-02-28,2026-02-28,0.7,,5,Resolved,No
TKT001631,CUST_133,Central,Email,Other,Medium,AGENT_09,2026-02-02,2026-02-02,1.3,17.8,,Reopened,No
TKT003769,CUST_055,North,Email,Delivery Delay,Medium,AGENT_10,2026-04-30,2026-04-30,3.2,12.7,4,Closed,No
TKT001965,CUST_057,West,Phone,Delivery Delay,High,AGENT_13,2026-02-27,2026-02-27,0.7,,4,Resolved,No
TKT002067,CUST_056,Central,Chat,Delivery Delay,Medium,AGENT_09,2026-03-02,2026-03-02,4.7,15.3,5,Resolved,No
TKT001858,CUST_066,Central,Phone,Delivery Delay,Medium,AGENT_04,2026-04-10,2026-04-13,16.5,,5,Resolved,Yes
TKT000116,CUST_008,North,Phone,Account Access,Critical,AGENT_14,2026-02-12,2026-02-12,0.8,,3,Resolved,Yes
TKT004955,CUST_137,South,Chat,Billing,High,AGENT_03,2026-03-23,2026-03-23,6.3,23.6,4,Resolved,Yes
TKT004080,CUST_053,South,Portal,Delivery Delay,Low,AGENT_05,2026-04-04,2026-04-07,35.9,83.0,5,Resolved,Yes
TKT002487,CUST_067,East,Email,Delivery Delay,Medium,AGENT_05,2026-01-09,2026-01-10,1.4,46.8,3,Resolved,Yes
TKT003773,CUST_053,North,Phone,Billing,High,AGENT_08,2026-02-06,,2.1,,,Open,No
TKT004540,CUST_014,North,Phone,Billing,Low,AGENT_09,2026-01-09,2026-01-14,22.1,128.6,5,Resolved,Yes
TKT003864,CUST_116,North,Phone,Other,Medium,AGENT_06,2026-03-21,2026-03-24,19.6,,1,Resolved,Yes
TKT004083,CUST_104,East,Chat,Delivery Delay,Medium,AGENT_12,2026-05-19,2026-05-19,2.1,17.9,5,Resolved,No
TKT003619,CUST_047,Central,Email,Damaged Goods,Critical,AGENT_10,2026-06-17,,1.7,,,Open,No
TKT001014,CUST_130,West,Email,Billing,Medium,AGENT_07,2026-03-02,2026-03-06,0.9,102.8,2,Closed,Yes
TKT000384,CUST_092,North,Email,Account Access,High,AGENT_11,2026-04-18,2026-04-18,2.1,11.8,4,Resolved,No
TKT004885,CUST_099,Central,Chat,Delivery Delay,Medium,AGENT_04,2026-05-10,2026-05-12,17.0,48.9,4,Resolved,Yes
TKT002584,CUST_049,South,Email,Billing,Low,AGENT_11,2026-06-22,2026-06-29,42.0,174.1,5,Resolved,Yes
TKT003102,CUST_148,North,Email,Account Access,High,AGENT_01,2026-04-30,2026-05-01,2.9,25.6,5,Resolved,Yes
TKT000302,CUST_126,East,Chat,Account Access,Low,AGENT_08,2026-04-21,2026-04-27,29.1,157.5,2,Resolved,Yes
TKT001722,CUST_076,North,Phone,Billing,Low,AGENT_10,2026-04-02,2026-04-09,35.0,,4,Resolved,Yes
TKT001568,CUST_103,West,Email,Delivery Delay,Critical,AGENT_12,2026-04-18,2026-04-18,0.7,5.0,3,Resolved,Yes
TKT002005,CUST_093,North,Email,Billing,High,AGENT_15,2026-06-13,2026-06-13,3.3,23.9,5,Resolved,Yes
TKT002194,CUST_040,Central,Email,Billing,High,AGENT_02,2026-01-23,2026-01-24,5.1,26.4,,Reopened,Yes
TKT003290,CUST_056,North,Chat,Delivery Delay,Medium,AGENT_01,2026-03-09,2026-03-12,8.7,77.8,5,Resolved,Yes
TKT004653,CUST_003,North,Email,Account Access,Medium,AGENT_04,2026-04-18,2026-04-19,20.7,35.1,4,Resolved,No
TKT003338,CUST_031,Central,Email,Other,High,AGENT_01,2026-05-20,2026-05-20,5.1,19.4,4,Resolved,Yes
TKT001128,CUST_067,North,Email,Delivery Delay,Low,AGENT_06,2026-03-16,2026-03-21,37.6,127.8,5,Resolved,Yes
TKT003357,CUST_030,South,Chat,Billing,High,AGENT_05,2026-01-01,2026-01-01,5.4,23.2,5,Closed,Yes
TKT000282,CUST_093,East,Portal,Billing,Medium,AGENT_06,2026-03-21,2026-03-22,1.7,36.8,,Reopened,Yes
TKT002883,CUST_131,West,Portal,Billing,Medium,AGENT_08,2026-04-15,2026-04-16,11.5,44.3,5,Closed,Yes
TKT002571,CUST_125,East,Portal,Billing,Critical,AGENT_05,2026-02-23,,1.4,,,Open,No
TKT000736,CUST_096,Central,Email,Damaged Goods,Low,AGENT_04,2026-01-20,2026-01-24,31.1,104.7,5,Closed,Yes
TKT002216,CUST_146,Central,Email,Billing,Medium,AGENT_01,2026-01-27,2026-01-30,10.4,74.3,4,Resolved,Yes
TKT002406,CUST_147,West,Email,Billing,Medium,AGENT_04,2026-02-20,2026-02-20,2.8,15.9,5,Resolved,No
TKT003477,CUST_076,West,Phone,Damaged Goods,High,AGENT_14,2026-05-20,2026-05-21,5.9,,,Reopened,Yes
TKT002532,CUST_112,West,Phone,Billing,Medium,AGENT_08,2026-04-19,2026-04-20,2.7,,2,Resolved,Yes
TKT004833,CUST_058,East,Phone,Account Access,Critical,AGENT_02,2026-06-11,2026-06-11,0.6,,,Reopened,Yes
TKT003152,CUST_143,East,Chat,Other,Low,AGENT_11,2026-03-17,2026-03-18,22.8,31.8,5,Resolved,No
TKT000674,CUST_136,West,Email,Billing,Medium,AGENT_13,2026-02-01,2026-02-02,5.3,38.6,4,Closed,Yes
TKT004679,CUST_087,Central,Email,Account Access,Medium,AGENT_08,2026-02-12,2026-02-13,8.7,30.1,4,Resolved,No
TKT001972,CUST_065,North,Chat,Other,Low,AGENT_11,2026-05-30,,10.8,,,Open,No
TKT004644,CUST_011,Central,Chat,Account Access,Medium,AGENT_01,2026-05-11,,12.2,32.4,5,Resolved,No
TKT001472,CUST_071,West,Chat,Delivery Delay,High,AGENT_10,2026-04-08,2026-04-08,3.0,23.2,5,Resolved,Yes
TKT003625,CUST_044,South,Chat,Billing,Medium,AGENT_09,2026-01-13,2026-01-16,23.2,87.2,5,Resolved,Yes
TKT004733,CUST_089,West,Chat,Delivery Delay,Low,AGENT_15,2026-04-26,2026-04-29,29.7,79.0,,Reopened,Yes
TKT000125,CUST_022,West,Phone,Account Access,Medium,AGENT_13,2026-05-31,2026-05-31,12.3,,4,Resolved,No
TKT004258,CUST_011,East,Phone,Delivery Delay,Medium,AGENT_08,2026-04-23,2026-04-25,17.1,,5,Resolved,Yes
TKT001313,CUST_008,East,Phone,Billing,Medium,AGENT_02,2026-03-21,,5.3,,,Open,No
TKT000097,CUST_034,East,Email,Account Access,Low,AGENT_12,2026-03-16,2026-03-19,16.2,95.2,3,Resolved,Yes
TKT000780,CUST_001,West,Email,Delivery Delay,Medium,AGENT_12,2026-04-27,,20.8,38.6,,Reopened,Yes
TKT002361,CUST_027,South,Chat,Billing,Medium,AGENT_03,2026-05-19,2026-05-21,7.8,62.7,5,Closed,Yes
TKT000512,CUST_066,South,Chat,Billing,Medium,AGENT_10,2026-01-28,2026-01-29,14.3,47.8,5,Resolved,Yes
TKT002959,CUST_085,East,Email,Billing,Medium,AGENT_07,2026-04-02,2026-04-17,16.4,375.1,4,Closed,Yes
TKT001984,CUST_130,East,Email,Other,Medium,AGENT_05,2026-04-05,2026-04-07,11.3,62.7,,Reopened,Yes
TKT001153,CUST_147,North,Email,Other,Low,AGENT_05,2026-02-18,,21.3,23.8,5,Resolved,No
TKT002143,CUST_149,North,Portal,Damaged Goods,Critical,AGENT_05,2026-03-23,,1.4,,,Open,No
TKT001883,CUST_043,South,Portal,Account Access,Low,AGENT_04,2026-01-22,2026-01-26,25.1,99.0,2,Closed,Yes
TKT003656,CUST_132,East,Phone,Billing,Low,AGENT_05,2026-05-07,2026-05-11,40.2,100.5,5,Resolved,Yes
TKT003933,CUST_019,West,Chat,Billing,High,AGENT_08,2026-06-01,,3.8,,,Open,No
TKT003430,CUST_115,North,Phone,Account Access,Low,AGENT_04,2026-05-13,2026-05-14,2.3,,3,Resolved,No
TKT001929,CUST_095,North,Chat,Delivery Delay,Low,AGENT_03,2026-01-05,2026-01-10,46.8,135.8,3,Resolved,Yes
TKT000952,CUST_082,North,Email,Delivery Delay,Medium,AGENT_14,2026-05-25,2026-05-27,8.9,-13.0,4,Resolved,Yes
TKT000940,CUST_098,North,Chat,Billing,High,AGENT_05,2026-05-03,2026-05-03,7.4,13.4,4,Resolved,Yes
TKT004854,CUST_018,South,Chat,Billing,Low,AGENT_07,2026-03-05,2026-03-13,5.0,203.0,4,Resolved,Yes
TKT001398,CUST_046,North,Email,Delivery Delay,Low,AGENT_08,2026-03-14,,43.3,108.4,4,Resolved,Yes
TKT000457,CUST_051,North,Email,Billing,Low,AGENT_07,2026-04-18,2026-05-31,26.6,1052.0,4,Resolved,Yes
TKT000641,CUST_097,South,Email,Billing,Medium,AGENT_01,2026-05-07,2026-05-08,12.9,39.9,4,Resolved,Yes
TKT000595,CUST_120,East,Phone,Delivery Delay,Medium,AGENT_05,2026-01-09,2026-01-09,17.3,,5,Resolved,No
TKT000696,CUST_097,West,Phone,Delivery Delay,Medium,AGENT_03,2026-05-24,2026-05-26,5.0,,5,Resolved,Yes
TKT001600,CUST_039,North,Chat,Other,High,AGENT_06,2026-02-14,,0.6,9.5,,Reopened,No
TKT003568,CUST_011,East,Email,Damaged Goods,Low,AGENT_01,2026-02-01,2026-02-05,7.0,119.9,4,Resolved,Yes
TKT003123,CUST_113,North,Email,Billing,High,AGENT_10,2026-02-06,,2.1,,,Open,No
TKT002310,CUST_040,West,Phone,Billing,Critical,AGENT_10,2026-06-11,2026-06-11,1.4,,,Reopened,Yes
TKT001540,CUST_033,West,Portal,Delivery Delay,Medium,AGENT_15,2026-06-04,2026-06-06,10.2,69.1,4,Resolved,Yes
TKT003591,CUST_148,South,Email,Other,Critical,AGENT_06,2026-06-19,2026-06-19,1.7,4.3,4,Resolved,Yes
TKT002725,CUST_021,Central,Chat,Delivery Delay,Low,AGENT_15,2026-06-24,2026-06-26,39.1,49.4,4,Resolved,No
TKT003799,CUST_066,South,Email,Delivery Delay,Medium,AGENT_13,2026-04-22,2026-04-25,22.2,80.4,5,Resolved,Yes
TKT001619,CUST_044,Central,Email,Damaged Goods,High,AGENT_05,2026-01-15,2026-01-15,2.3,19.6,1,Resolved,Yes
TKT001121,CUST_047,Central,Chat,Delivery Delay,Medium,AGENT_06,2026-04-15,2026-04-17,0.7,51.6,4,Closed,Yes
TKT000261,CUST_105,East,Chat,Damaged Goods,Medium,AGENT_11,2026-04-16,2026-04-17,16.1,40.9,4,Resolved,Yes
TKT001240,CUST_133,Central,Chat,Damaged Goods,Critical,AGENT_07,2026-05-22,,0.7,39.4,4,Resolved,Yes
TKT000739,CUST_137,West,Phone,Billing,Critical,AGENT_04,2026-05-19,2026-05-19,1.7,,5,Resolved,Yes
TKT000205,CUST_136,Central,Portal,Billing,High,AGENT_05,2026-03-19,2026-03-20,6.4,28.8,4,Resolved,Yes
TKT003499,CUST_018,North,Chat,Account Access,Low,AGENT_06,2026-04-21,2026-04-23,34.6,69.2,5,Resolved,No
TKT003157,CUST_068,South,Email,Other,Low,AGENT_12,2026-05-28,2026-05-31,18.9,93.7,4,Resolved,Yes
TKT003150,CUST_098,West,Portal,Billing,Low,AGENT_01,2026-04-04,2026-04-10,10.9,147.7,5,Resolved,Yes
TKT004811,CUST_049,Central,Chat,Billing,Low,AGENT_05,2026-04-02,2026-04-03,28.5,45.0,,Reopened,No
TKT004445,CUST_017,West,Email,Delivery Delay,Low,AGENT_05,2026-05-09,2026-05-12,25.7,80.9,1,Resolved,Yes
TKT002329,CUST_041,Central,Email,Account Access,Low,AGENT_15,2026-06-20,2026-06-25,22.3,130.4,3,Resolved,Yes
TKT001728,CUST_112,South,Phone,Delivery Delay,Medium,AGENT_06,2026-06-21,2026-06-21,17.0,,4,Resolved,No
TKT004670,CUST_072,Central,Chat,Billing,Low,AGENT_05,2026-04-18,,32.1,60.3,3,Closed,No
TKT000245,CUST_005,East,Portal,Other,Low,AGENT_06,2026-01-16,2026-01-20,9.6,111.1,5,Resolved,Yes
TKT000681,CUST_087,Central,Chat,Delivery Delay,Critical,AGENT_13,2026-02-24,2026-02-24,1.6,7.3,5,Closed,Yes
TKT003944,CUST_148,West,Chat,Account Access,High,AGENT_15,2026-02-27,2026-02-27,2.8,21.5,5,Resolved,Yes
TKT002636,CUST_142,East,Chat,Delivery Delay,High,AGENT_11,2026-01-28,2026-01-28,4.2,13.7,5,Resolved,Yes
TKT004685,CUST_034,South,Chat,Billing,Medium,AGENT_12,2026-01-25,2026-01-28,16.9,75.7,4,Resolved,Yes
TKT003209,CUST_051,East,Email,Billing,Low,AGENT_13,2026-04-19,,7.3,,,Open,No
TKT002580,CUST_057,West,Email,Other,High,AGENT_13,2026-02-16,2026-02-16,3.4,13.3,1,Resolved,Yes
TKT000314,CUST_109,West,Chat,Delivery Delay,High,AGENT_09,2026-05-25,2026-05-25,1.4,3.6,4,Resolved,No
TKT001770,CUST_108,South,Chat,Damaged Goods,Medium,AGENT_11,2026-02-16,,0.8,,,Open,No
TKT003738,CUST_129,Central,Chat,Damaged Goods,Low,AGENT_14,2026-01-19,2026-01-21,0.9,48.6,5,Resolved,No
TKT000416,CUST_061,Central,Chat,Billing,High,AGENT_04,2026-05-25,2026-05-25,4.3,6.5,1,Closed,No
TKT004172,CUST_118,North,Email,Damaged Goods,High,AGENT_06,2026-01-30,2026-01-30,5.7,21.4,5,Resolved,Yes
TKT001278,CUST_032,North,Portal,Delivery Delay,High,AGENT_09,2026-05-21,,8.0,30.9,4,Resolved,Yes
TKT001576,CUST_146,South,Portal,Delivery Delay,Low,AGENT_02,2026-06-11,2026-06-15,41.4,115.6,3,Resolved,Yes
TKT004199,CUST_050,West,Chat,Damaged Goods,Critical,AGENT_07,2026-06-02,2026-06-04,0.9,53.5,5,Resolved,Yes
TKT003630,CUST_078,West,Chat,Delivery Delay,Medium,AGENT_01,2026-05-10,2026-05-12,5.7,50.1,5,Resolved,Yes
TKT003724,CUST_135,Central,Chat,Billing,Medium,AGENT_01,2026-02-07,2026-02-08,6.4,27.9,5,Closed,No
TKT003821,CUST_047,South,Phone,Account Access,Low,AGENT_11,2026-05-14,2026-05-17,35.7,,5,Resolved,Yes
TKT004086,CUST_083,West,Email,Billing,Medium,AGENT_03,2026-06-22,2026-06-25,13.6,72.4,5,Resolved,Yes
TKT000289,CUST_103,Central,Email,Delivery Delay,Medium,AGENT_04,2026-03-21,2026-03-22,4.7,24.2,2,Resolved,No
TKT001847,CUST_030,West,Phone,Delivery Delay,Critical,AGENT_15,2026-02-05,2026-02-05,1.6,,2,Resolved,Yes
TKT003828,CUST_084,West,Chat,Delivery Delay,High,AGENT_13,2026-03-11,2026-03-11,1.3,13.6,5,Resolved,Yes
TKT000622,CUST_145,Central,Email,Account Access,High,AGENT_01,2026-03-05,2026-03-05,0.8,10.5,3,Closed,No
TKT000704,CUST_102,South,Email,Delivery Delay,Medium,AGENT_08,2026-03-02,2026-03-05,8.9,74.7,,Reopened,Yes
TKT000756,CUST_100,West,Email,Billing,Medium,AGENT_08,2026-03-13,2026-03-16,12.1,80.5,5,Resolved,Yes
TKT000647,CUST_009,East,Phone,Billing,Medium,AGENT_11,2026-04-19,2026-04-20,9.7,,5,Resolved,No
TKT002248,CUST_050,West,Chat,Other,Medium,AGENT_02,2026-06-13,2026-06-15,22.2,68.6,4,Resolved,Yes
TKT004938,CUST_100,South,Email,Billing,Medium,AGENT_04,2026-02-14,2026-02-16,6.5,63.0,,Reopened,Yes
TKT004866,CUST_084,East,Chat,Other,Low,AGENT_02,2026-01-24,2026-01-30,44.8,165.2,4,Resolved,Yes
TKT004925,CUST_053,South,Chat,Account Access,Low,AGENT_10,2026-04-02,2026-04-07,16.7,130.3,5,Closed,Yes
TKT001612,CUST_020,Central,Chat,Billing,Low,AGENT_07,2026-05-23,2026-07-29,13.7,1622.3,4,Resolved,Yes
TKT004667,CUST_032,North,Email,Delivery Delay,Low,AGENT_14,2026-05-04,2026-05-09,1.9,131.2,,Reopened,Yes
TKT003824,CUST_112,East,Chat,Damaged Goods,Low,AGENT_15,2026-01-22,2026-01-27,33.3,131.2,5,Closed,Yes
TKT002121,CUST_138,North,Email,Other,Medium,AGENT_05,2026-06-15,2026-06-18,17.7,75.6,4,Resolved,Yes
TKT003370,CUST_136,East,Email,Delivery Delay,Medium,AGENT_15,2026-06-09,2026-06-10,1.3,45.7,,Reopened,Yes
TKT000981,CUST_068,East,Chat,Damaged Goods,Critical,AGENT_01,2026-02-03,2026-02-03,1.2,6.1,5,Resolved,Yes
TKT002478,CUST_051,South,Email,Billing,Low,AGENT_04,2026-06-28,2026-06-29,18.3,36.6,4,Resolved,No
TKT004054,CUST_024,West,Email,Billing,Medium,AGENT_09,2026-02-16,2026-02-16,4.5,21.8,5,Resolved,No
TKT003134,CUST_058,Central,Email,Delivery Delay,High,AGENT_01,2026-05-19,,3.2,,,Open,No
TKT000971,CUST_077,West,Chat,Delivery Delay,High,AGENT_01,2026-05-07,,6.5,15.2,4,Resolved,Yes
TKT004769,CUST_145,West,Portal,Delivery Delay,Low,AGENT_03,2026-01-29,,30.4,116.5,5,Resolved,Yes
TKT001098,CUST_054,West,Phone,Billing,Medium,AGENT_05,2026-01-15,,16.9,,,Open,No
TKT003393,CUST_140,East,Phone,Billing,Low,AGENT_07,2026-05-02,2026-06-10,46.3,,4,Resolved,Yes
TKT001100,CUST_147,East,Chat,Other,Low,AGENT_10,2026-04-09,2026-04-11,30.1,49.6,3,Resolved,No
TKT002555,CUST_144,Central,Chat,Account Access,Critical,AGENT_09,2026-06-03,2026-06-03,1.7,6.5,,Reopened,Yes
TKT001092,CUST_016,South,Chat,Billing,Medium,AGENT_07,2026-01-23,2026-02-16,14.2,-1.0,4,Resolved,Yes
TKT002676,CUST_011,North,Email,Billing,Critical,AGENT_13,2026-02-05,,0.7,3.1,1,Resolved,No
TKT004719,CUST_127,South,Chat,Billing,Medium,AGENT_03,2026-04-25,2026-04-25,5.9,11.2,4,Resolved,No
TKT001646,CUST_110,North,Portal,Billing,Low,AGENT_07,2026-06-04,,43.5,1819.9,3,Resolved,Yes
TKT004320,CUST_015,West,Chat,Account Access,Low,AGENT_02,2026-02-10,2026-02-10,6.6,21.2,4,Resolved,No
TKT004479,CUST_001,West,Phone,Billing,Low,AGENT_07,2026-05-12,2026-07-21,22.9,,5,Resolved,Yes
TKT001207,CUST_051,Central,Email,Account Access,Low,AGENT_05,2026-06-04,2026-06-11,43.7,180.1,5,Resolved,Yes
TKT002477,CUST_086,North,Phone,Other,Critical,AGENT_09,2026-04-26,2026-04-26,0.5,,5,Resolved,Yes
TKT003672,CUST_077,North,Email,Delivery Delay,Medium,AGENT_08,2026-02-22,,10.0,33.7,5,Closed,No
TKT001026,CUST_020,West,Email,Billing,Low,AGENT_01,2026-03-26,2026-03-28,18.6,71.4,3,Resolved,No
TKT002119,CUST_062,East,Email,Delivery Delay,Low,AGENT_09,2026-03-12,2026-03-18,19.6,152.1,4,Closed,Yes
TKT003406,CUST_100,East,Phone,Billing,Critical,AGENT_09,2026-04-26,,1.1,,4,Resolved,Yes
TKT000898,CUST_140,South,Email,Delivery Delay,Low,AGENT_04,2026-01-20,2026-01-21,25.0,27.6,4,Resolved,No
TKT001146,CUST_089,North,Email,Damaged Goods,Low,AGENT_09,2026-03-22,2026-03-25,3.6,93.9,1,Resolved,Yes
TKT003085,CUST_023,South,Chat,Delivery Delay,Medium,AGENT_10,2026-03-01,2026-03-02,22.5,41.3,5,Resolved,Yes
TKT004038,CUST_038,West,Email,Damaged Goods,Low,AGENT_05,2026-01-28,2026-02-03,34.0,152.0,5,Resolved,Yes
TKT000415,CUST_021,East,Portal,Delivery Delay,Medium,AGENT_15,2026-06-11,2026-06-13,8.2,61.5,1,Resolved,Yes
TKT000180,CUST_083,Central,Chat,Account Access,Medium,AGENT_13,2026-01-21,,1.5,50.7,5,Resolved,Yes
TKT004639,CUST_126,North,Portal,Damaged Goods,Low,AGENT_02,2026-06-12,2026-06-13,10.5,44.0,5,Closed,No
TKT004552,CUST_039,South,Chat,Damaged Goods,Critical,AGENT_02,2026-01-05,2026-01-05,1.3,3.7,5,Resolved,No
TKT001829,CUST_044,North,Portal,Billing,Critical,AGENT_03,2026-06-01,2026-06-01,2.0,6.2,5,Closed,Yes
TKT000843,CUST_015,South,Portal,Delivery Delay,High,AGENT_02,2026-06-06,2026-06-06,3.2,21.4,5,Closed,Yes
TKT000008,CUST_124,East,Email,Billing,High,AGENT_11,2026-01-09,,3.6,9.4,5,Resolved,No
TKT003199,CUST_006,South,Chat,Account Access,High,AGENT_01,,2026-04-13,1.8,18.3,5,Resolved,Yes
TKT001545,CUST_110,Central,Chat,Account Access,High,AGENT_10,2026-06-12,2026-06-13,4.1,26.9,5,Resolved,Yes
TKT001179,CUST_094,North,Phone,Other,Medium,AGENT_14,2026-05-18,,5.3,,,Open,No
TKT001281,CUST_038,East,Email,Account Access,High,AGENT_10,2026-06-19,2026-06-19,2.9,5.5,5,Closed,No
TKT003861,CUST_032,West,Email,Billing,Medium,AGENT_05,2026-04-08,2026-04-09,17.8,44.4,3,Resolved,Yes
TKT000085,CUST_124,North,Phone,Other,Low,AGENT_13,2026-01-15,2026-01-20,27.4,,4,Closed,Yes
TKT002425,CUST_026,South,Phone,Other,Critical,AGENT_03,2026-01-05,2026-01-05,1.7,,1,Resolved,Yes
TKT000533,CUST_075,Central,Email,Billing,Low,AGENT_11,2026-04-10,2026-04-16,27.5,155.0,5,Resolved,Yes
TKT001833,CUST_055,West,Chat,Other,Medium,AGENT_03,2026-03-28,,5.9,,,Open,No
TKT001295,CUST_094,North,Chat,Billing,Low,AGENT_13,2026-05-25,,16.6,45.2,2,Resolved,No
TKT000786,CUST_136,Central,Chat,Billing,Medium,AGENT_01,2026-04-15,2026-04-17,15.9,64.0,5,Closed,Yes
TKT002853,CUST_008,Central,Chat,Delivery Delay,Critical,AGENT_04,2026-02-16,,1.8,,,Open,No
TKT004772,CUST_044,East,Portal,Delivery Delay,Low,AGENT_08,2026-02-28,2026-03-03,24.3,75.4,4,Resolved,Yes
TKT000473,CUST_109,East,Email,Damaged Goods,High,AGENT_11,2026-03-11,,3.8,19.4,2,Closed,Yes
TKT000090,CUST_112,North,Email,Account Access,Medium,AGENT_15,2026-02-24,2026-02-26,9.1,52.9,4,Resolved,Yes
TKT000765,CUST_086,South,Email,Billing,Critical,AGENT_09,2026-06-29,2026-06-29,1.3,4.4,5,Resolved,Yes
TKT000599,CUST_081,South,Email,Damaged Goods,Low,AGENT_09,2026-01-09,2026-01-11,26.4,66.3,,Reopened,No
TKT003917,CUST_037,Central,Chat,Damaged Goods,High,AGENT_03,2026-02-27,2026-02-27,5.0,-17.2,5,Resolved,No
TKT002924,CUST_089,North,Email,Billing,Medium,AGENT_13,2026-01-15,2026-01-16,23.3,41.4,4,Resolved,Yes
TKT003603,CUST_031,North,Phone,Damaged Goods,Low,AGENT_15,2026-01-10,2026-01-12,47.1,,4,Resolved,No
TKT002224,CUST_085,East,Email,Account Access,Low,AGENT_03,2026-06-13,2026-06-14,13.9,31.9,4,Resolved,No
TKT004447,CUST_054,East,Email,Billing,High,AGENT_10,2026-05-15,2026-05-16,7.0,24.1,5,Resolved,Yes
TKT003585,CUST_010,East,Email,Billing,High,AGENT_15,2026-06-15,2026-06-15,3.5,21.2,5,Resolved,Yes
TKT004146,CUST_140,Central,Chat,Other,Critical,AGENT_04,2026-05-25,2026-05-25,1.0,7.0,5,Resolved,Yes
TKT003969,CUST_104,West,Phone,Billing,Medium,AGENT_01,2026-04-05,2026-04-06,2.4,,5,Resolved,No
TKT004939,CUST_046,North,Email,Other,Medium,AGENT_04,2026-04-05,,7.7,,,Open,No
TKT001107,CUST_082,East,Chat,Damaged Goods,High,AGENT_01,2026-02-12,2026-02-12,1.8,20.7,5,Resolved,Yes
TKT003651,CUST_098,East,Portal,Billing,Low,AGENT_04,2026-03-13,2026-03-16,0.6,94.5,5,Closed,Yes
TKT001122,CUST_031,North,Chat,Delivery Delay,Medium,AGENT_14,2026-06-04,2026-06-04,9.1,20.3,4,Resolved,No
TKT001151,CUST_086,North,Chat,Damaged Goods,Low,AGENT_08,2026-01-13,2026-01-15,28.0,50.1,5,Closed,No
TKT004640,CUST_126,East,Email,Other,Medium,AGENT_02,2026-04-30,2026-05-02,6.5,67.9,5,Resolved,Yes
TKT000695,CUST_099,South,Email,Damaged Goods,Low,AGENT_09,2026-05-25,,35.2,,,Open,No
TKT001348,CUST_133,North,Chat,Billing,High,AGENT_05,2026-03-31,2026-03-31,6.2,20.6,3,Resolved,Yes
TKT004878,CUST_108,North,Email,Billing,Medium,AGENT_01,2026-06-12,2026-06-14,4.5,60.1,3,Resolved,Yes
TKT001246,CUST_037,South,Email,Billing,Medium,AGENT_11,2026-04-01,2026-04-01,1.9,4.6,2,Resolved,No
TKT004238,CUST_001,East,Chat,Delivery Delay,High,AGENT_04,2026-05-12,2026-05-12,1.5,-7.8,2,Resolved,Yes
TKT003074,CUST_084,Central,Phone,Other,High,AGENT_13,2026-06-08,2026-06-08,3.4,,5,Resolved,Yes
TKT001650,CUST_013,West,Chat,Damaged Goods,Medium,AGENT_02,2026-02-01,2026-02-03,19.2,69.8,4,Closed,Yes
TKT003715,CUST_075,West,Email,Delivery Delay,Medium,AGENT_09,2026-01-24,2026-01-25,9.7,44.8,4,Closed,Yes
TKT003053,CUST_084,West,Email,Delivery Delay,High,AGENT_14,2026-01-18,,2.6,,,Open,No
TKT001383,CUST_141,North,Phone,Damaged Goods,High,AGENT_06,2026-01-11,2026-01-11,1.2,,5,Resolved,No
TKT003008,CUST_141,South,Portal,Billing,Low,AGENT_05,2026-06-02,2026-06-04,2.6,54.9,2,Resolved,No
TKT000383,CUST_132,South,Chat,Billing,Low,AGENT_04,2026-06-04,2026-06-05,11.1,38.1,1,Resolved,No
TKT000191,CUST_085,South,Portal,Other,Critical,AGENT_03,2026-02-01,2026-02-01,2.0,5.0,,Reopened,Yes
TKT002156,CUST_051,North,Email,Delivery Delay,Critical,AGENT_08,2026-04-12,2026-04-12,0.7,3.1,4,Resolved,No
TKT002288,CUST_111,West,Phone,Account Access,Medium,AGENT_12,2026-06-15,2026-06-16,23.9,,4,Resolved,No
TKT002903,CUST_069,South,Email,Delivery Delay,High,AGENT_15,2026-05-02,,0.9,13.1,5,Closed,Yes
TKT002729,CUST_084,Central,Phone,Other,Low,AGENT_01,2026-06-12,2026-06-14,7.1,,4,Resolved,No
TKT002632,CUST_001,North,Email,Delivery Delay,High,AGENT_02,2026-01-11,2026-01-11,7.8,17.7,4,Resolved,Yes
TKT002509,CUST_055,South,Email,Other,Medium,AGENT_12,2026-03-08,2026-03-10,10.4,65.8,5,Closed,Yes
TKT001801,CUST_040,East,Chat,Account Access,Medium,AGENT_14,2026-06-19,2026-06-19,7.0,11.4,,Reopened,No
TKT000087,CUST_118,East,Phone,Billing,High,AGENT_09,2026-04-09,,5.8,,4,Closed,Yes
TKT002560,CUST_150,North,Chat,Billing,Medium,AGENT_07,2026-05-13,2026-06-20,23.7,927.7,1,Closed,Yes
TKT004931,CUST_131,West,Email,Billing,High,AGENT_03,2026-05-24,2026-05-24,3.0,14.0,,Reopened,Yes
TKT000589,CUST_037,East,Chat,Delivery Delay,Medium,AGENT_11,2026-02-27,2026-02-28,2.0,32.0,3,Resolved,No
TKT004837,CUST_050,West,Chat,Delivery Delay,Low,AGENT_03,2026-05-22,2026-05-22,10.1,23.2,4,Resolved,No
TKT001426,CUST_116,East,Chat,Other,Medium,AGENT_08,2026-01-10,2026-01-12,10.2,51.5,3,Resolved,Yes
TKT004638,CUST_022,North,Chat,Billing,Critical,AGENT_03,2026-01-10,,2.0,7.0,2,Closed,Yes
TKT002053,CUST_079,West,Email,Delivery Delay,High,AGENT_06,2026-02-04,2026-02-05,5.2,26.9,4,Resolved,Yes
TKT003350,CUST_015,Central,Chat,Delivery Delay,Medium,AGENT_02,2026-01-30,2026-02-01,23.7,60.4,,Reopened,Yes
TKT000248,CUST_078,South,Email,Delivery Delay,Critical,AGENT_11,2026-05-16,2026-05-16,1.6,6.3,4,Resolved,Yes
TKT003144,CUST_132,South,Portal,Other,Medium,AGENT_10,2026-05-29,2026-05-30,5.3,32.5,5,Resolved,No
TKT000743,CUST_062,West,Email,Damaged Goods,High,AGENT_10,2026-03-18,2026-03-18,5.9,16.8,,Reopened,Yes
TKT003961,CUST_086,East,Email,Billing,Medium,AGENT_13,2026-05-19,2026-05-21,19.4,62.6,5,Closed,Yes
TKT000905,CUST_089,East,Portal,Delivery Delay,Low,AGENT_14,2026-02-04,,40.0,,,Open,No
TKT002569,CUST_110,South,Email,Delivery Delay,Medium,AGENT_13,2026-05-16,2026-05-18,13.7,69.6,3,Resolved,Yes
TKT002125,CUST_021,West,Chat,Account Access,High,AGENT_06,2026-03-13,2026-03-14,6.9,27.2,,Reopened,Yes
TKT004687,CUST_120,Central,Phone,Billing,High,AGENT_02,2026-01-02,2026-01-02,4.4,,5,Resolved,No
TKT003578,CUST_079,Central,Email,Other,Medium,AGENT_14,2026-01-05,2026-01-08,6.8,75.7,,Reopened,Yes
TKT004858,CUST_104,Central,Chat,Delivery Delay,Low,AGENT_04,2026-03-25,2026-03-31,18.9,-19.0,2,Resolved,Yes
TKT003480,CUST_052,West,Chat,Billing,High,AGENT_11,2026-06-06,2026-06-06,0.8,23.0,5,Resolved,Yes
TKT003126,CUST_146,North,Portal,Delivery Delay,High,AGENT_14,2026-05-11,2026-05-11,5.5,17.6,2,Resolved,Yes
TKT001920,CUST_005,North,Chat,Delivery Delay,Critical,AGENT_06,2026-02-17,2026-02-17,1.9,6.1,4,Resolved,Yes
TKT003934,CUST_064,South,Phone,Damaged Goods,High,AGENT_07,2026-02-11,2026-02-15,2.2,,,Reopened,Yes
TKT001388,CUST_051,East,Email,Other,Low,AGENT_09,2026-01-23,2026-01-25,4.5,50.6,4,Resolved,No
TKT001604,CUST_011,East,Phone,Account Access,High,AGENT_07,2026-04-19,2026-04-22,3.1,,2,Resolved,Yes
TKT002281,CUST_135,West,Chat,Account Access,Medium,AGENT_06,2026-02-08,,22.8,34.2,5,Resolved,No
TKT000831,CUST_116,Central,Phone,Other,Medium,AGENT_15,2026-06-27,2026-06-29,23.9,,3,Resolved,Yes
TKT002796,CUST_062,Central,Email,Account Access,Critical,AGENT_07,2026-03-04,2026-03-05,0.8,44.0,3,Closed,Yes
TKT004462,CUST_125,East,Portal,Other,High,AGENT_04,2026-04-15,,4.8,25.7,5,Closed,Yes
TKT003784,CUST_007,North,Chat,Account Access,Low,AGENT_02,2026-04-21,2026-04-24,14.9,76.6,5,Closed,Yes
TKT001296,CUST_043,North,Phone,Billing,Medium,AGENT_07,2026-04-21,2026-05-11,8.2,,3,Closed,Yes
TKT003792,CUST_089,South,Phone,Billing,Low,AGENT_15,2026-02-10,2026-02-12,40.7,,1,Resolved,No
TKT004953,CUST_034,West,Chat,Other,Medium,AGENT_09,2026-04-12,,4.2,,,Open,No
TKT002470,CUST_033,West,Chat,Delivery Delay,High,AGENT_13,2026-03-30,,6.8,,,Open,No
TKT004508,CUST_127,West,Phone,Billing,High,AGENT_08,2026-04-30,2026-04-30,5.5,,1,Resolved,Yes
TKT000911,CUST_064,South,Email,Billing,Medium,AGENT_07,2026-02-03,,3.3,,,Open,No
TKT002887,CUST_110,East,Phone,Delivery Delay,Low,AGENT_06,2026-05-18,2026-05-22,39.0,,4,Resolved,Yes
TKT002752,CUST_144,North,Portal,Billing,Critical,AGENT_01,2026-03-16,2026-03-16,1.2,5.2,3,Resolved,Yes
TKT004052,CUST_037,North,Phone,Billing,Medium,AGENT_12,2026-06-29,2026-06-30,15.8,,4,Resolved,Yes
TKT004839,CUST_139,South,Portal,Billing,Medium,AGENT_09,2026-02-02,2026-02-05,12.7,83.7,5,Resolved,Yes
TKT002897,CUST_079,Central,Phone,Damaged Goods,Critical,AGENT_10,2026-03-25,2026-03-25,1.8,,4,Closed,Yes
TKT004117,CUST_121,South,Chat,Billing,Low,AGENT_11,2026-02-23,2026-02-28,10.0,141.4,5,Resolved,Yes
TKT001175,CUST_068,East,Chat,Account Access,Low,AGENT_13,2026-02-02,2026-02-05,22.0,92.2,4,Resolved,Yes
TKT001413,CUST_066,North,Email,Account Access,High,AGENT_04,2026-03-05,,2.7,,,Open,No
TKT004876,CUST_056,North,Phone,Delivery Delay,Medium,AGENT_14,2026-03-28,2026-03-29,20.4,,,Reopened,No
TKT000606,CUST_145,North,Email,Delivery Delay,Medium,AGENT_08,2026-06-23,,19.5,66.5,,Reopened,Yes
TKT002696,CUST_116,North,Chat,Billing,Medium,AGENT_01,2026-04-18,2026-04-19,22.7,27.7,2,Closed,No
TKT001115,CUST_036,North,Email,Other,High,AGENT_11,2026-04-21,2026-04-21,6.7,19.0,4,Resolved,Yes
TKT003506,CUST_088,South,Chat,Billing,Low,AGENT_08,2026-05-21,2026-05-24,9.5,76.3,5,Resolved,Yes
TKT000578,CUST_069,North,Email,Delivery Delay,Low,AGENT_15,2026-06-24,,23.8,,,Open,No
TKT004142,CUST_090,East,Chat,Billing,Medium,AGENT_09,2026-01-06,2026-01-09,13.4,72.2,4,Resolved,Yes
TKT004481,CUST_073,West,Email,Billing,Medium,AGENT_02,2026-05-22,2026-05-23,6.5,29.1,3,Closed,No
TKT000370,CUST_093,Central,Email,Billing,Low,AGENT_03,2026-02-19,2026-02-25,44.0,161.8,4,Resolved,Yes
TKT001074,CUST_030,East,Portal,Billing,High,AGENT_08,2026-05-11,2026-05-11,1.6,11.4,4,Resolved,No
TKT000799,CUST_147,North,Email,Account Access,Low,AGENT_15,2026-05-31,2026-06-01,16.3,32.6,1,Resolved,No
TKT004630,CUST_124,North,Chat,Billing,Low,AGENT_13,2026-06-12,2026-06-14,46.3,50.5,5,Closed,No
TKT002575,CUST_031,North,Email,Damaged Goods,Low,AGENT_01,2026-01-24,2026-01-27,15.5,73.7,2,Resolved,Yes
TKT004881,CUST_085,North,Phone,Other,Medium,AGENT_04,2026-05-15,2026-05-16,18.2,43.9,5,Resolved,Yes
TKT001130,CUST_130,South,Chat,Damaged Goods,High,AGENT_02,2026-01-31,,5.7,22.6,4,Resolved,Yes
TKT001512,CUST_069,Central,Email,Delivery Delay,Medium,AGENT_03,2026-05-06,2026-05-07,7.1,31.5,5,Closed,No
TKT001944,CUST_065,West,Phone,Damaged Goods,High,AGENT_04,2026-04-26,2026-04-26,5.3,,5,Resolved,No
TKT003794,CUST_034,East,Phone,Other,Medium,AGENT_08,2026-02-08,,6.3,,,Open,No
TKT000226,CUST_053,South,Chat,Damaged Goods,Low,AGENT_02,2026-04-16,,41.7,108.0,3,Resolved,Yes
TKT004902,CUST_002,West,Portal,Account Access,Medium,AGENT_07,2026-03-14,2026-04-03,18.7,500.0,4,Resolved,Yes
TKT002414,CUST_093,Central,Email,Damaged Goods,Low,AGENT_07,2026-06-01,2026-06-28,28.1,652.5,4,Resolved,Yes
TKT002106,CUST_073,North,Chat,Delivery Delay,Medium,AGENT_13,2026-05-26,,23.4,,,Open,No
TKT004342,CUST_125,North,Portal,Damaged Goods,Medium,AGENT_10,2026-03-15,,20.1,,,Open,No
TKT003443,CUST_095,Central,Chat,Billing,Low,AGENT_03,2026-03-15,2026-03-17,3.3,61.5,3,Resolved,No
TKT003758,CUST_089,North,Email,Delivery Delay,Low,AGENT_05,2026-06-02,2026-06-04,3.6,64.4,3,Closed,No
TKT001042,CUST_148,West,Chat,Account Access,Medium,AGENT_12,2026-02-02,2026-02-04,3.0,69.5,3,Resolved,Yes
TKT004446,CUST_139,East,Phone,Billing,Low,AGENT_14,2026-02-04,2026-02-06,6.7,,5,Resolved,No
TKT004355,CUST_104,East,Phone,Billing,Medium,AGENT_02,2026-02-13,2026-02-14,9.2,,5,Resolved,No
TKT003686,CUST_071,North,Email,Other,Medium,AGENT_09,2026-03-07,2026-03-10,22.6,88.7,3,Resolved,Yes
TKT001874,CUST_084,West,Chat,Damaged Goods,Medium,AGENT_05,2026-06-10,2026-06-11,20.3,35.6,5,Resolved,No
TKT003204,CUST_110,North,Chat,Billing,Medium,AGENT_15,2026-01-13,2026-01-14,13.3,44.1,5,Closed,Yes
TKT002664,CUST_064,East,Phone,Delivery Delay,High,AGENT_04,2026-03-12,2026-03-12,6.7,,5,Closed,Yes
TKT004909,CUST_094,Central,Chat,Account Access,Medium,AGENT_15,2026-06-20,2026-06-21,2.0,46.2,4,Resolved,Yes
TKT000088,CUST_025,East,Portal,Delivery Delay,High,AGENT_03,2026-05-22,2026-05-22,7.7,10.1,3,Resolved,No
TKT000401,CUST_091,Central,Chat,Other,High,AGENT_15,2026-03-23,2026-03-23,2.9,11.1,3,Closed,No
TKT000776,CUST_090,West,Phone,Account Access,Low,AGENT_07,2026-04-27,2026-06-30,12.7,1556.3,5,Resolved,Yes
TKT003086,CUST_018,Central,Portal,Billing,Critical,AGENT_08,2026-06-05,2026-06-05,1.4,-18.3,5,Resolved,Yes
TKT003380,CUST_147,South,Chat,Other,Low,AGENT_06,2026-02-22,2026-02-23,2.8,46.7,5,Closed,No
TKT004541,CUST_086,West,Email,Other,High,AGENT_10,2026-01-15,2026-01-15,2.5,20.5,5,Resolved,Yes
TKT001596,CUST_117,West,Email,Billing,Medium,AGENT_02,2026-05-18,,23.5,38.6,3,Resolved,Yes
TKT001906,CUST_096,West,Phone,Account Access,Medium,AGENT_03,2026-05-07,,22.6,,,Open,No
TKT003050,CUST_083,East,Chat,Damaged Goods,High,AGENT_02,2026-04-25,2026-04-25,1.7,5.9,5,Resolved,No
TKT004353,CUST_147,West,Email,Billing,Low,AGENT_10,2026-02-22,,18.2,121.8,4,Resolved,Yes
TKT002557,CUST_094,West,Email,Delivery Delay,High,AGENT_09,2026-02-04,,0.9,19.0,3,Resolved,Yes
TKT004203,CUST_065,Central,Chat,Delivery Delay,High,AGENT_14,2026-06-24,2026-06-25,6.7,30.2,,Reopened,Yes
TKT003322,CUST_111,Central,Chat,Billing,Medium,AGENT_08,2026-05-24,2026-05-27,16.6,86.2,,Reopened,Yes
TKT001051,CUST_004,East,Chat,Billing,Critical,AGENT_14,2026-04-24,2026-04-24,1.3,4.7,2,Resolved,Yes
TKT003411,CUST_016,Central,Phone,Damaged Goods,High,AGENT_12,2026-05-20,2026-05-20,6.9,9.5,5,Resolved,No
TKT004069,CUST_032,West,Email,Other,Medium,AGENT_12,2026-04-12,2026-04-12,8.6,15.8,3,Closed,No
TKT001483,CUST_034,West,Email,Billing,Critical,AGENT_08,2026-06-04,2026-06-04,1.2,3.7,4,Resolved,No
TKT000352,CUST_072,West,Phone,Billing,Medium,AGENT_11,2026-04-01,2026-04-02,1.6,,5,Resolved,No
TKT000027,CUST_137,West,Chat,Damaged Goods,Low,AGENT_06,2026-05-03,2026-05-08,8.2,131.0,,Reopened,Yes
TKT004027,CUST_021,East,Chat,Delivery Delay,Medium,AGENT_09,2026-02-09,2026-02-10,0.7,26.4,,Reopened,No
TKT003033,CUST_131,South,Portal,Billing,Low,AGENT_12,2026-04-05,2026-04-10,32.8,132.5,5,Resolved,Yes
TKT001602,CUST_044,North,Chat,Delivery Delay,High,AGENT_08,2026-06-18,2026-06-19,5.7,25.1,3,Resolved,Yes
TKT003080,CUST_150,West,Chat,Billing,High,AGENT_14,2026-06-27,2026-06-27,7.7,14.9,2,Closed,Yes
TKT003106,CUST_107,North,Email,Billing,Medium,AGENT_10,2026-01-09,2026-01-10,2.6,35.4,4,Resolved,No
TKT003764,CUST_008,West,Email,Delivery Delay,Medium,AGENT_05,2026-04-20,2026-04-22,5.5,64.4,3,Closed,Yes
TKT000588,CUST_075,West,Email,Delivery Delay,High,AGENT_10,2026-05-27,2026-05-28,5.1,27.0,3,Resolved,Yes
TKT004381,CUST_107,Central,Chat,Account Access,High,AGENT_06,2026-04-28,2026-04-28,3.6,16.9,3,Resolved,Yes
TKT003839,CUST_078,East,Email,Delivery Delay,Medium,AGENT_15,2026-05-16,,13.6,72.2,5,Resolved,Yes
TKT002443,CUST_063,West,Chat,Damaged Goods,Low,AGENT_03,2026-04-26,2026-05-01,6.3,121.9,4,Resolved,Yes
TKT002618,CUST_095,Central,Portal,Damaged Goods,High,AGENT_04,2026-02-11,2026-02-12,5.5,24.7,3,Closed,Yes
TKT000810,CUST_045,East,Portal,Delivery Delay,Medium,AGENT_02,2026-02-19,,10.6,,,Open,No
TKT000335,CUST_135,West,Email,Billing,Low,AGENT_03,2026-05-18,,17.4,,,Open,No
TKT004322,CUST_026,North,Portal,Billing,Low,AGENT_11,2026-04-15,2026-04-21,37.5,152.3,5,Closed,Yes
TKT000215,CUST_122,East,Chat,Other,Medium,AGENT_01,2026-06-02,2026-06-02,8.3,23.5,5,Resolved,No
TKT002896,CUST_109,Central,Portal,Account Access,Medium,AGENT_10,2026-02-21,,14.0,,,Open,No
TKT000766,CUST_036,North,Phone,Other,Medium,AGENT_10,2026-02-27,2026-03-01,8.5,,3,Resolved,Yes
TKT002589,CUST_128,Central,Portal,Billing,Medium,AGENT_11,2026-01-02,,4.9,,,Open,No
TKT001498,CUST_100,East,Phone,Delivery Delay,High,AGENT_06,2026-05-13,,5.5,,5,Resolved,Yes
TKT004886,CUST_138,South,Phone,Delivery Delay,High,AGENT_13,2026-01-11,2026-01-11,2.8,,1,Resolved,No
TKT003138,CUST_146,West,Chat,Account Access,High,AGENT_15,2026-05-30,2026-05-31,4.4,25.0,4,Resolved,Yes
TKT003130,CUST_009,West,Phone,Damaged Goods,Low,AGENT_03,2026-06-01,2026-06-02,7.6,,4,Resolved,No
TKT000755,CUST_091,Central,Chat,Account Access,Low,AGENT_13,2026-01-01,2026-01-05,46.1,106.9,1,Resolved,Yes
TKT004652,CUST_004,Central,Email,Billing,Low,AGENT_06,2026-04-14,2026-04-19,37.4,142.6,3,Resolved,Yes
TKT001059,CUST_093,West,Portal,Account Access,Critical,AGENT_15,2026-05-07,,1.3,,,Open,No
TKT000522,CUST_144,North,Email,Damaged Goods,Critical,AGENT_10,2026-06-27,,0.9,5.2,5,Resolved,Yes
TKT003459,CUST_013,Central,Chat,Damaged Goods,Low,AGENT_14,2026-05-03,2026-05-06,0.9,77.3,3,Resolved,Yes
TKT000742,CUST_059,West,Phone,Other,Medium,AGENT_01,,,15.9,,4,Resolved,Yes
TKT003960,CUST_063,East,Email,Billing,High,AGENT_03,2026-05-11,2026-05-11,1.0,10.5,5,Resolved,No
TKT002561,CUST_090,East,Portal,Other,High,AGENT_07,2026-05-03,2026-05-12,4.6,227.8,5,Resolved,Yes
TKT001626,CUST_103,North,Email,Billing,Low,AGENT_03,2026-01-09,2026-01-15,29.2,158.5,2,Resolved,Yes
TKT000893,CUST_057,South,Phone,Damaged Goods,Medium,AGENT_15,2026-01-03,2026-01-03,6.6,,5,Resolved,No
TKT003362,CUST_019,North,Email,Other,Medium,AGENT_14,2026-04-21,,15.2,,,Open,No
TKT004591,CUST_130,South,Email,Billing,Medium,AGENT_14,2026-04-26,,6.1,,,Open,No
TKT003454,CUST_002,West,Chat,Billing,Medium,AGENT_05,2026-05-17,2026-05-20,20.3,77.6,,Reopened,Yes
TKT004493,CUST_037,North,Email,Billing,Low,AGENT_08,2026-03-19,2026-03-21,0.6,-17.0,5,Resolved,No
TKT001640,CUST_054,North,Portal,Billing,Medium,AGENT_03,2026-02-04,2026-02-06,10.1,67.2,5,Resolved,Yes
TKT004375,CUST_131,East,Chat,Billing,Low,AGENT_05,2026-03-19,,16.3,,,Open,No
TKT003038,CUST_143,West,Email,Account Access,High,AGENT_04,2026-02-12,,1.8,,,Open,No
TKT003043,CUST_150,South,Email,Other,Low,AGENT_14,2026-02-26,,32.7,99.0,5,Resolved,Yes
TKT002096,CUST_028,South,Phone,Account Access,High,AGENT_15,2026-03-07,,2.3,,,Open,No
TKT003538,CUST_014,North,Email,Account Access,Low,AGENT_10,2026-03-20,2026-03-24,36.3,113.8,,Reopened,Yes
TKT004158,CUST_126,West,Portal,Account Access,Medium,AGENT_13,2026-06-28,2026-07-01,15.2,82.0,4,Resolved,Yes
TKT001995,CUST_052,Central,Phone,Delivery Delay,Medium,AGENT_12,2026-01-21,2026-01-23,7.6,,5,Closed,Yes
TKT004189,CUST_053,Central,Email,Other,High,AGENT_15,2026-05-24,,1.9,,,Open,No
TKT000110,CUST_016,North,Phone,Delivery Delay,Low,AGENT_09,2026-03-15,2026-03-15,4.0,,4,Resolved,No
TKT003376,CUST_069,West,Chat,Other,High,AGENT_15,2026-06-10,,7.2,,,Open,No
TKT004835,CUST_059,South,Phone,Delivery Delay,Critical,AGENT_05,2026-04-09,2026-04-09,1.1,,2,Resolved,Yes
TKT001001,CUST_145,North,Chat,Billing,Low,AGENT_01,2026-05-05,2026-05-10,39.2,140.9,5,Closed,Yes
TKT003005,CUST_116,East,Email,Delivery Delay,Medium,AGENT_09,2026-01-07,2026-01-09,8.8,67.1,,Reopened,Yes
TKT000463,CUST_044,South,Chat,Delivery Delay,Low,AGENT_03,2026-04-10,2026-04-15,25.2,136.4,,Reopened,Yes
TKT001390,CUST_051,North,Chat,Delivery Delay,Medium,AGENT_14,,,22.5,,,Open,No
TKT001479,CUST_077,West,Email,Other,High,AGENT_14,2026-05-30,,1.9,,,Open,No
TKT003127,CUST_044,West,Email,Delivery Delay,Low,AGENT_09,2026-05-12,2026-05-19,31.1,172.2,4,Resolved,Yes
TKT001087,CUST_027,Central,Email,Damaged Goods,High,AGENT_15,2026-06-07,2026-06-08,7.5,26.3,4,Closed,Yes
TKT002011,CUST_020,Central,Portal,Other,High,AGENT_10,2026-05-09,2026-05-09,5.8,19.1,5,Resolved,Yes
TKT004577,CUST_069,West,Phone,Delivery Delay,Critical,AGENT_09,2026-02-08,2026-02-08,2.0,6.2,,Reopened,Yes
TKT000820,CUST_070,East,Phone,Delivery Delay,Low,AGENT_08,2026-04-30,,30.2,,,Open,No
TKT000712,CUST_055,North,Chat,Account Access,Medium,AGENT_11,2026-02-02,2026-02-04,13.2,60.2,5,Resolved,Yes
TKT003581,CUST_002,West,Chat,Delivery Delay,Medium,AGENT_07,2026-05-06,2026-05-22,12.9,389.7,1,Resolved,Yes
TKT004510,CUST_096,West,Email,Other,Medium,AGENT_06,2026-04-21,2026-04-24,0.8,72.1,5,Resolved,Yes
TKT000685,CUST_126,East,Email,Billing,Medium,AGENT_12,2026-02-16,2026-02-16,6.0,18.6,,Reopened,No
TKT002605,CUST_016,North,Email,Damaged Goods,Low,AGENT_13,2026-03-01,2026-03-03,36.0,55.8,4,Resolved,No
TKT003097,CUST_006,Central,Chat,Delivery Delay,Low,AGENT_07,2026-04-05,2026-04-12,16.8,180.7,3,Closed,Yes
TKT000864,CUST_010,North,Chat,Delivery Delay,Low,AGENT_06,2026-06-19,,6.2,,,Open,No
TKT000004,CUST_149,West,Portal,Billing,Medium,AGENT_09,2026-02-21,2026-02-21,8.5,20.7,5,Resolved,No
TKT003133,CUST_043,North,Email,Account Access,Critical,AGENT_08,2026-03-13,2026-03-13,1.9,4.4,5,Resolved,Yes
TKT001449,CUST_145,North,Email,Delivery Delay,Low,AGENT_14,2026-02-28,2026-03-06,25.2,158.7,4,Resolved,Yes
TKT004967,CUST_021,East,Email,Damaged Goods,Low,AGENT_15,2026-06-20,2026-06-22,24.7,57.8,1,Resolved,No
TKT002822,CUST_116,East,Phone,Damaged Goods,High,AGENT_01,2026-06-18,2026-06-18,8.0,11.1,4,Resolved,No
TKT002397,CUST_054,East,Phone,Account Access,High,AGENT_06,2026-01-16,2026-01-17,7.4,,4,Resolved,Yes
TKT002009,CUST_080,East,Chat,Delivery Delay,Low,AGENT_04,2026-06-17,,40.7,,,Open,No
TKT004263,CUST_016,East,Email,Delivery Delay,Critical,AGENT_10,2026-05-17,,1.1,6.9,2,Resolved,Yes
TKT001333,CUST_119,West,Chat,Account Access,Low,AGENT_07,2026-03-12,2026-03-29,12.5,415.4,4,Resolved,Yes
TKT004728,CUST_076,South,Phone,Damaged Goods,Low,AGENT_01,2026-06-11,2026-06-13,36.9,,5,Resolved,No
TKT000286,CUST_033,West,Phone,Account Access,Medium,AGENT_15,2026-03-12,2026-03-14,5.7,,,Reopened,Yes
TKT001825,CUST_108,Central,Chat,Billing,Medium,AGENT_03,2026-06-25,2026-06-26,17.5,24.9,5,Resolved,No
TKT003749,CUST_047,North,Phone,Delivery Delay,High,AGENT_05,2026-02-09,2026-02-09,0.7,,5,Closed,No
TKT004606,CUST_013,South,Chat,Damaged Goods,Medium,AGENT_08,2026-03-30,2026-03-30,5.2,18.9,3,Resolved,No
TKT001370,CUST_110,South,Phone,Damaged Goods,Medium,AGENT_03,2026-05-19,2026-05-20,3.3,,3,Resolved,No
TKT002885,CUST_066,South,Chat,Delivery Delay,Medium,AGENT_12,2026-01-19,2026-01-22,17.6,72.5,5,Resolved,Yes
TKT004444,CUST_132,South,Portal,Account Access,High,AGENT_07,2026-03-08,,6.3,188.1,4,Resolved,Yes
TKT004016,CUST_097,Central,Phone,Billing,Low,AGENT_12,2026-05-19,2026-05-19,6.4,,5,Resolved,No
TKT001034,CUST_051,East,Email,Billing,Medium,AGENT_08,2026-01-18,2026-01-21,9.4,77.3,5,Closed,Yes
TKT000889,CUST_089,West,Phone,Billing,Low,AGENT_15,2026-04-02,2026-04-07,30.3,,4,Resolved,Yes
TKT002516,CUST_136,Central,Email,Billing,Medium,AGENT_08,2026-06-30,,0.5,,,Open,No
TKT003155,CUST_029,East,Chat,Delivery Delay,High,AGENT_02,2026-06-25,2026-06-26,7.8,27.1,5,Resolved,Yes
TKT001620,CUST_089,West,Email,Other,High,AGENT_01,2026-02-02,2026-02-02,0.6,16.7,4,Resolved,Yes
TKT004936,CUST_057,Central,Email,Billing,Medium,AGENT_14,2026-03-16,2026-03-17,9.0,31.7,4,Closed,No
TKT003365,CUST_147,South,Phone,Account Access,High,AGENT_09,2026-01-15,,1.4,,,Open,No
TKT002460,CUST_093,Central,Phone,Billing,Medium,AGENT_05,2026-01-24,2026-01-26,3.7,,3,Resolved,Yes
TKT002900,CUST_097,Central,Phone,Delivery Delay,Low,AGENT_08,2026-06-17,2026-06-21,42.0,110.7,5,Resolved,Yes
TKT000388,CUST_036,East,Chat,Delivery Delay,Medium,AGENT_12,2026-03-01,2026-03-02,16.7,-8.3,,Reopened,No
TKT003667,CUST_102,West,Email,Billing,Low,AGENT_10,2026-06-18,2026-06-20,5.8,65.0,4,Resolved,No
TKT004741,CUST_118,South,Email,Account Access,High,AGENT_13,2026-06-25,2026-06-25,0.9,3.7,5,Resolved,No
TKT002758,CUST_003,Central,Chat,Delivery Delay,Medium,AGENT_07,2026-04-02,2026-04-15,22.3,312.1,,Reopened,Yes
TKT002783,CUST_123,Central,Portal,Billing,Low,AGENT_11,2026-06-05,,43.7,174.8,5,Closed,Yes
TKT003183,CUST_087,North,Portal,Damaged Goods,Critical,AGENT_11,2026-06-11,2026-06-11,1.6,7.2,4,Resolved,Yes
TKT000594,CUST_123,South,Phone,Billing,Medium,AGENT_01,2026-02-08,2026-02-08,4.6,,4,Resolved,No
TKT001484,CUST_067,East,Portal,Delivery Delay,Medium,AGENT_05,2026-05-02,2026-05-04,7.7,-5.5,4,Resolved,Yes
TKT001565,CUST_085,Central,Phone,Billing,High,AGENT_12,2026-01-13,,1.2,,,Open,No
TKT001191,CUST_082,West,Email,Billing,Low,AGENT_01,2026-01-26,2026-01-28,34.5,60.4,2,Resolved,No
TKT004144,CUST_034,South,Chat,Damaged Goods,Medium,AGENT_01,2026-02-18,,21.3,38.9,5,Resolved,Yes
TKT000455,CUST_091,South,Portal,Damaged Goods,Low,AGENT_03,2026-01-30,2026-02-04,14.4,-2.6,5,Resolved,Yes
TKT003274,CUST_125,Central,Chat,Account Access,Critical,AGENT_07,2026-01-09,2026-01-11,1.1,49.5,3,Resolved,Yes
TKT002021,CUST_074,South,Email,Account Access,Critical,AGENT_08,2026-05-09,2026-05-09,1.4,6.7,2,Resolved,Yes
TKT003051,CUST_085,South,Email,Delivery Delay,Medium,AGENT_03,2026-06-22,2026-06-23,4.6,41.0,4,Resolved,Yes
TKT004796,CUST_019,East,Email,Account Access,Critical,AGENT_06,2026-01-12,2026-01-12,1.4,5.9,5,Resolved,Yes
TKT000659,CUST_148,North,Phone,Delivery Delay,High,AGENT_08,2026-01-10,2026-01-10,2.5,12.6,5,Resolved,Yes
TKT001178,CUST_104,West,Phone,Account Access,Medium,AGENT_15,2026-02-25,,4.5,,,Open,No
TKT000817,CUST_136,West,Email,Damaged Goods,Low,AGENT_04,2026-02-17,2026-02-22,7.4,133.3,4,Closed,Yes
TKT004900,CUST_136,North,Chat,Billing,Medium,AGENT_07,2026-02-15,2026-02-22,9.2,183.8,5,Closed,Yes
TKT003298,CUST_127,Central,Chat,Account Access,Low,AGENT_14,2026-02-13,2026-02-17,32.3,96.6,4,Closed,Yes
TKT002402,CUST_145,South,Chat,Billing,Medium,AGENT_06,2026-03-05,2026-03-06,1.6,31.0,4,Closed,No
TKT002996,CUST_148,West,Email,Account Access,High,AGENT_15,2026-06-11,2026-06-11,7.0,13.6,,Reopened,Yes
TKT002991,CUST_094,South,Chat,Other,Critical,AGENT_01,2026-05-12,,1.0,5.9,5,Resolved,Yes
TKT001982,CUST_038,South,Portal,Billing,Medium,AGENT_05,2026-06-18,2026-06-18,1.5,13.7,4,Resolved,No
TKT000146,CUST_132,West,Chat,Billing,Medium,AGENT_03,2026-04-04,,2.9,,,Open,No
TKT002247,CUST_055,Central,Chat,Damaged Goods,Medium,AGENT_14,2026-02-08,,16.5,,,Open,No
TKT004587,CUST_090,East,Chat,Delivery Delay,Medium,AGENT_04,2026-02-06,2026-02-08,9.0,48.7,5,Resolved,Yes
TKT004325,CUST_024,East,Phone,Other,Low,AGENT_06,2026-02-27,2026-02-28,34.0,,1,Closed,No
TKT003438,CUST_071,North,Chat,Delivery Delay,Low,AGENT_10,2026-06-07,2026-06-10,5.2,90.4,3,Resolved,Yes
TKT004923,CUST_118,West,Portal,Billing,Low,AGENT_13,2026-05-21,2026-05-23,23.4,64.5,,Reopened,No
TKT001552,CUST_038,East,Phone,Billing,Low,AGENT_11,2026-03-10,2026-03-12,35.0,,5,Resolved,No
TKT001633,CUST_126,North,Email,Damaged Goods,Low,AGENT_10,2026-02-13,2026-02-16,45.2,88.5,3,Closed,Yes
TKT002479,CUST_018,Central,Chat,Billing,Critical,AGENT_11,2026-01-15,,2.0,,,Open,No
TKT001169,CUST_059,West,Phone,Damaged Goods,High,AGENT_13,2026-05-04,2026-05-04,6.2,,4,Resolved,Yes
TKT002839,CUST_067,Central,Phone,Delivery Delay,High,AGENT_14,2026-04-11,2026-04-11,6.3,,5,Closed,Yes
TKT004988,CUST_094,East,Email,Damaged Goods,High,AGENT_11,2026-01-08,2026-01-09,2.5,26.3,5,Resolved,Yes
TKT004518,CUST_071,West,Email,Damaged Goods,High,AGENT_13,2026-04-15,2026-04-15,4.2,19.9,,Reopened,Yes
TKT004082,CUST_139,Central,Phone,Billing,Medium,AGENT_12,2026-05-15,2026-05-17,10.1,,4,Resolved,Yes
TKT000544,CUST_040,East,Email,Damaged Goods,Critical,AGENT_13,2026-06-22,2026-06-22,1.0,6.1,4,Closed,Yes
TKT004961,CUST_013,Central,Chat,Billing,Medium,AGENT_11,2026-02-19,2026-02-20,3.2,25.2,5,Resolved,No
TKT003728,CUST_027,North,Email,Damaged Goods,Low,AGENT_15,2026-05-10,2026-05-13,6.6,75.6,4,Resolved,Yes
TKT000834,CUST_038,West,Email,Delivery Delay,Low,AGENT_14,2026-06-16,2026-06-21,19.1,132.7,1,Resolved,Yes
TKT002241,CUST_007,North,Portal,Other,Low,AGENT_14,2026-05-02,,23.0,,,Open,No
TKT001085,CUST_022,South,Email,Billing,Low,AGENT_08,2026-02-15,2026-02-17,30.8,48.8,5,Resolved,No
TKT004057,CUST_041,South,Email,Billing,Low,AGENT_11,2026-06-22,2026-06-25,16.2,88.9,4,Resolved,Yes
TKT002190,CUST_012,South,Email,Account Access,Low,AGENT_08,2026-04-18,,23.6,92.5,5,Resolved,Yes
TKT000301,CUST_023,West,Chat,Billing,Low,AGENT_13,2026-05-19,2026-05-24,31.1,143.5,4,Resolved,Yes
TKT002331,CUST_085,East,Email,Billing,Low,AGENT_12,2026-01-23,2026-01-28,4.5,142.3,4,Resolved,Yes
TKT003516,CUST_044,West,Phone,Account Access,Medium,AGENT_12,2026-06-01,2026-06-03,9.6,,5,Resolved,Yes
TKT004171,CUST_129,Central,Chat,Delivery Delay,Low,AGENT_11,2026-03-22,,47.3,,,Open,No
TKT004148,CUST_139,North,Phone,Billing,High,AGENT_01,2026-05-17,2026-05-17,7.7,,4,Resolved,Yes
TKT002950,CUST_141,South,Chat,Billing,Low,AGENT_07,2026-01-03,2026-02-26,48.0,1298.3,5,Resolved,Yes
TKT004586,CUST_050,South,Email,Delivery Delay,Low,AGENT_01,2026-02-21,2026-02-23,41.6,66.4,3,Resolved,No
TKT004594,CUST_084,East,Email,Account Access,Medium,AGENT_12,2026-02-09,,1.3,29.7,,Reopened,No
TKT001627,CUST_014,North,Portal,Billing,High,AGENT_08,2026-04-04,2026-04-04,4.1,6.3,4,Resolved,No
TKT004486,CUST_021,North,Chat,Delivery Delay,Low,AGENT_08,2026-03-23,,25.6,80.9,5,Closed,Yes
TKT000109,CUST_069,South,Phone,Other,Low,AGENT_08,2026-05-23,,3.5,,,Open,No
TKT000079,CUST_118,South,Email,Damaged Goods,Medium,AGENT_09,2026-05-13,2026-05-15,10.8,60.7,5,Resolved,Yes
TKT000643,CUST_106,South,Email,Billing,Medium,AGENT_04,2026-05-27,2026-05-28,16.3,37.0,5,Closed,Yes
TKT002535,CUST_140,East,Chat,Account Access,Critical,AGENT_11,2026-03-19,,1.2,,,Open,No
TKT002306,CUST_134,Central,Chat,Damaged Goods,Low,AGENT_09,2026-03-17,,27.4,,,Open,No
TKT004884,CUST_057,East,Chat,Damaged Goods,Medium,AGENT_08,2026-04-27,2026-04-28,12.1,-13.3,,Reopened,No
TKT002684,CUST_129,Central,Email,Billing,Medium,AGENT_14,2026-04-03,2026-04-04,15.0,31.9,5,Resolved,No
TKT002261,CUST_143,East,Email,Delivery Delay,Critical,AGENT_07,2026-06-20,2026-06-22,1.5,70.9,3,Resolved,Yes
TKT000957,CUST_102,South,Chat,Delivery Delay,Low,AGENT_14,2026-01-09,,8.7,69.4,3,Resolved,No
TKT001926,CUST_126,North,Chat,Delivery Delay,High,AGENT_13,2026-06-06,2026-06-07,7.2,26.0,5,Resolved,Yes
TKT000793,CUST_088,West,Email,Billing,Medium,AGENT_03,2026-01-21,2026-01-23,22.3,71.5,3,Closed,Yes
TKT004940,CUST_081,South,Phone,Account Access,Low,AGENT_09,2026-01-17,2026-01-21,8.7,103.7,3,Resolved,Yes
TKT004972,CUST_091,South,Phone,Damaged Goods,High,AGENT_09,2026-06-29,2026-06-29,1.2,,5,Closed,Yes
TKT003857,CUST_032,North,Phone,Damaged Goods,Medium,AGENT_10,2026-04-15,2026-04-16,8.1,44.9,5,Resolved,Yes
TKT002471,CUST_048,South,Email,Billing,Medium,AGENT_06,2026-03-24,2026-03-27,5.3,76.2,4,Resolved,Yes
TKT001439,CUST_057,East,Chat,Delivery Delay,High,AGENT_11,2026-04-26,2026-04-26,6.7,22.1,5,Resolved,Yes
TKT001071,CUST_010,West,Phone,Billing,Medium,AGENT_09,2026-05-29,,22.0,,5,Resolved,No
TKT002036,CUST_091,Central,Email,Damaged Goods,High,AGENT_13,2026-01-19,2026-01-19,4.1,13.2,4,Closed,Yes
TKT002360,CUST_068,West,Phone,Delivery Delay,Low,AGENT_06,2026-02-11,2026-02-13,6.0,,2,Resolved,No
TKT003255,CUST_051,North,Email,Other,Low,AGENT_08,2026-03-19,2026-03-23,20.8,102.5,4,Closed,Yes
TKT004533,CUST_124,South,Chat,Delivery Delay,Low,AGENT_07,2026-06-26,2026-07-26,14.7,729.0,2,Resolved,Yes
TKT002889,CUST_141,East,Email,Delivery Delay,Low,AGENT_07,2026-02-17,2026-04-23,8.6,1565.9,5,Resolved,Yes
TKT000550,CUST_140,North,Chat,Delivery Delay,High,AGENT_10,2026-05-31,2026-05-31,2.3,14.7,5,Resolved,Yes
TKT004813,CUST_061,South,Chat,Account Access,Medium,AGENT_11,2026-06-23,,18.9,51.9,2,Resolved,Yes
TKT003671,CUST_045,North,Email,Delivery Delay,Low,AGENT_04,2026-02-01,2026-02-02,14.3,45.6,5,Resolved,No
TKT002351,CUST_044,South,Chat,Account Access,Low,AGENT_13,2026-03-04,2026-03-04,7.9,21.7,2,Closed,No
TKT002155,CUST_055,East,Phone,Other,Medium,AGENT_10,2026-06-17,2026-06-18,1.6,43.3,3,Resolved,Yes
TKT003768,CUST_124,West,Email,Billing,High,AGENT_08,2026-03-24,2026-03-25,2.0,24.5,5,Resolved,Yes
TKT003662,CUST_133,East,Phone,Other,Medium,AGENT_09,2026-01-22,2026-01-23,2.0,39.7,,Reopened,Yes
TKT004373,CUST_106,Central,Chat,Billing,Low,AGENT_02,2026-04-19,,24.7,,,Open,No
TKT000734,CUST_078,West,Portal,Other,High,AGENT_14,2026-01-15,,2.2,,,Open,No
TKT001555,CUST_060,North,Email,Delivery Delay,Low,AGENT_08,2026-04-04,,36.6,101.6,3,Resolved,Yes
TKT004179,CUST_003,South,Chat,Delivery Delay,Low,AGENT_13,2026-02-25,,1.7,47.3,3,Closed,No
TKT001458,CUST_046,Central,Chat,Delivery Delay,High,AGENT_04,2026-06-02,2026-06-02,7.4,21.0,3,Resolved,Yes
TKT002222,CUST_093,East,Email,Delivery Delay,Medium,AGENT_11,2026-05-18,2026-05-20,12.2,59.9,1,Resolved,Yes
TKT001917,CUST_031,South,Portal,Billing,Critical,AGENT_05,2026-03-20,2026-03-20,1.9,7.1,5,Resolved,Yes
TKT001932,CUST_070,North,Chat,Damaged Goods,Medium,AGENT_02,2026-03-29,,19.6,85.6,5,Resolved,Yes
TKT001661,CUST_037,Central,Phone,Account Access,Medium,AGENT_03,2026-06-30,,7.3,43.0,5,Resolved,Yes
TKT000494,CUST_149,Central,Portal,Delivery Delay,High,AGENT_03,2026-04-11,2026-04-11,2.8,8.7,5,Resolved,No
TKT000428,CUST_007,South,Chat,Billing,High,AGENT_15,2026-02-06,,1.4,24.3,5,Resolved,Yes
TKT002138,CUST_100,West,Email,Delivery Delay,Low,AGENT_06,2026-03-29,2026-04-01,11.1,89.1,5,Resolved,Yes
TKT002462,CUST_099,North,Email,Delivery Delay,Critical,AGENT_11,2026-06-30,2026-06-30,1.5,6.9,4,Resolved,Yes
TKT003881,CUST_044,West,Chat,Account Access,Medium,AGENT_07,2026-06-11,2026-06-29,20.8,438.6,3,Resolved,Yes
TKT001734,CUST_073,East,Email,Delivery Delay,Critical,AGENT_12,2026-02-09,2026-02-09,1.7,5.7,4,Resolved,Yes
TKT003217,CUST_111,East,Portal,Account Access,Medium,AGENT_15,2026-03-08,,14.3,26.9,3,Resolved,No
TKT003772,CUST_038,South,Phone,Billing,Low,AGENT_04,2026-06-24,2026-06-30,17.3,,4,Resolved,Yes
TKT003186,CUST_041,South,Email,Delivery Delay,Low,AGENT_05,2026-03-15,2026-03-18,3.1,94.6,,Reopened,Yes
TKT001889,CUST_043,Central,Chat,Damaged Goods,Medium,AGENT_05,2026-04-23,2026-04-24,12.6,24.8,3,Resolved,No
TKT002146,CUST_126,West,Email,Damaged Goods,Low,AGENT_13,2026-04-14,2026-04-21,41.6,177.2,4,Resolved,Yes
TKT003334,CUST_077,West,Portal,Delivery Delay,Medium,AGENT_05,2026-05-11,2026-05-12,23.9,37.2,5,Resolved,Yes
TKT001216,CUST_018,South,Chat,Billing,Low,AGENT_04,2026-04-24,,4.7,,,Open,No
TKT003359,CUST_002,South,Chat,Delivery Delay,High,AGENT_15,2026-06-18,2026-06-18,6.9,14.7,5,Closed,Yes
TKT004095,CUST_113,West,Portal,Account Access,Low,AGENT_02,2026-03-08,,11.0,,,Open,No
TKT003279,CUST_100,West,Phone,Delivery Delay,High,AGENT_07,2026-06-23,,4.8,,5,Resolved,Yes
TKT001757,CUST_141,South,Email,Delivery Delay,Medium,AGENT_12,2026-01-08,2026-01-10,4.0,52.3,1,Resolved,Yes
TKT004393,CUST_049,South,Chat,Other,Medium,AGENT_01,2026-06-10,,1.1,,,Open,No
TKT002508,CUST_024,North,Chat,Delivery Delay,High,AGENT_10,2026-03-22,2026-03-22,6.2,11.1,5,Resolved,No
TKT002099,CUST_035,West,Chat,Billing,Medium,AGENT_02,2026-02-09,2026-02-10,8.4,46.0,4,Closed,Yes
TKT001709,CUST_107,North,Email,Billing,Low,AGENT_15,2026-06-26,,28.6,81.0,5,Resolved,Yes
TKT000715,CUST_099,South,Chat,Damaged Goods,Critical,AGENT_14,2026-05-02,,1.2,4.7,4,Resolved,Yes
TKT002235,CUST_020,Central,Email,Delivery Delay,High,AGENT_03,2026-06-25,2026-06-25,1.8,13.0,,Reopened,Yes
TKT000620,CUST_131,North,Email,Account Access,Critical,AGENT_06,2026-02-04,2026-02-04,1.3,3.9,3,Resolved,No
TKT004275,CUST_087,South,Email,Billing,High,AGENT_10,2026-06-04,2026-06-04,1.7,16.2,3,Resolved,Yes
TKT001097,CUST_018,East,Phone,Account Access,Medium,AGENT_10,2026-04-04,,22.7,,4,Resolved,Yes
TKT003579,CUST_087,West,Chat,Damaged Goods,Low,AGENT_13,2026-06-18,2026-06-21,42.8,83.0,5,Resolved,Yes
TKT000677,CUST_114,Central,Email,Damaged Goods,Low,AGENT_06,2026-04-02,2026-04-03,29.9,33.5,5,Closed,No
TKT003897,CUST_039,North,Portal,Delivery Delay,Medium,AGENT_12,2026-01-03,,7.0,51.2,4,Resolved,Yes
TKT002567,CUST_004,North,Phone,Damaged Goods,Low,AGENT_05,2026-01-24,2026-01-28,6.5,,4,Resolved,Yes
TKT003820,CUST_102,North,Portal,Damaged Goods,Low,AGENT_08,2026-06-20,2026-06-27,42.5,186.3,4,Resolved,Yes
TKT003636,CUST_134,East,Portal,Billing,Low,AGENT_09,2026-05-22,2026-05-27,25.9,137.1,5,Resolved,Yes
TKT003564,CUST_075,Central,Chat,Delivery Delay,High,AGENT_01,2026-06-12,2026-06-12,2.5,18.0,4,Resolved,Yes
TKT002745,CUST_101,North,Phone,Other,Critical,AGENT_07,2026-04-01,2026-04-02,0.7,,3,Resolved,Yes
TKT004328,CUST_060,East,Portal,Other,Medium,AGENT_14,2026-03-23,2026-03-24,18.4,38.1,4,Resolved,Yes
TKT002337,CUST_139,North,Phone,Billing,Medium,AGENT_13,2026-06-17,2026-06-18,12.5,,2,Closed,Yes
TKT003248,CUST_138,South,Portal,Billing,Low,AGENT_08,2026-04-29,2026-05-04,12.0,134.3,5,Closed,Yes
TKT000364,CUST_013,Central,Email,Delivery Delay,High,AGENT_15,2026-05-01,2026-05-01,1.8,16.4,1,Resolved,Yes
TKT004485,CUST_053,West,Email,Billing,Critical,AGENT_09,2026-06-15,2026-06-15,1.6,6.2,4,Resolved,Yes
TKT001993,CUST_032,Central,Chat,Billing,High,AGENT_11,2026-03-22,2026-03-22,0.6,3.4,4,Resolved,No
TKT002424,CUST_071,North,Portal,Account Access,Medium,AGENT_10,2026-06-03,2026-06-04,7.5,42.6,2,Closed,Yes
TKT001605,CUST_056,South,Email,Account Access,Medium,AGENT_04,2026-05-21,2026-05-24,19.3,90.9,5,Resolved,Yes
TKT000509,CUST_044,West,Portal,Other,Medium,AGENT_07,2026-06-30,2026-07-09,3.0,216.2,4,Closed,Yes
TKT003261,CUST_097,North,Portal,Account Access,High,AGENT_02,2026-05-24,2026-05-24,2.2,16.9,,Reopened,Yes
TKT003729,CUST_118,Central,Chat,Billing,High,AGENT_10,2026-05-20,2026-05-20,6.9,12.7,4,Resolved,Yes
TKT004046,CUST_018,Central,Portal,Account Access,Medium,AGENT_11,2026-03-17,2026-03-17,10.8,15.0,3,Resolved,No
TKT004314,CUST_105,Central,Chat,Other,Low,AGENT_13,2026-05-28,2026-06-02,6.3,123.2,5,Resolved,Yes
TKT002970,CUST_068,South,Email,Billing,Low,AGENT_07,2026-01-21,2026-02-25,37.6,-18.2,5,Resolved,Yes
TKT000782,CUST_105,West,Portal,Account Access,Medium,AGENT_05,2026-06-16,,0.7,42.6,2,Closed,Yes
TKT002545,CUST_065,South,Email,Billing,Medium,AGENT_12,2026-05-29,2026-06-01,23.0,82.7,5,Closed,Yes
TKT000748,CUST_071,North,Email,Delivery Delay,Low,AGENT_12,2026-02-03,2026-02-03,3.3,10.4,4,Closed,No
TKT003890,CUST_081,South,Chat,Delivery Delay,Medium,AGENT_07,2026-02-26,2026-03-12,9.5,338.9,5,Resolved,Yes
TKT004771,CUST_124,South,Chat,Delivery Delay,Low,AGENT_15,,2026-04-26,2.2,96.4,4,Resolved,Yes
TKT001529,CUST_012,North,Chat,Delivery Delay,Critical,AGENT_01,2026-02-28,,2.0,,,Open,No
TKT003765,CUST_122,West,Chat,Damaged Goods,Critical,AGENT_11,2026-04-16,2026-04-16,1.8,5.4,4,Resolved,Yes
TKT002992,CUST_146,West,Email,Other,Critical,AGENT_03,2026-01-20,2026-01-20,1.6,7.1,5,Resolved,Yes
TKT003100,CUST_052,South,Phone,Billing,Medium,AGENT_02,2026-02-09,2026-02-10,20.3,31.2,5,Resolved,No
TKT000192,CUST_083,Central,Chat,Other,Medium,AGENT_01,2026-05-05,2026-05-07,10.7,59.5,3,Resolved,Yes
TKT002565,CUST_062,West,Portal,Account Access,Medium,AGENT_06,2026-01-16,2026-01-17,0.6,38.8,3,Resolved,Yes
TKT002336,CUST_069,South,Email,Account Access,Low,AGENT_06,2026-01-10,2026-01-13,36.6,88.4,4,Resolved,Yes
TKT001508,CUST_136,North,Portal,Other,Medium,AGENT_15,2026-04-29,2026-05-01,11.9,61.5,3,Resolved,Yes
TKT000414,CUST_141,Central,Phone,Other,Critical,AGENT_04,2026-02-22,2026-02-22,1.9,,5,Resolved,Yes
TKT000986,CUST_096,South,Email,Account Access,Medium,AGENT_08,2026-06-07,2026-06-09,17.8,57.5,5,Resolved,Yes
TKT002801,CUST_031,South,Phone,Delivery Delay,Critical,AGENT_09,2026-01-22,2026-01-22,0.8,,5,Resolved,Yes
TKT001868,CUST_132,North,Email,Delivery Delay,Low,AGENT_01,2026-03-08,2026-03-12,24.6,115.7,4,Resolved,Yes
TKT001286,CUST_042,East,Chat,Billing,High,AGENT_15,2026-02-20,2026-02-21,7.7,29.6,2,Resolved,Yes
TKT001595,CUST_005,Central,Chat,Damaged Goods,Medium,AGENT_14,2026-02-13,,23.1,,,Open,No
TKT003225,CUST_034,East,Email,Delivery Delay,Medium,AGENT_03,2026-05-21,,6.3,55.4,5,Resolved,Yes
TKT000360,CUST_137,South,Portal,Account Access,Low,AGENT_14,2026-01-16,2026-01-16,6.9,14.0,5,Resolved,No
TKT003484,CUST_042,East,Chat,Billing,High,AGENT_01,2026-05-15,2026-05-15,3.5,23.1,5,Resolved,Yes
TKT000404,CUST_149,East,Phone,Billing,High,AGENT_10,2026-02-12,,7.0,,,Open,No
TKT000962,CUST_135,South,Email,Other,Medium,AGENT_02,2026-03-24,2026-03-26,5.8,63.5,5,Resolved,Yes
TKT000787,CUST_007,Central,Email,Billing,Medium,AGENT_10,2026-06-08,2026-06-09,3.4,37.8,4,Resolved,Yes
TKT001511,CUST_148,Central,Chat,Other,Critical,AGENT_03,2026-06-20,,1.1,5.5,3,Closed,Yes
TKT001717,CUST_145,West,Email,Account Access,Low,AGENT_02,2026-05-27,2026-05-30,34.0,86.2,5,Closed,Yes
TKT001174,CUST_080,South,Phone,Other,Medium,AGENT_11,2026-05-18,2026-05-20,10.4,,3,Resolved,Yes
TKT001406,CUST_129,North,Chat,Account Access,Low,AGENT_12,2026-06-28,,41.3,105.6,5,Resolved,Yes
TKT004965,CUST_009,North,Chat,Damaged Goods,High,AGENT_15,2026-03-08,2026-03-09,2.4,25.9,1,Resolved,Yes
TKT004297,CUST_071,West,Chat,Damaged Goods,High,AGENT_13,2026-05-30,2026-05-30,6.0,11.5,5,Resolved,No
TKT004471,CUST_096,Central,Portal,Damaged Goods,Medium,AGENT_11,2026-04-06,2026-04-06,10.5,14.7,,Reopened,No
TKT002731,CUST_134,Central,Chat,Account Access,Low,AGENT_10,2026-03-05,2026-03-10,32.6,137.9,3,Resolved,Yes
TKT004897,CUST_147,Central,Email,Billing,High,AGENT_02,2026-04-21,,4.4,,,Open,No
TKT001392,CUST_083,South,Email,Delivery Delay,Medium,AGENT_02,2026-02-12,2026-02-15,14.6,82.2,4,Resolved,Yes
TKT004629,CUST_101,West,Portal,Billing,Critical,AGENT_02,2026-06-30,2026-06-30,1.2,3.9,,Reopened,No
TKT002563,CUST_109,West,Phone,Delivery Delay,Medium,AGENT_15,2026-05-29,2026-05-30,19.5,,3,Resolved,No
TKT004280,CUST_109,East,Email,Billing,Medium,AGENT_02,2026-05-17,2026-05-17,2.5,14.1,2,Resolved,No
TKT004340,CUST_060,West,Phone,Account Access,Medium,AGENT_07,2026-05-30,2026-07-04,20.4,,4,Resolved,Yes
TKT001506,CUST_138,East,Email,Account Access,Medium,AGENT_13,2026-05-19,,15.1,,,Open,No
TKT004804,CUST_105,North,Chat,Damaged Goods,Low,AGENT_01,2026-06-18,2026-06-23,4.6,123.1,5,Closed,Yes
TKT003705,CUST_048,South,Phone,Billing,High,AGENT_14,2026-03-23,2026-03-23,3.8,,5,Resolved,Yes
TKT000839,CUST_055,Central,Email,Billing,Medium,AGENT_05,2026-05-11,,19.5,,,Open,No
TKT003153,CUST_031,North,Email,Delivery Delay,High,AGENT_06,2026-03-17,2026-03-17,6.8,20.6,5,Resolved,Yes
TKT003125,CUST_034,Central,Email,Delivery Delay,High,AGENT_12,2026-04-16,2026-04-16,6.3,17.9,4,Resolved,Yes
TKT003628,CUST_010,East,Portal,Billing,Low,AGENT_10,2026-03-18,,42.2,75.0,3,Resolved,Yes
TKT004617,CUST_082,East,Email,Damaged Goods,Critical,AGENT_03,2026-03-22,2026-03-22,1.1,3.5,5,Resolved,No
TKT003471,CUST_112,South,Chat,Other,Medium,AGENT_12,2026-02-25,2026-02-25,4.2,22.2,1,Resolved,No
TKT001384,CUST_095,Central,Email,Billing,Medium,AGENT_09,2026-02-09,2026-02-10,12.2,38.7,3,Resolved,Yes
TKT000601,CUST_073,North,Portal,Billing,Low,AGENT_12,2026-04-24,,14.2,93.2,4,Resolved,Yes
TKT004060,CUST_133,South,Chat,Billing,Medium,AGENT_01,2026-04-10,2026-04-12,15.7,71.8,3,Resolved,Yes
TKT001422,CUST_030,Central,Chat,Billing,Critical,AGENT_04,2026-05-16,,1.2,,,Open,No
TKT002537,CUST_139,Central,Phone,Other,Medium,AGENT_12,2026-02-04,,11.7,,,Open,No
TKT000403,CUST_045,East,Email,Billing,Medium,AGENT_02,2026-03-12,,23.1,38.0,4,Closed,Yes
TKT000966,CUST_125,North,Portal,Damaged Goods,Low,AGENT_09,2026-01-16,,16.1,,,Open,No
TKT000297,CUST_027,South,Portal,Billing,Low,AGENT_15,2026-03-15,,23.6,116.6,,Reopened,Yes
TKT001580,CUST_032,West,Chat,Other,High,AGENT_04,2026-06-29,2026-06-29,2.8,9.7,4,Resolved,No
TKT004575,CUST_055,South,Phone,Delivery Delay,Low,AGENT_01,2026-03-26,2026-03-28,5.2,,2,Resolved,No
TKT004310,CUST_093,North,Email,Delivery Delay,High,AGENT_05,2026-06-13,,3.5,,,Open,No
TKT004808,CUST_030,North,Chat,Account Access,Medium,AGENT_05,2026-03-16,2026-03-17,20.0,35.0,4,Resolved,No
TKT000172,CUST_100,Central,Email,Delivery Delay,High,AGENT_11,2026-06-22,2026-06-23,3.9,27.6,5,Resolved,Yes
TKT000525,CUST_125,East,Phone,Other,High,AGENT_04,2026-02-25,2026-02-25,4.4,,5,Resolved,Yes
TKT003832,CUST_084,West,Phone,Delivery Delay,Medium,AGENT_03,2026-01-13,2026-01-14,1.6,,,Reopened,Yes
TKT000465,CUST_071,North,Portal,Other,Medium,AGENT_05,,2026-06-04,14.3,79.5,3,Closed,Yes
TKT002859,CUST_136,West,Email,Damaged Goods,Low,AGENT_10,2026-02-24,2026-03-01,28.1,126.3,4,Resolved,Yes
TKT003813,CUST_113,North,Phone,Damaged Goods,Medium,AGENT_15,2026-04-15,2026-04-16,14.8,,5,Resolved,No
TKT002982,CUST_123,Central,Chat,Billing,Low,AGENT_10,2026-03-06,2026-03-12,44.6,159.8,,Reopened,Yes
TKT003817,CUST_037,East,Phone,Delivery Delay,Low,AGENT_10,2026-06-29,2026-07-04,35.4,,4,Resolved,Yes
TKT002317,CUST_133,East,Email,Billing,Medium,AGENT_14,2026-06-17,,19.0,,,Open,No
TKT000779,CUST_084,South,Email,Damaged Goods,Medium,AGENT_04,2026-05-11,,17.0,-18.8,1,Closed,Yes
TKT001901,CUST_074,East,Phone,Billing,Low,AGENT_02,2026-03-02,2026-03-07,18.1,,5,Resolved,Yes
TKT000022,CUST_095,West,Email,Delivery Delay,Low,AGENT_10,2026-06-29,,21.9,164.6,5,Resolved,Yes
TKT001961,CUST_116,North,Phone,Other,Medium,AGENT_04,2026-04-28,2026-04-30,5.3,,4,Closed,Yes
TKT003065,CUST_127,West,Chat,Billing,Low,AGENT_14,2026-06-26,2026-07-02,11.9,154.6,5,Resolved,Yes
TKT000142,CUST_059,Central,Email,Billing,Low,AGENT_10,2026-01-06,2026-01-09,1.2,91.2,3,Resolved,Yes
TKT000119,CUST_113,North,Phone,Account Access,Medium,AGENT_11,2026-01-07,2026-01-10,22.7,,3,Resolved,Yes
TKT003928,CUST_128,South,Email,Delivery Delay,Medium,AGENT_04,2026-06-18,2026-06-20,4.1,49.7,5,Resolved,Yes
TKT001747,CUST_146,South,Email,Delivery Delay,Critical,AGENT_05,2026-02-13,,0.7,2.9,5,Resolved,No
TKT000942,CUST_144,East,Chat,Delivery Delay,High,AGENT_06,2026-05-31,2026-05-31,1.7,23.9,5,Resolved,Yes
TKT003876,CUST_011,West,Email,Delivery Delay,Medium,AGENT_13,2026-04-19,2026-04-21,5.0,71.1,3,Resolved,Yes
TKT004713,CUST_031,South,Portal,Other,Low,AGENT_09,2026-02-04,2026-02-11,39.0,177.7,,Reopened,Yes
TKT000785,CUST_078,West,Email,Other,Low,AGENT_05,2026-02-15,2026-02-20,20.8,120.6,5,Resolved,Yes
TKT002724,CUST_129,North,Chat,Billing,Medium,AGENT_08,2026-03-16,,6.4,,,Open,No
TKT004581,CUST_043,West,Email,Account Access,Critical,AGENT_02,2026-01-31,,1.2,,,Open,No
TKT001790,CUST_002,West,Email,Delivery Delay,Low,AGENT_07,2026-02-18,,8.4,322.0,2,Resolved,Yes
TKT000935,CUST_081,East,Chat,Billing,Low,AGENT_01,2026-02-09,2026-02-10,38.6,44.6,1,Closed,No
TKT001927,CUST_067,West,Email,Delivery Delay,Low,AGENT_02,,2026-03-22,1.9,52.7,4,Resolved,No
TKT002771,CUST_148,East,Email,Damaged Goods,Low,AGENT_09,2026-01-25,2026-01-27,15.6,48.5,2,Resolved,No
TKT001443,CUST_073,West,Portal,Damaged Goods,Medium,AGENT_07,2026-04-26,2026-05-05,16.5,236.7,,Reopened,Yes
TKT003124,CUST_036,Central,Phone,Billing,Medium,AGENT_06,2026-06-07,2026-06-10,8.6,,4,Resolved,Yes
TKT003242,CUST_035,South,Email,Billing,Medium,AGENT_05,,,7.5,,,Open,No
TKT003807,CUST_008,East,Phone,Other,Medium,AGENT_09,2026-04-08,2026-04-08,13.9,,5,Resolved,No
TKT004050,CUST_107,South,Email,Other,Medium,AGENT_14,2026-06-21,,5.8,,,Open,No
TKT002778,CUST_003,West,Portal,Billing,Low,AGENT_15,2026-01-26,2026-01-27,37.8,43.9,5,Resolved,No
TKT003655,CUST_035,West,Phone,Damaged Goods,Medium,AGENT_08,2026-01-01,2026-01-03,17.0,,2,Resolved,Yes
TKT001371,CUST_089,South,Portal,Account Access,Medium,AGENT_05,2026-02-12,2026-02-15,22.2,76.3,5,Closed,Yes
TKT002828,CUST_039,Central,Portal,Billing,Low,AGENT_11,2026-02-02,2026-02-08,34.6,146.8,4,Closed,Yes
TKT003755,CUST_076,East,Phone,Other,Critical,AGENT_08,2026-03-01,,1.1,,4,Resolved,Yes
TKT000174,CUST_015,Central,Email,Other,Medium,AGENT_12,2026-02-05,2026-02-06,16.2,29.9,5,Resolved,No
TKT000572,CUST_083,Central,Portal,Account Access,Low,AGENT_15,2026-02-21,2026-02-24,36.0,75.3,5,Resolved,Yes
TKT003012,CUST_027,East,Portal,Account Access,High,AGENT_04,2026-03-24,2026-03-24,0.6,10.7,5,Resolved,No
TKT001752,CUST_061,East,Phone,Account Access,Low,AGENT_08,2026-05-24,2026-05-26,22.6,52.5,,Reopened,No
TKT003767,CUST_126,South,Portal,Billing,Low,AGENT_02,2026-03-15,2026-03-21,18.4,160.2,5,Closed,Yes
TKT001711,CUST_105,North,Email,Billing,High,AGENT_13,2026-01-22,2026-01-23,4.9,27.8,5,Resolved,Yes
TKT001548,CUST_048,Central,Email,Billing,High,AGENT_13,2026-01-15,,5.9,24.6,4,Resolved,Yes
TKT002941,CUST_143,East,Chat,Billing,Low,AGENT_07,2026-01-07,2026-02-26,39.2,1204.6,5,Resolved,Yes
TKT004170,CUST_087,Central,Email,Delivery Delay,Medium,AGENT_01,2026-01-19,2026-01-20,12.3,32.3,5,Resolved,No
TKT000642,CUST_105,East,Email,Delivery Delay,Low,AGENT_08,2026-06-30,2026-07-03,21.4,88.3,2,Resolved,Yes
TKT001421,CUST_105,East,Email,Damaged Goods,Low,AGENT_12,2026-04-17,2026-04-18,16.7,47.0,4,Resolved,No
TKT004180,CUST_144,East,Portal,Billing,Low,AGENT_05,2026-04-23,2026-04-23,2.2,4.6,4,Closed,No
TKT003202,CUST_017,West,Chat,Billing,High,AGENT_02,2026-06-08,2026-06-09,7.7,25.5,5,Resolved,Yes
TKT003195,CUST_079,South,Email,Damaged Goods,Medium,AGENT_01,2026-03-22,2026-03-25,15.1,87.1,4,Resolved,Yes
TKT001157,CUST_127,North,Phone,Delivery Delay,Low,AGENT_13,2026-06-15,2026-06-22,45.6,,5,Resolved,Yes
TKT004174,CUST_122,West,Email,Damaged Goods,Medium,AGENT_15,2026-04-05,2026-04-06,4.8,41.9,5,Resolved,Yes
TKT003070,CUST_077,North,Portal,Other,Low,AGENT_12,2026-04-23,2026-04-26,45.3,85.4,5,Resolved,Yes
TKT001629,CUST_054,North,Phone,Billing,Low,AGENT_07,2026-02-13,,15.2,,,Open,No
TKT003267,CUST_094,Central,Email,Other,High,AGENT_07,2026-02-04,2026-02-11,6.5,187.7,5,Resolved,Yes
TKT000333,CUST_008,Central,Chat,Billing,Low,AGENT_08,2026-05-13,,31.9,36.8,5,Resolved,No
TKT002927,CUST_116,West,Chat,Billing,Medium,AGENT_03,2026-03-17,,20.7,60.0,5,Resolved,Yes
TKT003547,CUST_037,West,Portal,Damaged Goods,Medium,AGENT_11,2026-02-19,2026-02-21,1.0,65.5,4,Resolved,Yes
TKT001760,CUST_148,West,Email,Other,Medium,AGENT_03,2026-03-07,2026-03-08,8.0,47.8,,Reopened,Yes
TKT002080,CUST_012,South,Chat,Delivery Delay,Medium,AGENT_05,2026-02-23,2026-02-25,14.4,56.6,3,Resolved,Yes
TKT001273,CUST_084,West,Email,Delivery Delay,Medium,AGENT_13,2026-02-19,2026-02-22,15.0,82.9,2,Resolved,Yes
TKT000157,CUST_049,East,Chat,Billing,Critical,AGENT_11,2026-03-11,2026-03-11,0.7,3.5,5,Resolved,No
TKT002933,CUST_114,West,Portal,Other,Medium,AGENT_15,2026-05-13,,2.9,34.8,4,Resolved,No
TKT004657,CUST_062,East,Portal,Delivery Delay,High,AGENT_05,2026-05-15,2026-05-15,5.5,11.2,4,Resolved,No
TKT002581,CUST_048,Central,Chat,Account Access,Low,AGENT_02,2026-05-26,2026-05-30,19.5,108.2,5,Resolved,Yes
TKT001055,CUST_045,West,Chat,Account Access,Low,AGENT_15,2026-02-27,2026-03-03,34.9,105.1,4,Resolved,Yes
TKT003093,CUST_136,South,Chat,Other,High,AGENT_08,2026-06-08,2026-06-09,3.4,24.6,4,Resolved,Yes
TKT000214,CUST_015,Central,Email,Account Access,Low,AGENT_15,2026-04-16,2026-04-21,44.0,123.9,5,Resolved,Yes
TKT001971,CUST_025,East,Email,Billing,Low,AGENT_11,2026-05-23,2026-05-27,17.3,102.7,4,Resolved,Yes
TKT001805,CUST_102,North,Email,Billing,Medium,AGENT_09,2026-05-21,2026-05-24,20.9,86.5,2,Resolved,Yes
TKT000725,CUST_049,East,Email,Damaged Goods,Medium,AGENT_15,2026-06-29,2026-06-30,3.9,39.1,5,Resolved,Yes
TKT001689,CUST_034,South,Email,Delivery Delay,Low,AGENT_03,2026-05-22,,13.6,150.3,5,Resolved,Yes
TKT004828,CUST_129,North,Portal,Billing,Medium,AGENT_10,2026-05-05,2026-05-08,14.0,85.3,5,Closed,Yes
TKT004859,CUST_074,South,Portal,Billing,Medium,AGENT_11,2026-03-14,2026-03-16,6.7,59.3,5,Resolved,Yes
TKT003512,CUST_145,Central,Chat,Account Access,Low,AGENT_10,2026-02-11,2026-02-14,34.1,86.9,,Reopened,Yes
TKT000762,CUST_029,West,Email,Account Access,Medium,AGENT_15,2026-02-23,2026-02-26,21.3,91.9,3,Resolved,Yes
TKT000549,CUST_138,West,Chat,Billing,Medium,AGENT_10,2026-04-23,2026-04-24,1.0,43.6,4,Resolved,Yes
TKT003108,CUST_139,North,Portal,Account Access,High,AGENT_04,2026-04-19,,1.2,,,Open,No
TKT004894,CUST_058,Central,Phone,Delivery Delay,Medium,AGENT_04,2026-01-18,2026-01-20,17.5,,5,Resolved,Yes
TKT004346,CUST_097,Central,Email,Account Access,High,AGENT_03,2026-04-04,2026-04-04,7.0,19.1,2,Closed,Yes
TKT004904,CUST_105,East,Chat,Billing,Low,AGENT_01,2026-02-09,2026-02-11,35.2,62.3,4,Resolved,No
TKT003104,CUST_068,East,Chat,Billing,Critical,AGENT_10,2026-03-02,2026-03-02,1.2,4.9,4,Resolved,Yes
TKT000049,CUST_142,East,Email,Delivery Delay,High,AGENT_14,2026-04-29,2026-04-29,5.2,14.1,3,Closed,Yes
TKT003954,CUST_044,South,Phone,Other,High,AGENT_06,2026-01-20,2026-01-20,5.4,,3,Resolved,Yes
TKT003295,CUST_134,Central,Phone,Damaged Goods,Critical,AGENT_05,2026-03-11,2026-03-11,1.8,4.0,3,Resolved,No
TKT002735,CUST_042,North,Chat,Billing,High,AGENT_02,2026-05-21,2026-05-21,3.1,13.3,4,Resolved,Yes
TKT000221,CUST_108,North,Chat,Account Access,Medium,AGENT_10,2026-02-27,,2.6,,,Open,No
TKT001075,CUST_002,North,Email,Damaged Goods,Low,AGENT_02,2026-04-19,,10.7,146.0,5,Resolved,Yes
TKT002909,CUST_142,West,Chat,Damaged Goods,Low,AGENT_15,2026-03-22,,35.3,139.7,2,Resolved,Yes
TKT002665,CUST_073,North,Email,Damaged Goods,Low,AGENT_08,2026-01-26,,15.4,89.3,5,Resolved,Yes
TKT002691,CUST_016,West,Phone,Delivery Delay,Medium,AGENT_04,2026-04-01,2026-04-01,5.9,22.2,4,Resolved,No
TKT004345,CUST_015,West,Portal,Billing,Low,AGENT_10,2026-02-11,2026-02-15,1.4,110.0,3,Resolved,Yes
TKT004044,CUST_072,South,Email,Delivery Delay,Critical,AGENT_15,2026-04-05,2026-04-05,0.5,4.2,4,Resolved,Yes
TKT001138,CUST_031,East,Phone,Billing,High,AGENT_03,2026-01-25,2026-01-25,6.7,,5,Resolved,Yes
TKT004030,CUST_044,West,Portal,Other,Medium,AGENT_03,2026-03-14,2026-03-15,13.2,43.6,5,Resolved,Yes
TKT001967,CUST_133,East,Chat,Other,Critical,AGENT_08,2026-01-11,2026-01-11,1.6,6.9,5,Resolved,Yes
TKT000472,CUST_110,Central,Chat,Billing,Medium,AGENT_08,2026-03-23,2026-03-26,23.2,83.2,5,Resolved,Yes
TKT004985,CUST_093,Central,Email,Account Access,Medium,AGENT_11,2026-03-21,,6.4,43.1,1,Resolved,Yes
TKT004315,CUST_053,South,Phone,Billing,High,AGENT_11,2026-06-01,2026-06-02,4.7,,5,Resolved,Yes
TKT002549,CUST_115,Central,Phone,Damaged Goods,Medium,AGENT_14,2026-01-21,,7.4,49.7,2,Resolved,Yes
TKT001798,CUST_104,North,Portal,Account Access,Medium,AGENT_09,2026-03-25,2026-03-25,1.2,10.1,5,Resolved,No
TKT000452,CUST_086,North,Chat,Other,Low,AGENT_13,2026-03-02,2026-03-03,2.4,43.6,5,Closed,No
TKT000684,CUST_102,North,Phone,Delivery Delay,Low,AGENT_12,2026-04-26,2026-05-01,27.4,,5,Resolved,Yes
TKT000495,CUST_011,Central,Portal,Other,Medium,AGENT_08,2026-06-14,2026-06-15,12.5,28.3,1,Resolved,No
TKT001269,CUST_066,Central,Phone,Other,Low,AGENT_06,2026-02-06,2026-02-07,39.0,,5,Resolved,No
TKT001095,CUST_134,East,Phone,Damaged Goods,Low,AGENT_07,2026-06-26,2026-07-30,43.6,,4,Resolved,Yes
TKT004724,CUST_035,East,Email,Delivery Delay,Low,AGENT_02,2026-06-09,2026-06-11,30.1,65.9,5,Resolved,No
TKT002952,CUST_150,North,Portal,Billing,Low,AGENT_05,,,39.1,,,Open,No
TKT000886,CUST_062,Central,Chat,Billing,Low,AGENT_08,2026-03-04,2026-03-07,40.1,76.3,2,Resolved,Yes
TKT003642,CUST_095,South,Phone,Damaged Goods,Medium,AGENT_07,2026-03-28,2026-04-01,5.3,115.5,4,Resolved,Yes
TKT001324,CUST_114,Central,Chat,Billing,High,AGENT_12,2026-05-25,2026-05-26,3.7,26.4,4,Resolved,Yes
TKT000706,CUST_108,West,Email,Billing,Low,AGENT_03,2026-04-22,2026-04-28,29.8,167.6,4,Resolved,Yes
TKT004824,CUST_106,South,Phone,Delivery Delay,Medium,AGENT_10,2026-05-06,2026-05-08,1.6,,4,Closed,Yes
TKT001018,CUST_056,South,Phone,Damaged Goods,High,AGENT_14,2026-05-30,2026-05-30,1.0,,3,Closed,Yes
TKT003168,CUST_069,Central,Phone,Account Access,Medium,AGENT_10,2026-06-26,2026-06-29,17.9,,4,Resolved,Yes
TKT003420,CUST_032,North,Chat,Delivery Delay,Critical,AGENT_10,2026-01-09,2026-01-09,1.2,7.0,,Reopened,Yes
TKT001979,CUST_048,Central,Portal,Delivery Delay,High,AGENT_06,2026-06-29,2026-06-29,6.9,16.9,5,Resolved,Yes
TKT000185,CUST_109,West,Email,Billing,Low,AGENT_04,,2026-04-12,20.8,159.2,4,Resolved,Yes
TKT003088,CUST_130,South,Chat,Billing,Critical,AGENT_14,2026-06-29,2026-06-29,0.7,5.2,,Reopened,Yes
TKT004921,CUST_128,East,Phone,Delivery Delay,Low,AGENT_08,2026-04-10,,35.0,,5,Resolved,Yes
TKT001187,CUST_108,East,Chat,Account Access,High,AGENT_13,2026-01-07,2026-01-07,5.1,15.6,3,Closed,Yes
TKT002502,CUST_135,Central,Phone,Damaged Goods,Low,AGENT_13,2026-05-02,2026-05-08,45.6,,5,Resolved,Yes
TKT000621,CUST_002,West,Email,Delivery Delay,High,AGENT_12,2026-01-01,2026-01-01,1.6,-9.2,3,Resolved,Yes
TKT004425,CUST_062,West,Portal,Account Access,High,AGENT_03,2026-06-21,2026-06-21,6.3,16.1,5,Closed,Yes
TKT004873,CUST_017,West,Email,Delivery Delay,High,AGENT_01,2026-05-30,2026-05-30,5.9,9.8,,Reopened,No
TKT002667,CUST_008,Central,Chat,Delivery Delay,Critical,AGENT_05,2026-03-11,2026-03-11,1.6,3.6,5,Closed,No
TKT003617,CUST_038,North,Phone,Delivery Delay,High,AGENT_05,2026-02-19,2026-02-19,3.8,,2,Resolved,Yes
TKT004259,CUST_105,East,Portal,Billing,High,AGENT_09,2026-03-22,2026-03-23,6.7,26.1,5,Closed,Yes
TKT003539,CUST_146,Central,Email,Billing,Low,AGENT_13,2026-04-17,2026-04-20,44.7,74.1,5,Resolved,Yes
TKT002490,CUST_095,East,Portal,Billing,High,AGENT_09,,2026-05-07,5.0,24.7,4,Closed,Yes
TKT003064,CUST_078,West,Portal,Billing,Low,AGENT_01,2026-04-16,2026-04-20,5.1,109.0,2,Resolved,Yes
TKT000581,CUST_113,North,Email,Other,Low,AGENT_12,2026-01-08,2026-01-14,12.6,151.3,4,Resolved,Yes
TKT001004,CUST_087,West,Chat,Damaged Goods,Low,AGENT_03,2026-03-20,2026-03-24,34.9,96.1,5,Resolved,Yes
TKT000449,CUST_016,South,Phone,Delivery Delay,Critical,AGENT_07,2026-02-04,2026-02-05,1.8,,5,Resolved,Yes
TKT001077,CUST_004,West,Portal,Account Access,Medium,AGENT_10,2026-03-05,2026-03-07,2.7,66.4,4,Closed,Yes
TKT003588,CUST_079,North,Email,Billing,High,AGENT_04,2026-05-22,2026-05-22,0.6,5.2,3,Closed,No
TKT003760,CUST_034,South,Phone,Delivery Delay,Medium,AGENT_07,2026-02-13,,12.5,,,Open,No
TKT003058,CUST_047,South,Portal,Billing,Medium,AGENT_05,2026-03-04,2026-03-06,8.3,55.8,2,Resolved,Yes
TKT002773,CUST_109,West,Email,Delivery Delay,High,AGENT_04,2026-06-13,,6.3,12.5,4,Resolved,Yes
TKT002512,CUST_141,South,Chat,Delivery Delay,High,AGENT_08,2026-04-18,2026-04-18,0.6,16.6,3,Resolved,Yes
TKT001577,CUST_006,North,Email,Damaged Goods,Critical,AGENT_04,2026-04-12,2026-04-12,2.0,6.8,4,Resolved,Yes
TKT000051,CUST_045,East,Email,Damaged Goods,Low,AGENT_03,2026-06-09,2026-06-14,34.6,122.8,5,Resolved,Yes
TKT001593,CUST_033,Central,Email,Account Access,High,AGENT_03,2026-04-18,2026-04-18,4.9,17.4,4,Resolved,Yes
TKT002895,CUST_131,West,Chat,Other,High,AGENT_12,2026-02-06,,5.5,9.4,1,Resolved,No
TKT004945,CUST_097,South,Phone,Billing,Medium,AGENT_05,2026-03-27,2026-03-30,15.4,,5,Resolved,Yes
TKT000269,CUST_024,North,Chat,Billing,Critical,AGENT_06,2026-04-19,2026-04-19,0.9,3.0,4,Resolved,No
TKT002612,CUST_098,South,Email,Delivery Delay,Low,AGENT_10,2026-06-15,2026-06-19,21.4,100.1,4,Resolved,Yes
TKT002986,CUST_054,West,Chat,Delivery Delay,High,AGENT_01,2026-01-13,2026-01-13,4.1,15.9,4,Resolved,Yes
TKT001142,CUST_063,Central,Email,Delivery Delay,High,AGENT_05,2026-05-11,2026-05-11,5.9,9.0,2,Closed,No
TKT003403,CUST_046,South,Email,Other,High,AGENT_09,2026-02-21,,1.8,23.8,4,Resolved,Yes
TKT003116,CUST_023,East,Chat,Damaged Goods,Critical,AGENT_10,2026-03-02,,1.0,,,Open,No
TKT000829,CUST_078,South,Email,Damaged Goods,Low,AGENT_12,2026-03-30,2026-04-03,5.2,105.5,5,Resolved,Yes
TKT002244,CUST_090,South,Email,Account Access,Low,AGENT_08,2026-01-24,2026-01-25,16.6,25.8,5,Resolved,No
TKT000769,CUST_119,North,Chat,Billing,Medium,AGENT_11,2026-01-28,2026-01-29,21.5,44.4,5,Resolved,Yes
TKT002273,CUST_015,East,Email,Billing,Low,AGENT_09,2026-06-06,2026-06-12,13.4,156.2,5,Resolved,Yes
TKT002888,CUST_121,South,Email,Billing,High,AGENT_14,2026-02-28,2026-02-28,5.3,8.5,2,Resolved,No
TKT000616,CUST_111,West,Email,Account Access,Critical,AGENT_04,2026-01-22,2026-01-22,1.3,3.9,5,Resolved,No
TKT000837,CUST_070,East,Email,Billing,Low,AGENT_04,2026-05-09,2026-05-11,37.4,62.1,1,Resolved,No
TKT004484,CUST_126,South,Chat,Billing,Low,AGENT_10,2026-01-30,,32.5,134.6,5,Closed,Yes
TKT000081,CUST_114,West,Email,Account Access,Medium,AGENT_12,2026-02-26,2026-02-28,19.6,57.4,5,Closed,Yes
TKT004429,CUST_121,East,Portal,Other,Medium,AGENT_10,2026-04-08,2026-04-09,5.7,33.5,3,Resolved,No
TKT003313,CUST_076,North,Email,Billing,Critical,AGENT_08,2026-03-19,2026-03-19,1.6,6.3,3,Resolved,Yes
TKT000915,CUST_101,South,Email,Delivery Delay,Low,AGENT_11,2026-03-31,2026-04-02,15.6,49.2,4,Resolved,No
TKT002504,CUST_050,South,Portal,Damaged Goods,Low,AGENT_08,2026-02-21,2026-02-25,3.3,110.8,5,Resolved,Yes
TKT000731,CUST_020,East,Email,Account Access,High,AGENT_14,2026-02-10,2026-02-10,3.1,-9.2,5,Resolved,No
TKT001485,CUST_059,Central,Portal,Account Access,High,AGENT_08,2026-01-07,,6.3,25.7,4,Closed,Yes
TKT000061,CUST_060,Central,Email,Delivery Delay,Medium,AGENT_06,2026-04-20,2026-04-21,12.6,33.1,5,Closed,No
TKT001693,CUST_105,Central,Email,Billing,Low,AGENT_08,2026-02-15,2026-02-17,33.5,61.3,4,Resolved,No
TKT000213,CUST_017,West,Email,Delivery Delay,Medium,AGENT_12,2026-01-26,2026-01-26,0.7,11.5,5,Resolved,No
TKT002407,CUST_101,East,Phone,Billing,Low,AGENT_02,2026-01-24,,18.2,38.7,5,Resolved,No
TKT001726,CUST_116,South,Email,Damaged Goods,Medium,AGENT_14,2026-02-12,2026-02-15,8.6,77.7,4,Closed,Yes
TKT002570,CUST_096,West,Email,Delivery Delay,Low,AGENT_15,2026-04-25,,20.4,92.8,1,Resolved,Yes
TKT001882,CUST_069,Central,Email,Billing,Low,AGENT_08,2026-03-13,2026-03-15,43.2,54.3,4,Resolved,No
TKT002748,CUST_099,Central,Phone,Billing,Medium,AGENT_10,2026-04-21,,2.6,,,Open,No
TKT000064,CUST_132,North,Phone,Billing,Critical,AGENT_01,2026-04-08,2026-04-08,1.7,,3,Resolved,Yes
TKT002751,CUST_074,South,Email,Damaged Goods,Low,AGENT_03,2026-04-02,,41.9,71.5,,Reopened,No
TKT004295,CUST_103,South,Chat,Billing,Low,AGENT_04,2026-06-21,,6.4,72.8,4,Resolved,Yes
TKT004480,CUST_107,East,Portal,Billing,High,AGENT_11,2026-04-23,2026-04-23,1.1,21.6,4,Resolved,Yes
TKT002919,CUST_008,West,Chat,Billing,Low,AGENT_08,,2026-02-03,36.2,150.4,2,Resolved,Yes
TKT002690,CUST_111,East,Chat,Account Access,Medium,AGENT_12,2026-03-29,,10.0,31.5,2,Resolved,No
TKT004506,CUST_028,North,Phone,Other,Low,AGENT_11,2026-05-04,2026-05-06,24.8,,4,Closed,No
TKT003378,CUST_148,West,Phone,Delivery Delay,High,AGENT_06,2026-03-05,2026-03-05,3.1,,5,Closed,Yes
TKT003527,CUST_118,East,Email,Other,Low,AGENT_09,2026-01-22,2026-01-29,33.7,175.1,4,Resolved,Yes
TKT004324,CUST_053,North,Chat,Delivery Delay,Critical,AGENT_08,2026-04-18,2026-04-18,0.6,2.7,5,Resolved,No
TKT000405,CUST_067,Central,Chat,Account Access,High,AGENT_06,2026-01-23,,3.1,,,Open,No
TKT001199,CUST_017,East,Email,Delivery Delay,Low,AGENT_15,2026-02-17,2026-02-21,43.4,108.7,4,Resolved,Yes
TKT001052,CUST_054,West,Chat,Billing,Medium,AGENT_07,2026-02-20,2026-03-02,17.0,262.3,5,Resolved,Yes
TKT000946,CUST_135,North,Email,Account Access,High,AGENT_13,2026-03-14,2026-03-15,3.1,24.2,3,Resolved,Yes
TKT004958,CUST_077,South,Email,Billing,Medium,AGENT_08,2026-06-28,2026-06-28,10.0,20.1,4,Resolved,No
TKT000900,CUST_014,North,Phone,Account Access,High,AGENT_02,2026-06-23,,7.3,,5,Resolved,No
TKT000816,CUST_031,West,Phone,Billing,Low,AGENT_08,2026-04-10,,19.9,,,Open,No
TKT002403,CUST_075,West,Portal,Other,Low,AGENT_11,2026-02-02,2026-02-05,46.3,79.0,3,Resolved,Yes
TKT003181,CUST_131,East,Phone,Delivery Delay,Medium,AGENT_14,2026-01-13,2026-01-14,14.6,,3,Resolved,Yes
TKT001460,CUST_117,West,Email,Account Access,Low,AGENT_06,2026-01-03,2026-01-04,24.0,40.2,4,Closed,No
TKT001349,CUST_050,South,Phone,Billing,Critical,AGENT_08,2026-04-01,2026-04-01,0.6,,1,Resolved,No
TKT000771,CUST_088,East,Phone,Billing,Medium,AGENT_01,2026-02-28,2026-02-28,7.8,,4,Resolved,No
TKT001264,CUST_001,Central,Portal,Billing,Medium,AGENT_04,2026-03-18,2026-03-20,11.4,49.7,5,Resolved,Yes
TKT002418,CUST_148,Central,Phone,Billing,Medium,AGENT_05,2026-02-02,2026-02-05,10.9,,5,Closed,Yes
TKT003909,CUST_091,West,Chat,Account Access,High,AGENT_12,2026-04-19,2026-04-19,2.2,21.0,5,Resolved,Yes
TKT003992,CUST_095,Central,Phone,Billing,Critical,AGENT_09,2026-03-21,2026-03-21,1.9,6.3,5,Resolved,Yes
TKT000267,CUST_056,West,Email,Account Access,Low,AGENT_07,2026-06-19,2026-07-05,13.4,391.4,4,Closed,Yes
TKT004693,CUST_045,West,Phone,Delivery Delay,Low,AGENT_02,,2026-05-27,15.4,,4,Resolved,Yes
TKT003032,CUST_001,West,Chat,Other,Low,AGENT_05,2026-03-27,,35.2,39.4,5,Closed,No
TKT000653,CUST_117,East,Email,Account Access,Low,AGENT_15,2026-01-20,2026-01-25,3.3,127.5,3,Closed,Yes
TKT003777,CUST_078,South,Email,Delivery Delay,Low,AGENT_04,2026-03-20,2026-03-20,14.8,23.3,5,Closed,No
TKT004026,CUST_127,East,Portal,Other,Low,AGENT_05,2026-02-04,2026-02-07,12.0,77.9,5,Resolved,Yes
TKT001215,CUST_092,North,Phone,Account Access,Low,AGENT_08,2026-04-11,2026-04-14,3.0,,1,Resolved,Yes
TKT000151,CUST_066,Central,Email,Delivery Delay,Critical,AGENT_07,2026-05-20,2026-05-21,0.9,42.8,5,Closed,Yes
TKT000699,CUST_054,West,Chat,Billing,Critical,AGENT_01,2026-04-12,,1.7,5.0,3,Closed,Yes
TKT001325,CUST_027,Central,Email,Delivery Delay,High,AGENT_01,2026-05-21,,4.2,,,Open,No
TKT001043,CUST_095,South,Email,Damaged Goods,Low,AGENT_12,2026-02-08,2026-02-11,9.2,86.7,2,Resolved,Yes
TKT003645,CUST_062,North,Phone,Billing,Medium,AGENT_07,2026-02-26,,16.8,,,Open,No
TKT003040,CUST_132,South,Phone,Billing,Medium,AGENT_01,2026-06-18,2026-06-18,10.3,,3,Resolved,No
TKT003986,CUST_137,East,Phone,Billing,Medium,AGENT_09,2026-04-29,,8.5,,5,Resolved,Yes
TKT003888,CUST_126,Central,Portal,Delivery Delay,Critical,AGENT_08,2026-01-26,2026-01-26,1.2,3.5,,Reopened,No
TKT001502,CUST_143,East,Chat,Other,Medium,AGENT_11,2026-05-07,2026-05-09,5.4,64.1,5,Resolved,Yes
TKT004754,CUST_090,West,Phone,Billing,Low,AGENT_09,2026-06-30,2026-07-06,21.0,,4,Resolved,Yes
TKT003722,CUST_070,Central,Phone,Billing,Medium,AGENT_14,2026-06-06,2026-06-08,8.5,,5,Resolved,Yes
TKT003719,CUST_002,South,Chat,Other,High,AGENT_13,2026-04-04,2026-04-04,2.8,16.4,5,Resolved,Yes
TKT004349,CUST_142,Central,Portal,Damaged Goods,Low,AGENT_10,2026-03-06,2026-03-10,36.7,98.7,4,Resolved,Yes
TKT003951,CUST_087,South,Chat,Delivery Delay,Medium,AGENT_12,2026-05-09,2026-05-09,16.8,22.0,,Reopened,No
TKT003732,CUST_022,South,Portal,Delivery Delay,Low,AGENT_12,2026-01-03,2026-01-07,15.7,108.5,5,Resolved,Yes
TKT001562,CUST_012,North,Email,Account Access,Medium,AGENT_06,2026-02-10,2026-02-12,17.9,56.9,,Reopened,Yes
TKT004901,CUST_133,East,Portal,Other,Critical,AGENT_06,2026-03-13,2026-03-13,1.0,6.0,,Reopened,Yes
TKT000198,CUST_027,East,Email,Delivery Delay,Medium,AGENT_08,2026-06-06,2026-06-08,11.5,69.8,5,Resolved,Yes
TKT004303,CUST_053,East,Phone,Damaged Goods,Medium,AGENT_12,2026-04-16,2026-04-16,11.2,,5,Resolved,No
TKT004454,CUST_031,North,Email,Delivery Delay,Medium,AGENT_11,2026-02-23,,19.0,69.5,5,Resolved,Yes
TKT002528,CUST_051,East,Chat,Account Access,Low,AGENT_07,2026-06-24,,44.7,1427.5,5,Resolved,Yes
TKT004483,CUST_141,Central,Phone,Billing,High,AGENT_12,2026-04-04,2026-04-04,4.2,,4,Resolved,Yes
TKT001683,CUST_126,North,Email,Account Access,Low,AGENT_06,2026-06-03,2026-06-06,46.1,94.4,4,Resolved,Yes
TKT004099,CUST_138,East,Chat,Delivery Delay,Medium,AGENT_02,2026-02-12,2026-02-12,0.5,10.7,5,Resolved,No
TKT000329,CUST_077,East,Email,Delivery Delay,Medium,AGENT_05,2026-03-14,2026-03-16,2.4,65.3,,Reopened,Yes
TKT001111,CUST_048,East,Portal,Billing,Low,AGENT_02,2026-01-15,2026-01-16,1.0,46.2,4,Closed,No
TKT001774,CUST_079,Central,Chat,Billing,Medium,AGENT_12,2026-02-17,2026-02-19,11.9,48.1,5,Resolved,Yes
TKT002742,CUST_029,East,Phone,Billing,Low,AGENT_08,2026-04-13,2026-04-19,25.3,,,Reopened,Yes
TKT002559,CUST_048,North,Chat,Billing,Medium,AGENT_14,2026-06-17,2026-06-20,14.9,80.5,5,Resolved,Yes
TKT000654,CUST_038,North,Chat,Account Access,Low,AGENT_06,2026-02-26,2026-03-01,14.0,82.5,5,Resolved,Yes
TKT003369,CUST_040,North,Email,Account Access,High,AGENT_01,2026-05-01,2026-05-01,7.7,22.0,5,Resolved,Yes
TKT003631,CUST_142,East,Email,Damaged Goods,Low,AGENT_04,2026-05-09,2026-05-10,0.6,37.7,5,Resolved,No
TKT003094,CUST_058,North,Chat,Damaged Goods,Low,AGENT_01,2026-01-06,,1.7,43.6,5,Resolved,No
TKT000515,CUST_055,West,Chat,Other,Medium,AGENT_14,2026-03-10,2026-03-12,21.2,60.7,,Reopened,Yes
TKT001437,CUST_025,West,Email,Delivery Delay,Critical,AGENT_12,2026-01-30,2026-01-30,1.8,4.0,5,Resolved,No
TKT001578,CUST_115,East,Email,Damaged Goods,Low,AGENT_14,2026-03-30,,22.2,,,Open,No
TKT003809,CUST_108,South,Chat,Damaged Goods,High,AGENT_04,2026-04-21,2026-04-21,6.7,9.3,5,Resolved,No
TKT004710,CUST_134,West,Email,Account Access,Medium,AGENT_12,2026-03-06,2026-03-06,4.7,8.1,4,Resolved,No
TKT001474,CUST_096,West,Chat,Other,High,AGENT_15,2026-01-16,2026-01-16,2.7,20.3,4,Resolved,Yes
TKT004183,CUST_069,South,Portal,Other,Medium,AGENT_11,2026-03-23,2026-03-25,18.5,48.4,5,Resolved,Yes
TKT003532,CUST_026,Central,Email,Billing,Medium,AGENT_15,2026-05-06,2026-05-08,2.4,49.8,4,Resolved,Yes
TKT000466,CUST_014,North,Phone,Account Access,Critical,AGENT_11,2026-02-27,2026-02-27,1.9,,3,Resolved,Yes
TKT000746,CUST_070,West,Chat,Account Access,Critical,AGENT_12,2026-03-02,2026-03-02,2.0,6.8,2,Resolved,Yes
TKT004260,CUST_128,North,Email,Delivery Delay,High,AGENT_08,2026-01-12,2026-01-12,4.0,10.1,,Reopened,No
TKT003289,CUST_116,Central,Chat,Billing,Low,AGENT_07,2026-04-17,,40.6,,,Open,No
TKT000857,CUST_040,Central,Email,Account Access,High,AGENT_09,2026-02-12,,3.7,6.8,5,Resolved,No
TKT002322,CUST_142,West,Email,Delivery Delay,Medium,AGENT_15,2026-03-26,2026-03-29,19.3,87.3,5,Resolved,Yes
TKT004341,CUST_113,Central,Portal,Delivery Delay,Medium,AGENT_05,2026-01-31,2026-02-02,11.5,51.5,3,Resolved,Yes
TKT003993,CUST_035,South,Chat,Delivery Delay,Low,AGENT_13,2026-01-27,2026-01-30,22.9,73.4,5,Resolved,Yes
TKT003408,CUST_030,West,Chat,Other,High,AGENT_08,2026-02-24,2026-02-24,7.0,21.4,5,Resolved,Yes
TKT000454,CUST_144,South,Portal,Billing,Medium,AGENT_04,2026-04-18,2026-04-19,12.9,44.0,3,Resolved,Yes
TKT004408,CUST_033,Central,Phone,Delivery Delay,Low,AGENT_03,2026-04-26,2026-04-29,35.4,79.1,5,Closed,Yes
TKT003877,CUST_030,South,Phone,Delivery Delay,Low,AGENT_09,2026-01-17,2026-01-19,44.3,,4,Resolved,No
TKT001863,CUST_080,South,Chat,Damaged Goods,High,AGENT_14,2026-04-27,,3.0,5.6,4,Resolved,No
TKT002087,CUST_056,North,Chat,Delivery Delay,Low,AGENT_03,2026-01-11,2026-01-13,41.7,61.8,1,Resolved,No
TKT004169,CUST_130,North,Chat,Account Access,Medium,AGENT_05,2026-04-17,2026-04-19,4.5,48.8,2,Resolved,Yes
TKT003779,CUST_022,South,Portal,Account Access,High,AGENT_02,2026-02-11,2026-02-11,1.7,9.5,4,Resolved,No
TKT003790,CUST_026,East,Chat,Other,Medium,AGENT_14,2026-02-11,2026-02-12,6.0,30.6,,Reopened,No
TKT002790,CUST_082,North,Email,Delivery Delay,Critical,AGENT_10,2026-03-03,,1.9,6.1,2,Resolved,Yes
TKT002832,CUST_084,East,Chat,Billing,Medium,AGENT_14,2026-02-04,2026-02-04,5.5,21.0,5,Resolved,No
TKT004793,CUST_121,Central,Chat,Other,High,AGENT_07,2026-04-13,2026-04-20,3.0,177.3,3,Resolved,Yes
TKT001677,CUST_099,West,Email,Other,Medium,AGENT_07,2026-05-23,2026-06-10,11.0,449.1,5,Resolved,Yes
TKT001989,CUST_146,Central,Portal,Delivery Delay,Medium,AGENT_13,2026-04-09,,18.5,,,Open,No
TKT000631,CUST_106,West,Phone,Other,High,AGENT_03,2026-05-13,2026-05-14,1.5,,5,Resolved,Yes
TKT004569,CUST_010,West,Phone,Billing,Low,AGENT_09,2026-03-02,,26.1,,3,Resolved,No
TKT003096,CUST_130,North,Chat,Billing,Low,AGENT_13,2026-03-22,,32.1,,,Open,No
TKT003889,CUST_011,Central,Chat,Billing,Medium,AGENT_05,2026-04-14,2026-04-16,16.0,71.0,4,Resolved,Yes
TKT002209,CUST_005,Central,Email,Billing,High,AGENT_07,2026-05-20,2026-05-22,2.1,62.7,3,Resolved,Yes
TKT001405,CUST_121,South,Chat,Billing,Low,AGENT_08,2026-05-11,2026-05-15,35.0,113.1,5,Resolved,Yes
TKT000262,CUST_064,East,Phone,Delivery Delay,High,AGENT_07,2026-04-22,2026-04-30,7.8,,5,Resolved,Yes
TKT004544,CUST_089,South,Email,Billing,Critical,AGENT_05,2026-01-04,2026-01-04,1.6,4.1,1,Resolved,Yes
TKT001541,CUST_069,North,Phone,Account Access,Low,AGENT_07,2026-02-09,2026-03-07,23.3,,3,Resolved,Yes
TKT004851,CUST_059,Central,Chat,Delivery Delay,High,AGENT_01,2026-01-03,2026-01-03,7.0,13.5,5,Resolved,Yes
TKT003610,CUST_126,East,Email,Other,Medium,AGENT_02,2026-06-19,2026-06-20,18.9,40.0,5,Resolved,Yes
TKT000823,CUST_021,West,Chat,Account Access,Medium,AGENT_10,2026-06-04,2026-06-05,1.3,25.7,5,Resolved,No
TKT004857,CUST_097,East,Chat,Account Access,Medium,AGENT_11,2026-03-09,2026-03-09,9.8,16.9,3,Closed,No
TKT003787,CUST_038,North,Chat,Account Access,Low,AGENT_06,2026-05-30,2026-06-02,39.5,88.6,3,Resolved,Yes
TKT001327,CUST_033,South,Email,Damaged Goods,Critical,AGENT_13,2026-04-12,2026-04-12,0.9,4.4,5,Resolved,Yes
TKT002153,CUST_020,West,Email,Damaged Goods,Critical,AGENT_05,2026-06-09,2026-06-09,0.6,6.1,5,Resolved,Yes
TKT001522,CUST_138,East,Email,Other,Low,AGENT_03,2026-02-08,2026-02-14,41.8,-18.6,4,Resolved,Yes
TKT001658,CUST_095,West,Chat,Delivery Delay,Low,AGENT_02,2026-05-14,2026-05-14,11.7,23.3,4,Closed,No
TKT000972,CUST_053,East,Chat,Billing,Low,AGENT_10,2026-05-19,2026-05-21,13.3,50.2,4,Resolved,No
TKT002550,CUST_048,South,Email,Other,Medium,AGENT_09,2026-05-03,,8.4,31.7,2,Resolved,No
TKT001516,CUST_005,West,Phone,Other,Medium,AGENT_03,2026-06-24,,4.6,,3,Closed,No
TKT002066,CUST_134,Central,Email,Delivery Delay,Low,AGENT_05,2026-06-11,2026-06-14,15.9,87.5,2,Resolved,Yes
TKT001543,CUST_132,North,Chat,Billing,Medium,AGENT_14,2026-01-11,2026-01-12,20.1,27.5,5,Resolved,No
TKT000266,CUST_054,West,Portal,Damaged Goods,High,AGENT_05,2026-06-12,2026-06-12,7.4,18.0,5,Closed,Yes
TKT004213,CUST_140,Central,Chat,Delivery Delay,Medium,AGENT_03,2026-06-13,,17.4,23.1,2,Resolved,No
TKT004075,CUST_024,North,Chat,Account Access,Low,AGENT_13,2026-01-18,2026-01-22,11.1,111.6,5,Resolved,Yes
TKT000680,CUST_016,East,Chat,Billing,Medium,AGENT_04,2026-02-01,2026-02-03,6.5,56.8,,Reopened,Yes
TKT002284,CUST_009,East,Chat,Billing,High,AGENT_14,2026-06-15,2026-06-16,6.8,29.5,,Reopened,Yes
TKT002961,CUST_006,South,Chat,Delivery Delay,Medium,AGENT_15,2026-01-11,2026-01-13,7.7,61.1,3,Resolved,Yes
TKT002100,CUST_135,South,Chat,Billing,Critical,AGENT_02,2026-02-03,,1.5,5.5,,Reopened,Yes
TKT003034,CUST_046,West,Email,Billing,Critical,AGENT_15,2026-01-22,2026-01-22,1.7,7.2,5,Resolved,Yes
TKT003431,CUST_012,East,Chat,Billing,Medium,AGENT_12,2026-05-08,2026-05-11,4.4,75.2,3,Resolved,Yes
TKT004915,CUST_109,West,Chat,Damaged Goods,Low,AGENT_01,2026-03-18,2026-03-23,21.1,135.9,,Reopened,Yes
TKT000652,CUST_052,South,Email,Billing,Medium,AGENT_07,2026-04-28,2026-05-14,8.2,400.9,,Reopened,Yes
TKT002299,CUST_055,East,Portal,Damaged Goods,Low,AGENT_06,2026-03-21,2026-03-22,19.8,31.6,5,Resolved,No
TKT004468,CUST_124,South,Phone,Other,Critical,AGENT_03,2026-01-31,2026-01-31,1.5,,4,Resolved,Yes
TKT004783,CUST_012,West,Phone,Other,Low,AGENT_02,2026-02-14,2026-02-16,43.8,,3,Closed,No
TKT002315,CUST_080,Central,Portal,Billing,Medium,AGENT_10,2026-01-18,2026-01-20,15.7,-14.5,,Reopened,Yes
TKT002370,CUST_147,South,Chat,Billing,Low,AGENT_08,2026-01-31,2026-02-06,7.7,150.4,5,Resolved,Yes
TKT001503,CUST_150,South,Portal,Billing,Medium,AGENT_04,2026-02-03,2026-02-04,19.6,30.8,4,Resolved,No
TKT000573,CUST_053,Central,Chat,Other,High,AGENT_01,2026-03-22,2026-03-22,3.6,8.5,5,Resolved,No
TKT001776,CUST_110,Central,Email,Account Access,Critical,AGENT_06,2026-03-08,2026-03-08,0.8,6.1,3,Resolved,Yes
TKT000139,CUST_087,North,Chat,Other,Low,AGENT_10,2026-03-09,2026-03-13,35.1,103.3,4,Resolved,Yes
TKT000499,CUST_055,South,Chat,Delivery Delay,Medium,AGENT_11,2026-06-29,2026-06-30,18.8,36.1,5,Resolved,Yes
TKT001635,CUST_116,Central,Chat,Account Access,Medium,AGENT_15,2026-01-07,2026-01-08,11.9,33.7,5,Closed,No
TKT003048,CUST_080,South,Chat,Billing,Medium,AGENT_11,2026-06-17,,21.6,,,Open,No
TKT004664,CUST_064,East,Chat,Other,Critical,AGENT_04,2026-02-07,2026-02-07,0.8,5.8,,Reopened,Yes
TKT000571,CUST_037,North,Chat,Account Access,High,AGENT_12,,,4.2,24.8,2,Resolved,Yes
TKT000662,CUST_136,Central,Email,Billing,Low,AGENT_12,2026-03-06,2026-03-09,47.4,93.0,2,Resolved,Yes
TKT004423,CUST_017,East,Chat,Account Access,Medium,AGENT_07,2026-01-24,2026-02-14,18.5,521.9,3,Resolved,Yes
TKT004773,CUST_086,South,Phone,Billing,Low,AGENT_01,2026-03-09,,30.9,,,Open,No
TKT002398,CUST_088,Central,Chat,Other,High,AGENT_05,2026-02-06,2026-02-06,5.3,22.9,3,Resolved,Yes
TKT002074,CUST_068,North,Portal,Delivery Delay,Low,AGENT_11,2026-01-08,2026-01-10,37.7,67.2,4,Resolved,No
TKT002600,CUST_003,North,Portal,Delivery Delay,High,AGENT_04,2026-04-02,,7.7,,,Open,No
TKT000156,CUST_010,Central,Email,Delivery Delay,Low,AGENT_02,2026-05-23,2026-05-28,9.5,125.1,5,Resolved,Yes
TKT003192,CUST_148,South,Portal,Damaged Goods,Medium,AGENT_04,2026-05-14,2026-05-17,9.8,79.0,4,Resolved,Yes
TKT001389,CUST_025,South,Email,Delivery Delay,Medium,AGENT_03,2026-03-30,2026-03-31,8.9,31.1,3,Resolved,No
TKT003763,CUST_078,East,Email,Delivery Delay,High,AGENT_12,2026-01-06,2026-01-06,2.6,16.9,5,Resolved,Yes
TKT001431,CUST_049,East,Email,Delivery Delay,Medium,AGENT_02,2026-05-31,2026-06-01,20.9,25.2,2,Closed,No
TKT002870,CUST_002,North,Chat,Delivery Delay,High,AGENT_04,2026-03-07,2026-03-07,3.7,16.7,4,Closed,Yes
TKT000852,CUST_149,South,Email,Account Access,Low,AGENT_10,2026-06-13,,9.0,55.4,5,Resolved,No
TKT002220,CUST_134,South,Email,Other,Medium,AGENT_07,2026-04-06,2026-04-21,23.8,363.3,5,Closed,Yes
TKT002118,CUST_054,East,Phone,Account Access,Critical,AGENT_14,2026-05-23,2026-05-23,1.2,,5,Resolved,No
TKT004815,CUST_090,South,Phone,Damaged Goods,Medium,AGENT_12,2026-01-05,2026-01-07,9.2,,5,Resolved,Yes
TKT004427,CUST_097,West,Email,Billing,Medium,AGENT_07,2026-05-16,2026-06-05,17.3,500.0,5,Resolved,Yes
TKT003843,CUST_126,Central,Phone,Delivery Delay,Medium,AGENT_07,2026-02-15,2026-03-08,12.0,504.6,4,Resolved,Yes
TKT004749,CUST_117,West,Email,Billing,Low,AGENT_09,2026-06-21,2026-06-24,42.3,73.4,3,Resolved,Yes
TKT000564,CUST_131,North,Email,Billing,Medium,AGENT_06,2026-05-12,2026-05-15,23.6,76.5,5,Closed,Yes
TKT001741,CUST_080,West,Email,Other,Medium,AGENT_03,2026-04-04,,9.7,26.9,5,Resolved,No
TKT000353,CUST_035,West,Email,Delivery Delay,Low,AGENT_05,2026-05-18,2026-05-20,17.9,57.3,5,Closed,No
TKT000657,CUST_146,North,Email,Damaged Goods,Medium,AGENT_04,2026-03-27,2026-03-28,5.3,34.3,4,Resolved,No
TKT003733,CUST_012,West,Email,Billing,Critical,AGENT_15,2026-05-01,2026-05-01,1.2,6.9,1,Resolved,Yes
TKT003540,CUST_133,Central,Portal,Delivery Delay,Low,AGENT_12,2026-03-14,2026-03-16,0.5,57.7,,Reopened,No
TKT001777,CUST_044,South,Email,Damaged Goods,Critical,AGENT_11,2026-05-15,2026-05-15,0.9,5.9,3,Resolved,Yes
TKT000147,CUST_127,South,Email,Delivery Delay,Low,AGENT_05,2026-06-14,2026-06-16,39.2,60.6,5,Resolved,No
TKT002761,CUST_089,South,Portal,Delivery Delay,Low,AGENT_07,2026-04-20,2026-06-09,40.4,1205.3,3,Resolved,Yes
TKT002766,CUST_030,West,Email,Delivery Delay,Low,AGENT_11,2026-01-24,2026-01-31,45.9,189.2,4,Resolved,Yes
TKT004442,CUST_018,South,Email,Delivery Delay,Medium,AGENT_02,2026-06-12,2026-06-14,18.1,59.7,3,Resolved,Yes
TKT003507,CUST_082,North,Chat,Billing,Medium,AGENT_07,2026-02-01,2026-02-13,5.4,288.1,5,Resolved,Yes
TKT002416,CUST_139,East,Phone,Delivery Delay,High,AGENT_05,2026-05-12,2026-05-13,4.7,,,Reopened,Yes
TKT001117,CUST_003,South,Phone,Delivery Delay,Medium,AGENT_15,2026-02-08,2026-02-10,1.3,67.4,4,Closed,Yes
TKT003354,CUST_141,North,Chat,Billing,Medium,AGENT_02,2026-01-23,,19.8,75.1,4,Closed,Yes
TKT004826,CUST_066,North,Chat,Billing,Medium,AGENT_08,2026-05-01,,12.8,,,Open,No
TKT001892,CUST_065,South,Email,Billing,Medium,AGENT_14,2026-06-09,2026-06-12,9.5,74.5,2,Resolved,Yes
TKT003706,CUST_014,Central,Email,Delivery Delay,Low,AGENT_05,2026-02-17,2026-02-19,23.4,55.9,2,Resolved,No
TKT003702,CUST_034,West,Email,Account Access,Low,AGENT_15,2026-04-16,2026-04-20,35.9,98.4,3,Closed,Yes
TKT004394,CUST_059,South,Email,Delivery Delay,High,AGENT_06,2026-03-29,2026-03-29,1.6,15.7,5,Resolved,Yes
TKT001104,CUST_116,West,Phone,Billing,Low,AGENT_11,2026-03-22,2026-03-26,43.4,,,Reopened,Yes
TKT004558,CUST_115,Central,Email,Delivery Delay,Critical,AGENT_06,2026-06-27,2026-06-27,0.8,-9.6,3,Resolved,Yes
TKT003720,CUST_078,East,Email,Delivery Delay,Low,AGENT_04,2026-05-27,2026-06-01,17.8,136.4,5,Resolved,Yes
TKT000237,CUST_027,Central,Portal,Delivery Delay,Critical,AGENT_07,2026-02-10,2026-02-11,0.5,43.8,,Reopened,Yes
TKT002211,CUST_143,Central,Phone,Billing,Low,AGENT_01,2026-05-17,2026-05-20,30.0,,4,Resolved,Yes
TKT001666,CUST_043,North,Email,Delivery Delay,Low,AGENT_05,2026-03-21,2026-03-25,21.1,106.5,3,Resolved,Yes
TKT004139,CUST_104,South,Portal,Damaged Goods,Medium,AGENT_13,2026-03-04,,15.4,37.5,5,Resolved,Yes
TKT003559,CUST_054,West,Portal,Delivery Delay,Critical,AGENT_15,2026-04-27,2026-04-27,1.5,5.3,4,Resolved,Yes
TKT002379,CUST_107,North,Portal,Account Access,Medium,AGENT_11,2026-02-07,2026-02-09,11.0,48.2,4,Resolved,Yes
TKT001687,CUST_014,West,Email,Damaged Goods,High,AGENT_01,2026-05-25,2026-05-25,7.5,15.5,5,Resolved,Yes
TKT000555,CUST_078,North,Chat,Other,Medium,AGENT_09,2026-05-18,,23.2,,,Open,No
TKT001446,CUST_083,South,Email,Delivery Delay,Medium,AGENT_04,2026-01-31,2026-02-01,18.5,46.1,4,Resolved,Yes
TKT004999,CUST_008,South,Portal,Delivery Delay,Low,AGENT_02,2026-06-28,2026-07-02,4.6,119.1,,Reopened,Yes
TKT003297,CUST_141,East,Portal,Account Access,Low,AGENT_04,2026-05-06,2026-05-12,24.8,154.3,4,Resolved,Yes
TKT003474,CUST_077,East,Email,Delivery Delay,Low,AGENT_07,2026-01-07,,8.7,745.2,4,Resolved,Yes
TKT004891,CUST_142,Central,Phone,Billing,Low,AGENT_15,2026-03-01,2026-03-04,21.4,,1,Resolved,Yes
TKT000698,CUST_045,South,Email,Damaged Goods,High,AGENT_12,2026-04-15,2026-04-16,3.5,24.4,4,Resolved,Yes
TKT000249,CUST_067,North,Email,Account Access,Critical,AGENT_02,2026-03-13,2026-03-13,1.7,4.8,5,Closed,Yes
TKT000917,CUST_115,South,Phone,Damaged Goods,Medium,AGENT_08,2026-03-23,2026-03-25,3.4,,5,Resolved,Yes
TKT003349,CUST_150,West,Email,Delivery Delay,High,AGENT_01,2026-01-03,2026-01-03,3.5,7.6,2,Resolved,No
TKT001797,CUST_015,South,Email,Account Access,Low,AGENT_06,2026-03-15,2026-03-15,8.3,18.7,5,Resolved,No
TKT004101,CUST_138,South,Portal,Other,Low,AGENT_06,2026-05-08,2026-05-14,40.8,158.3,4,Resolved,Yes
TKT003664,CUST_073,West,Email,Delivery Delay,Low,AGENT_04,2026-03-07,2026-03-11,46.5,99.4,5,Resolved,Yes
TKT004545,CUST_052,West,Email,Delivery Delay,Critical,AGENT_11,2026-01-20,2026-01-20,0.7,4.2,4,Resolved,Yes
TKT003169,CUST_046,South,Chat,Account Access,Critical,AGENT_14,2026-02-25,2026-02-25,1.3,5.9,5,Resolved,Yes
TKT004123,CUST_121,South,Portal,Damaged Goods,Medium,AGENT_03,2026-06-09,2026-06-10,4.4,35.0,4,Resolved,No
TKT001852,CUST_093,West,Email,Billing,High,AGENT_03,2026-02-17,2026-02-18,6.6,24.5,5,Resolved,Yes
TKT002377,CUST_077,Central,Email,Billing,Medium,AGENT_12,2026-04-05,2026-04-06,18.5,24.7,5,Resolved,No
TKT002111,CUST_080,South,Phone,Billing,Low,AGENT_10,2026-05-07,2026-05-12,45.7,,5,Resolved,Yes
TKT000137,CUST_121,West,Phone,Delivery Delay,Medium,AGENT_07,2026-05-25,2026-06-23,8.1,,4,Closed,Yes
TKT004675,CUST_142,South,Email,Other,Low,AGENT_14,2026-05-08,2026-05-08,1.9,6.2,5,Closed,No
TKT000058,CUST_139,South,Chat,Other,Low,AGENT_12,2026-03-09,2026-03-13,40.0,110.3,4,Resolved,Yes
TKT000422,CUST_105,South,Portal,Delivery Delay,Low,AGENT_13,2026-03-01,2026-03-03,45.3,-11.8,4,Resolved,No
TKT000235,CUST_018,West,Portal,Billing,Medium,AGENT_02,2026-05-30,2026-06-01,20.8,56.7,4,Resolved,Yes
TKT001279,CUST_146,South,Email,Account Access,Medium,AGENT_12,2026-06-19,2026-06-21,22.3,71.8,5,Resolved,Yes
TKT002233,CUST_146,East,Chat,Delivery Delay,Low,AGENT_12,2026-03-04,2026-03-04,15.4,20.5,5,Resolved,No
TKT001027,CUST_047,South,Email,Billing,Critical,AGENT_10,2026-03-18,2026-03-18,1.3,5.8,5,Resolved,Yes
TKT004070,CUST_048,Central,Phone,Damaged Goods,Low,AGENT_03,2026-03-10,2026-03-12,45.6,,5,Resolved,No
TKT004821,CUST_039,South,Chat,Billing,Medium,AGENT_07,2026-02-17,2026-03-18,22.2,699.0,5,Resolved,Yes
TKT004690,CUST_083,East,Email,Billing,Critical,AGENT_06,2026-01-05,,1.9,,,Open,No
TKT001891,CUST_041,South,Phone,Delivery Delay,Medium,AGENT_09,2026-05-11,2026-05-13,20.9,,5,Resolved,Yes
TKT000134,CUST_084,East,Email,Billing,Low,AGENT_15,2026-03-12,2026-03-15,4.0,74.0,5,Resolved,Yes
TKT002564,CUST_071,North,Chat,Delivery Delay,Medium,AGENT_13,2026-03-30,2026-04-01,1.1,-3.9,5,Resolved,Yes
TKT000538,CUST_094,North,Chat,Damaged Goods,Medium,AGENT_12,2026-04-08,2026-04-09,13.8,44.8,5,Resolved,Yes
TKT004274,CUST_145,Central,Phone,Delivery Delay,High,AGENT_04,2026-02-26,2026-02-26,2.5,,4,Closed,Yes
TKT004865,CUST_079,West,Portal,Other,Medium,AGENT_08,2026-02-15,,3.1,,,Open,No
TKT002340,CUST_145,East,Phone,Other,Low,AGENT_05,2026-06-19,2026-06-20,36.1,,2,Closed,No
TKT002092,CUST_025,East,Email,Delivery Delay,Critical,AGENT_08,2026-03-13,,1.6,,,Open,No
TKT001738,CUST_070,West,Email,Account Access,High,AGENT_04,2026-04-07,,4.9,26.7,5,Resolved,Yes
TKT002524,CUST_010,South,Phone,Billing,High,AGENT_13,2026-02-21,2026-02-22,3.5,,5,Closed,Yes
TKT001696,CUST_109,North,Chat,Delivery Delay,High,AGENT_14,2026-04-30,2026-04-30,7.5,13.4,5,Resolved,Yes
TKT001686,CUST_063,West,Chat,Billing,High,AGENT_04,2026-06-25,2026-06-26,2.8,26.5,5,Resolved,Yes
TKT004512,CUST_147,South,Portal,Billing,High,AGENT_01,2026-02-02,2026-02-02,6.6,-4.0,4,Resolved,Yes
TKT002916,CUST_098,West,Email,Delivery Delay,Medium,AGENT_04,2026-03-28,2026-03-29,12.8,45.4,4,Closed,Yes
TKT000104,CUST_122,Central,Chat,Billing,High,AGENT_14,2026-05-27,2026-05-28,4.9,27.2,4,Resolved,Yes
TKT000242,CUST_072,East,Chat,Delivery Delay,High,AGENT_04,2026-06-25,2026-06-26,0.6,24.2,5,Resolved,Yes
TKT004643,CUST_065,Central,Phone,Billing,Medium,AGENT_09,2026-03-29,2026-03-30,13.6,,4,Closed,No
TKT003974,CUST_080,Central,Phone,Billing,Low,AGENT_02,2026-02-07,2026-02-10,38.0,,,Reopened,Yes
TKT000042,CUST_014,South,Email,Damaged Goods,Medium,AGENT_14,2026-02-08,2026-02-09,7.8,37.1,5,Resolved,Yes
TKT003286,CUST_055,South,Chat,Billing,Medium,AGENT_14,2026-06-29,,3.8,,,Open,No
TKT000757,CUST_031,South,Phone,Billing,Medium,AGENT_12,2026-06-29,2026-07-02,6.4,,5,Resolved,Yes
TKT001610,CUST_067,West,Portal,Damaged Goods,Medium,AGENT_01,2026-02-27,,19.6,71.4,,Reopened,Yes
TKT001195,CUST_033,East,Chat,Delivery Delay,High,AGENT_09,2026-01-04,,5.3,13.5,2,Resolved,Yes
TKT002431,CUST_017,North,Email,Other,Critical,AGENT_13,2026-06-16,2026-06-16,1.6,3.8,,Reopened,No
TKT003466,CUST_124,East,Portal,Billing,High,AGENT_02,2026-05-26,2026-05-27,5.8,29.6,4,Resolved,Yes
TKT001621,CUST_045,East,Chat,Account Access,Medium,AGENT_05,2026-05-23,2026-05-26,7.6,78.3,5,Resolved,Yes
TKT001921,CUST_059,East,Email,Damaged Goods,Low,AGENT_07,2026-04-26,,29.9,1954.7,4,Closed,Yes
TKT002737,CUST_073,Central,Portal,Account Access,Low,AGENT_11,2026-03-13,2026-03-14,21.5,44.8,,Reopened,No
TKT000114,CUST_021,South,Email,Other,Low,AGENT_13,2026-02-16,2026-02-19,46.0,93.7,,Reopened,Yes
TKT003014,CUST_092,East,Portal,Damaged Goods,Medium,AGENT_01,2026-01-10,2026-01-11,12.5,31.7,2,Resolved,No
TKT002587,CUST_047,East,Portal,Delivery Delay,Low,AGENT_05,2026-02-26,2026-02-27,7.9,42.8,5,Resolved,No
TKT000390,CUST_049,South,Phone,Billing,Critical,AGENT_13,2026-05-04,2026-05-04,1.2,,5,Resolved,No
TKT002713,CUST_005,West,Email,Billing,Low,AGENT_05,2026-02-20,2026-02-23,43.4,82.8,3,Closed,Yes
TKT000965,CUST_100,East,Portal,Account Access,Low,AGENT_13,,2026-04-04,40.1,53.2,2,Resolved,No
TKT004674,CUST_104,Central,Email,Damaged Goods,Critical,AGENT_09,2026-05-11,2026-05-11,1.2,4.9,4,Resolved,Yes
TKT003345,CUST_103,Central,Phone,Delivery Delay,Low,AGENT_07,2026-06-13,2026-07-26,5.0,,2,Closed,Yes
TKT003182,CUST_064,South,Email,Delivery Delay,Low,AGENT_06,2026-03-17,2026-03-23,25.0,149.6,1,Resolved,Yes
TKT001035,CUST_057,South,Email,Delivery Delay,High,AGENT_12,2026-04-11,,5.6,,,Open,No
TKT001247,CUST_063,West,Email,Delivery Delay,Medium,AGENT_08,2026-04-25,2026-04-26,5.5,42.1,5,Closed,Yes
TKT000307,CUST_033,West,Chat,Damaged Goods,Medium,AGENT_08,2026-04-30,,8.1,,,Open,No
TKT001009,CUST_074,Central,Phone,Delivery Delay,Medium,AGENT_11,2026-06-07,2026-06-08,24.0,,5,Resolved,No
TKT002395,CUST_105,West,Chat,Delivery Delay,High,AGENT_11,2026-04-15,,1.2,7.6,3,Resolved,No
TKT000372,CUST_136,Central,Email,Billing,Low,AGENT_13,2026-05-27,2026-05-30,38.1,95.4,,Reopened,Yes
TKT002294,CUST_001,Central,Portal,Account Access,Low,AGENT_07,2026-03-15,2026-03-30,25.8,361.5,4,Resolved,Yes
TKT001185,CUST_092,Central,Chat,Damaged Goods,Medium,AGENT_14,2026-05-29,,4.8,43.5,4,Resolved,Yes
TKT002008,CUST_032,North,Email,Other,High,AGENT_04,2026-03-06,2026-03-06,7.4,12.3,4,Resolved,Yes
TKT001487,CUST_103,North,Portal,Other,Medium,AGENT_10,2026-04-15,2026-04-16,11.1,41.6,2,Resolved,Yes
TKT003465,CUST_130,North,Email,Account Access,Low,AGENT_07,2026-06-05,2026-08-22,29.8,1882.5,5,Resolved,Yes
TKT001410,CUST_043,Central,Chat,Billing,Medium,AGENT_06,2026-05-19,,2.3,13.5,5,Resolved,No
TKT001727,CUST_133,West,Email,Billing,Critical,AGENT_11,2026-04-27,2026-04-27,0.7,5.7,,Reopened,Yes
TKT002400,CUST_093,North,Email,Damaged Goods,High,AGENT_07,2026-02-11,2026-02-14,2.2,87.9,3,Resolved,Yes
TKT001031,CUST_007,Central,Phone,Billing,Medium,AGENT_01,2026-04-13,2026-04-13,0.9,,3,Resolved,No
TKT004637,CUST_088,Central,Portal,Other,Medium,AGENT_01,2026-03-26,,6.8,,,Open,No
TKT004173,CUST_121,South,Chat,Delivery Delay,Low,AGENT_04,2026-01-10,2026-01-12,36.4,66.2,5,Resolved,No
TKT000928,CUST_033,North,Chat,Billing,Low,AGENT_11,2026-02-19,2026-02-21,8.0,71.8,5,Resolved,No
TKT002806,CUST_003,West,Email,Damaged Goods,High,AGENT_10,2026-06-08,,7.4,,,Open,No
TKT002421,CUST_033,Central,Email,Delivery Delay,Medium,AGENT_13,2026-05-19,,15.3,84.6,4,Resolved,Yes
TKT003620,CUST_096,East,Phone,Billing,Medium,AGENT_10,2026-01-25,2026-01-25,5.0,,3,Resolved,No
TKT001147,CUST_067,North,Chat,Billing,Low,AGENT_02,2026-03-13,2026-03-14,23.1,33.9,3,Resolved,No
TKT001831,CUST_054,West,Phone,Damaged Goods,Medium,AGENT_01,2026-01-12,2026-01-14,6.6,,2,Resolved,Yes
TKT002386,CUST_046,East,Chat,Billing,Low,AGENT_05,,2026-01-26,26.0,56.1,,Reopened,No
TKT001997,CUST_053,East,Chat,Delivery Delay,High,AGENT_15,2026-03-12,2026-03-12,4.7,18.2,5,Closed,Yes
TKT001983,CUST_138,East,Email,Other,Medium,AGENT_06,2026-03-22,2026-03-23,2.5,36.6,4,Resolved,Yes
TKT004002,CUST_139,South,Email,Billing,Low,AGENT_15,2026-03-10,2026-03-15,31.0,125.0,1,Resolved,Yes
TKT002500,CUST_093,North,Email,Delivery Delay,Critical,AGENT_14,2026-01-28,2026-01-28,1.6,6.8,5,Resolved,Yes
TKT003592,CUST_016,West,Email,Delivery Delay,High,AGENT_13,2026-01-14,2026-01-15,7.4,29.3,5,Resolved,Yes
TKT003775,CUST_004,East,Portal,Damaged Goods,Low,AGENT_02,2026-01-07,2026-01-10,25.2,91.9,5,Resolved,Yes
TKT004205,CUST_126,North,Portal,Delivery Delay,High,AGENT_09,2026-03-21,2026-03-21,4.1,14.8,2,Resolved,Yes
TKT003638,CUST_145,North,Email,Delivery Delay,Low,AGENT_12,2026-03-31,2026-04-04,43.1,104.2,5,Resolved,Yes
TKT000448,CUST_115,Central,Email,Billing,Low,AGENT_08,2026-05-05,2026-05-06,22.1,35.7,4,Resolved,No
TKT001775,CUST_088,West,Email,Other,Medium,AGENT_02,2026-06-02,,20.5,78.9,1,Resolved,Yes
TKT004843,CUST_108,West,Chat,Account Access,Medium,AGENT_06,2026-05-09,,21.4,,,Open,No
TKT001583,CUST_080,South,Phone,Billing,Medium,AGENT_03,2026-04-29,2026-04-30,7.5,,4,Resolved,Yes
TKT000395,CUST_121,Central,Portal,Delivery Delay,Medium,AGENT_14,2026-04-10,2026-04-13,22.6,81.5,5,Resolved,Yes
TKT001856,CUST_032,East,Phone,Damaged Goods,Low,AGENT_09,2026-05-27,2026-06-01,18.2,,5,Resolved,Yes
TKT002698,CUST_145,South,Email,Account Access,Medium,AGENT_13,2026-06-30,,18.1,49.2,4,Closed,Yes
TKT001504,CUST_004,East,Chat,Billing,High,AGENT_14,2026-04-02,2026-04-03,7.0,27.4,5,Resolved,Yes
TKT003751,CUST_094,North,Phone,Billing,Medium,AGENT_08,2026-06-17,,0.9,,,Open,No
TKT000775,CUST_112,South,Chat,Other,Medium,AGENT_14,2026-01-07,,19.4,74.5,5,Resolved,Yes
TKT000204,CUST_103,East,Phone,Billing,High,AGENT_15,2026-02-22,,6.6,,,Open,No
TKT000795,CUST_137,South,Portal,Billing,Medium,AGENT_15,2026-01-02,2026-01-02,15.3,21.0,,Reopened,No
TKT004248,CUST_047,West,Email,Other,Low,AGENT_14,2026-02-09,2026-02-14,10.2,131.6,5,Resolved,Yes
TKT000582,CUST_028,Central,Chat,Billing,High,AGENT_10,2026-04-15,2026-04-15,3.2,16.9,4,Closed,Yes
TKT004528,CUST_053,North,Email,Delivery Delay,High,AGENT_13,2026-04-01,,6.3,17.2,,Reopened,Yes
TKT004131,CUST_141,Central,Email,Delivery Delay,High,AGENT_01,2026-01-31,2026-01-31,4.6,13.5,2,Resolved,Yes
TKT001462,CUST_147,South,Chat,Delivery Delay,Low,AGENT_13,2026-01-14,2026-01-17,11.4,77.2,,Reopened,Yes
TKT004980,CUST_043,Central,Chat,Billing,Medium,AGENT_05,2026-05-08,2026-05-09,15.4,39.5,4,Resolved,Yes
TKT001057,CUST_125,South,Chat,Billing,Low,AGENT_13,2026-01-30,,25.5,163.6,,Reopened,Yes
TKT003797,CUST_137,Central,Chat,Damaged Goods,Medium,AGENT_01,2026-02-17,,11.9,,,Open,No
TKT000111,CUST_145,East,Phone,Delivery Delay,High,AGENT_07,2026-01-07,,7.0,119.8,4,Resolved,Yes
TKT004264,CUST_016,Central,Chat,Billing,Low,AGENT_11,2026-06-12,2026-06-15,39.3,84.7,2,Resolved,Yes
TKT003556,CUST_006,East,Email,Delivery Delay,Medium,AGENT_14,2026-02-09,2026-02-12,16.8,84.3,3,Closed,Yes
TKT000394,CUST_144,West,Chat,Delivery Delay,Medium,AGENT_01,2026-01-29,2026-01-30,7.9,29.7,5,Resolved,No
TKT000664,CUST_148,Central,Phone,Delivery Delay,High,AGENT_14,,2026-02-26,5.0,,,Reopened,Yes
TKT001380,CUST_069,North,Chat,Account Access,Medium,AGENT_02,2026-05-06,,15.9,,,Open,No
TKT003683,CUST_115,East,Phone,Delivery Delay,Low,AGENT_09,2026-02-25,2026-02-26,21.7,,5,Resolved,No
TKT000923,CUST_108,Central,Chat,Account Access,Low,AGENT_06,2026-06-21,2026-06-22,22.0,29.9,5,Resolved,No
TKT001771,CUST_015,West,Email,Account Access,High,AGENT_05,2026-05-21,,4.4,,,Open,No
TKT002192,CUST_068,East,Phone,Delivery Delay,Medium,AGENT_02,2026-06-16,2026-06-17,19.0,,4,Resolved,No
TKT004791,CUST_066,Central,Chat,Delivery Delay,High,AGENT_01,2026-01-07,2026-01-07,2.1,12.7,5,Resolved,Yes
TKT001998,CUST_003,South,Email,Account Access,Medium,AGENT_13,2026-01-14,2026-01-17,21.4,85.8,5,Resolved,Yes
TKT001691,CUST_078,South,Chat,Delivery Delay,Low,AGENT_11,2026-01-13,2026-01-17,39.0,103.9,5,Resolved,Yes
TKT004964,CUST_133,East,Portal,Delivery Delay,Medium,AGENT_11,2026-01-31,2026-02-01,13.8,42.7,1,Resolved,Yes
TKT003569,CUST_131,North,Chat,Other,Medium,AGENT_04,2026-03-16,2026-03-18,11.2,50.9,,Reopened,Yes
TKT003905,CUST_119,South,Chat,Other,Medium,AGENT_15,2026-04-14,2026-04-16,12.7,49.3,4,Resolved,Yes
TKT004610,CUST_039,Central,Email,Account Access,High,AGENT_14,2026-03-16,2026-03-16,5.3,12.3,3,Resolved,Yes
TKT002623,CUST_049,South,Phone,Account Access,High,AGENT_04,2026-05-11,2026-05-11,4.5,,4,Resolved,Yes
TKT004217,CUST_136,East,Phone,Delivery Delay,High,AGENT_03,2026-01-28,,0.8,,,Reopened,Yes
TKT001065,CUST_017,South,Portal,Billing,High,AGENT_05,2026-03-31,2026-03-31,7.5,17.3,3,Resolved,Yes
TKT004609,CUST_093,Central,Email,Other,High,AGENT_10,2026-03-04,2026-03-04,0.9,21.7,5,Resolved,Yes
TKT000936,CUST_104,East,Email,Billing,Low,AGENT_04,2026-04-30,2026-05-01,11.6,31.6,1,Closed,No
TKT003303,CUST_125,Central,Portal,Billing,Medium,AGENT_09,2026-06-25,,8.5,53.5,,Reopened,Yes
TKT000050,CUST_042,East,Phone,Billing,High,AGENT_01,2026-01-12,,1.8,,,Open,No
TKT002093,CUST_003,North,Email,Billing,Low,AGENT_09,2026-03-09,2026-03-14,43.7,135.1,3,Resolved,Yes
TKT001329,CUST_118,North,Phone,Delivery Delay,Critical,AGENT_08,2026-05-17,,1.3,,5,Resolved,No
TKT004104,CUST_120,West,Email,Delivery Delay,Low,AGENT_09,2026-06-03,,33.5,,,Open,No
TKT001244,CUST_112,North,Phone,Delivery Delay,Medium,AGENT_14,2026-01-11,2026-01-12,13.7,30.8,2,Resolved,No
TKT000625,CUST_089,East,Portal,Account Access,Low,AGENT_03,2026-01-09,,16.0,123.3,3,Resolved,Yes
TKT000792,CUST_013,West,Email,Other,Medium,AGENT_09,2026-04-01,,7.3,,,Open,No
TKT004376,CUST_034,Central,Chat,Delivery Delay,High,AGENT_13,2026-05-23,2026-05-24,2.6,25.6,4,Closed,Yes
TKT003575,CUST_092,West,Portal,Delivery Delay,Medium,AGENT_02,2026-01-05,2026-01-07,1.7,60.6,4,Closed,Yes
TKT003771,CUST_131,Central,Email,Billing,High,AGENT_03,2026-04-24,,4.2,,,Open,No
TKT004776,CUST_039,North,Email,Delivery Delay,Medium,AGENT_09,2026-04-18,2026-04-19,12.3,33.8,4,Resolved,No
TKT000317,CUST_116,North,Email,Billing,Low,AGENT_14,2026-03-28,2026-04-02,19.5,143.5,4,Resolved,Yes
TKT000218,CUST_099,West,Phone,Delivery Delay,Medium,AGENT_13,2026-02-25,2026-02-27,5.5,61.3,5,Closed,Yes
TKT002166,CUST_029,North,Portal,Other,Low,AGENT_04,2026-04-25,2026-05-01,31.2,146.4,4,Resolved,Yes
TKT002626,CUST_024,West,Email,Damaged Goods,Low,AGENT_05,2026-01-25,,27.2,,,Open,No
TKT002108,CUST_067,East,Phone,Delivery Delay,Critical,AGENT_13,2026-05-02,,1.6,,,Open,No
TKT002045,CUST_047,South,Portal,Billing,Medium,AGENT_14,2026-01-18,2026-01-19,21.3,44.1,2,Resolved,Yes
TKT004987,CUST_032,South,Phone,Delivery Delay,Low,AGENT_11,2026-04-02,,22.3,,3,Resolved,Yes
TKT000568,CUST_013,Central,Portal,Billing,Low,AGENT_06,2026-03-03,2026-03-06,38.6,72.9,4,Resolved,Yes
TKT002818,CUST_149,East,Email,Account Access,Low,AGENT_07,2026-03-11,2026-04-18,34.2,931.6,1,Resolved,Yes
TKT002157,CUST_145,Central,Chat,Damaged Goods,High,AGENT_04,2026-05-27,2026-05-27,1.4,10.1,5,Resolved,No
TKT002035,CUST_101,West,Phone,Billing,Low,AGENT_12,2026-06-19,2026-06-24,13.1,,5,Resolved,Yes
TKT001072,CUST_008,Central,Portal,Damaged Goods,Low,AGENT_02,2026-05-31,2026-06-05,16.5,134.0,4,Closed,Yes
TKT002197,CUST_051,North,Chat,Damaged Goods,Low,AGENT_14,2026-05-12,,44.0,171.2,5,Closed,Yes
TKT004801,CUST_142,East,Chat,Billing,Low,AGENT_02,2026-05-30,2026-06-03,48.0,115.5,3,Resolved,Yes
TKT000127,CUST_082,West,Chat,Billing,Medium,AGENT_14,2026-03-24,2026-03-26,7.8,59.6,,Reopened,Yes
TKT001606,CUST_113,North,Email,Delivery Delay,Low,AGENT_03,2026-03-27,2026-03-29,41.6,55.0,1,Resolved,No
TKT001429,CUST_118,North,Phone,Delivery Delay,High,AGENT_13,,2026-03-22,3.9,,2,Resolved,Yes
TKT000219,CUST_075,North,Portal,Other,Critical,AGENT_01,2026-05-12,2026-05-12,1.6,3.6,4,Resolved,No
TKT003541,CUST_089,North,Phone,Billing,Low,AGENT_05,2026-02-24,2026-02-28,30.0,,3,Resolved,Yes
TKT004571,CUST_133,East,Portal,Damaged Goods,Medium,AGENT_11,2026-01-08,2026-01-10,5.4,60.9,5,Resolved,Yes
TKT002874,CUST_040,East,Email,Damaged Goods,Low,AGENT_10,2026-06-30,2026-07-04,45.1,107.1,2,Resolved,Yes
TKT000211,CUST_037,East,Email,Billing,Low,AGENT_11,2026-02-01,2026-02-04,47.7,86.1,,Reopened,Yes
TKT002226,CUST_127,North,Phone,Account Access,Low,AGENT_04,2026-06-23,2026-06-26,5.2,,5,Resolved,Yes
TKT000570,CUST_009,West,Portal,Billing,Critical,AGENT_07,2026-05-16,2026-05-18,1.1,-11.1,5,Resolved,Yes
TKT001266,CUST_085,East,Email,Account Access,Low,AGENT_12,2026-03-29,2026-03-30,16.0,37.4,4,Resolved,No
TKT000412,CUST_138,North,Phone,Other,High,AGENT_11,2026-04-27,,3.3,,5,Resolved,No
TKT002489,CUST_115,East,Phone,Damaged Goods,Low,AGENT_01,2026-01-25,,25.9,,5,Resolved,Yes
TKT000930,CUST_137,South,Email,Other,Medium,AGENT_13,2026-02-02,2026-02-02,3.8,5.9,5,Resolved,No
TKT004228,CUST_094,East,Portal,Other,High,AGENT_14,2026-01-11,2026-01-11,6.9,23.2,,Reopened,Yes
TKT003427,CUST_014,East,Email,Damaged Goods,Medium,AGENT_01,2026-06-04,2026-06-07,22.7,87.7,5,Resolved,Yes
TKT002388,CUST_022,North,Phone,Damaged Goods,Critical,AGENT_07,2026-06-05,,0.5,,,Open,No
TKT003165,CUST_030,West,Chat,Damaged Goods,Medium,AGENT_08,2026-04-29,2026-04-29,8.7,22.4,4,Resolved,No
TKT002827,CUST_091,South,Portal,Account Access,Low,AGENT_13,2026-06-27,2026-06-30,14.5,87.1,5,Resolved,Yes
TKT000814,CUST_142,East,Portal,Account Access,High,AGENT_10,2026-02-07,2026-02-07,2.5,13.9,5,Resolved,Yes
TKT001655,CUST_062,Central,Chat,Delivery Delay,Medium,AGENT_12,2026-04-04,2026-04-06,2.2,66.5,3,Resolved,Yes
TKT002984,CUST_077,South,Chat,Other,Medium,AGENT_02,2026-05-13,,23.5,-10.1,4,Resolved,Yes
TKT001682,CUST_143,Central,Portal,Delivery Delay,Low,AGENT_11,2026-05-28,2026-05-31,16.3,95.1,,Reopened,Yes
TKT003293,CUST_005,South,Chat,Billing,Medium,AGENT_10,2026-03-25,2026-03-27,12.4,56.8,3,Resolved,Yes
TKT001528,CUST_084,East,Email,Billing,High,AGENT_02,2026-06-17,2026-06-17,2.4,19.0,5,Closed,Yes
TKT001242,CUST_127,South,Chat,Delivery Delay,Medium,AGENT_14,2026-02-17,2026-02-20,6.5,76.8,4,Closed,Yes
TKT001036,CUST_135,West,Portal,Billing,Low,AGENT_14,2026-05-30,2026-06-04,40.5,125.2,3,Resolved,Yes
TKT003606,CUST_101,West,Chat,Billing,Low,AGENT_10,2026-03-18,,42.1,81.0,4,Resolved,Yes
TKT000131,CUST_149,East,Email,Billing,High,AGENT_08,2026-01-06,2026-01-06,2.7,19.3,4,Resolved,Yes
TKT004716,CUST_090,Central,Email,Account Access,Medium,AGENT_15,2026-01-14,2026-01-15,15.3,44.7,,Reopened,Yes
TKT001827,CUST_094,North,Phone,Other,Medium,AGENT_08,2026-06-23,2026-06-23,11.0,,5,Resolved,No
TKT002736,CUST_027,East,Portal,Billing,Low,AGENT_14,2026-06-19,,15.6,53.0,,Reopened,No
TKT000452,CUST_086,North,Chat,Other,Low,AGENT_13,2026-03-02,2026-03-03,2.4,43.6,5,Closed,No
TKT003113,CUST_092,South,Portal,Other,Critical,AGENT_09,2026-03-16,2026-03-16,0.9,3.8,2,Resolved,No
TKT001960,CUST_149,East,Portal,Billing,Low,AGENT_10,2026-04-12,2026-04-15,37.2,94.9,5,Resolved,Yes
TKT003623,CUST_096,West,Portal,Other,High,AGENT_04,2026-02-13,2026-02-13,4.8,6.9,5,Resolved,No
TKT001227,CUST_113,West,Chat,Delivery Delay,Medium,AGENT_13,2026-02-09,2026-02-11,1.0,65.9,2,Resolved,Yes
TKT002898,CUST_056,West,Phone,Billing,Medium,AGENT_04,2026-01-16,2026-01-19,22.3,,4,Resolved,Yes
TKT000067,CUST_049,East,Email,Account Access,Low,AGENT_14,2026-06-25,,21.7,160.3,5,Resolved,Yes
TKT001765,CUST_081,East,Phone,Delivery Delay,Medium,AGENT_03,2026-06-30,2026-07-01,6.3,,4,Resolved,Yes
TKT003926,CUST_013,North,Email,Account Access,High,AGENT_10,2026-02-25,2026-02-25,4.1,22.8,,Reopened,Yes
TKT000737,CUST_048,North,Portal,Billing,Medium,AGENT_03,2026-01-18,,3.4,,,Open,No
TKT001141,CUST_001,West,Email,Damaged Goods,Medium,AGENT_05,2026-06-16,2026-06-18,6.0,67.1,,Reopened,Yes
TKT002221,CUST_140,West,Phone,Damaged Goods,Low,AGENT_05,2026-02-03,2026-02-04,12.7,,3,Resolved,No
TKT004981,CUST_012,Central,Chat,Account Access,Low,AGENT_11,2026-03-30,2026-04-01,45.7,50.6,4,Closed,No
TKT000015,CUST_144,East,Email,Damaged Goods,Low,AGENT_04,2026-01-17,,15.6,,,Open,No
TKT003336,CUST_037,South,Chat,Damaged Goods,Medium,AGENT_04,2026-01-15,2026-01-16,16.9,27.8,,Reopened,No
TKT002850,CUST_021,West,Email,Account Access,Low,AGENT_03,2026-04-08,2026-04-11,38.4,95.4,3,Closed,Yes
TKT003167,CUST_063,Central,Chat,Billing,High,AGENT_01,2026-05-17,,1.0,6.2,3,Resolved,No
TKT000592,CUST_021,South,Email,Billing,Critical,AGENT_10,2026-05-20,,0.8,,,Open,No
TKT003842,CUST_042,West,Phone,Billing,Medium,AGENT_12,2026-04-08,2026-04-08,4.8,,,Reopened,No
TKT001224,CUST_147,West,Chat,Account Access,High,AGENT_13,2026-06-26,2026-06-26,4.9,14.6,,Reopened,Yes
TKT002089,CUST_043,West,Email,Delivery Delay,Medium,AGENT_10,2026-05-22,,16.6,,,Open,No
TKT002434,CUST_017,Central,Email,Delivery Delay,Low,AGENT_14,2026-04-17,2026-04-22,5.0,141.1,4,Resolved,Yes
TKT002647,CUST_096,West,Portal,Delivery Delay,Medium,AGENT_06,2026-03-27,2026-03-28,3.4,24.9,3,Resolved,No
TKT004589,CUST_076,South,Phone,Delivery Delay,Critical,AGENT_02,2026-06-03,2026-06-03,0.7,,5,Resolved,Yes
TKT002439,CUST_111,East,Chat,Delivery Delay,Low,AGENT_14,2026-04-19,2026-04-20,20.1,36.6,2,Resolved,No
TKT004573,CUST_106,East,Email,Delivery Delay,Low,AGENT_04,2026-03-10,,45.7,124.5,4,Resolved,Yes
TKT000895,CUST_070,South,Phone,Other,Critical,AGENT_03,2026-05-13,2026-05-13,1.8,,4,Resolved,No
TKT004403,CUST_046,West,Portal,Billing,Medium,AGENT_02,2026-06-14,2026-06-16,19.0,64.5,5,Resolved,Yes
TKT002513,CUST_037,North,Email,Damaged Goods,Critical,AGENT_10,2026-04-14,2026-04-14,0.6,5.8,4,Resolved,Yes
TKT001387,CUST_015,East,Portal,Billing,Medium,AGENT_11,2026-02-04,2026-02-04,11.6,15.0,3,Resolved,No
TKT003685,CUST_028,Central,Email,Damaged Goods,Low,AGENT_03,2026-05-28,2026-06-01,23.0,98.5,3,Resolved,Yes
TKT002574,CUST_108,North,Chat,Billing,Medium,AGENT_14,2026-03-24,2026-03-26,14.7,53.1,5,Resolved,Yes
TKT004251,CUST_131,East,Chat,Account Access,Medium,AGENT_06,2026-03-04,2026-03-06,13.8,61.7,4,Resolved,Yes
TKT002910,CUST_058,North,Chat,Billing,Low,AGENT_06,2026-04-19,2026-04-23,9.7,103.9,5,Resolved,Yes
TKT004592,CUST_081,West,Email,Damaged Goods,Medium,AGENT_02,2026-06-04,2026-06-05,12.4,44.0,4,Resolved,Yes
TKT004636,CUST_019,Central,Chat,Damaged Goods,Medium,AGENT_13,2026-04-15,2026-04-17,9.3,63.2,5,Resolved,Yes
TKT000034,CUST_019,West,Portal,Account Access,Medium,AGENT_05,2026-02-01,2026-02-02,22.3,38.2,2,Closed,Yes
TKT004875,CUST_091,North,Phone,Delivery Delay,Critical,AGENT_13,2026-05-06,,1.0,,4,Resolved,Yes
TKT001019,CUST_009,South,Phone,Damaged Goods,Critical,AGENT_05,2026-04-30,2026-04-30,0.5,,4,Resolved,No
TKT003510,CUST_009,East,Portal,Delivery Delay,Low,AGENT_08,2026-03-11,2026-03-15,42.7,96.7,5,Resolved,Yes
TKT002727,CUST_087,North,Phone,Billing,Low,AGENT_10,2026-02-14,,47.9,,,Open,No
TKT000982,CUST_046,South,Chat,Other,Low,AGENT_04,2026-03-25,2026-03-25,2.5,17.0,4,Resolved,No
TKT002014,CUST_056,South,Chat,Billing,Low,AGENT_15,2026-01-01,2026-01-06,33.0,134.1,5,Resolved,Yes
TKT003090,CUST_016,West,Email,Account Access,High,AGENT_15,2026-01-24,2026-01-25,7.6,31.0,5,Resolved,Yes
TKT002834,CUST_077,South,Chat,Other,Low,AGENT_07,2026-04-12,2026-06-07,44.6,1352.2,5,Resolved,Yes
TKT003200,CUST_003,East,Email,Account Access,High,AGENT_01,2026-05-16,2026-05-16,1.5,19.1,5,Resolved,Yes
TKT002782,CUST_002,East,Phone,Delivery Delay,Low,AGENT_03,2026-01-23,,19.2,,,Open,No
TKT002174,CUST_086,South,Email,Account Access,Low,AGENT_08,2026-05-20,2026-05-21,10.6,28.4,2,Resolved,No
TKT004649,CUST_056,West,Phone,Billing,Medium,AGENT_13,2026-04-13,2026-04-13,4.3,17.4,5,Resolved,No
TKT001923,CUST_141,Central,Portal,Billing,High,AGENT_02,2026-01-08,2026-01-08,2.0,23.4,5,Resolved,Yes
TKT001957,CUST_124,South,Portal,Delivery Delay,Low,AGENT_12,2026-01-23,2026-01-25,4.8,63.4,4,Closed,No
TKT004880,CUST_047,North,Email,Billing,High,AGENT_06,2026-03-30,,5.2,,,Open,No
TKT004019,CUST_062,South,Phone,Billing,Low,AGENT_11,2026-01-11,2026-01-12,21.4,30.0,5,Resolved,No
TKT004599,CUST_071,East,Chat,Billing,Low,AGENT_14,2026-03-06,2026-03-08,17.8,62.9,5,Resolved,No
TKT002047,CUST_017,South,Chat,Damaged Goods,Critical,AGENT_06,2026-05-11,2026-05-11,1.0,5.3,4,Resolved,Yes
TKT003943,CUST_026,North,Email,Delivery Delay,Low,AGENT_10,2026-01-04,2026-01-10,31.2,160.2,5,Resolved,Yes
TKT004022,CUST_113,East,Phone,Delivery Delay,Low,AGENT_15,2026-06-18,2026-06-20,21.4,,4,Closed,No
TKT002085,CUST_105,East,Phone,Billing,Low,AGENT_08,2026-02-12,2026-02-14,5.3,,5,Resolved,No
TKT002694,CUST_018,West,Email,Billing,Low,AGENT_08,2026-03-06,2026-03-10,1.7,99.7,4,Resolved,Yes
TKT002059,CUST_035,Central,Phone,Billing,Medium,AGENT_13,2026-06-27,2026-06-30,8.0,,3,Closed,Yes
TKT001132,CUST_077,West,Email,Delivery Delay,Low,AGENT_13,2026-01-22,2026-01-25,12.6,95.5,5,Resolved,Yes
TKT004166,CUST_118,Central,Chat,Billing,Medium,AGENT_12,2026-04-25,2026-04-27,1.6,59.1,,Reopened,Yes
TKT004013,CUST_115,South,Chat,Damaged Goods,Low,AGENT_02,2026-05-30,,36.9,-2.7,4,Resolved,Yes
TKT003742,CUST_115,South,Phone,Billing,High,AGENT_10,2026-03-10,2026-03-10,0.6,,4,Resolved,Yes
TKT004487,CUST_054,Central,Chat,Other,Critical,AGENT_04,2026-06-18,,1.6,,,Open,No
TKT001553,CUST_146,East,Portal,Delivery Delay,Medium,AGENT_15,2026-03-10,2026-03-12,12.4,67.9,3,Resolved,Yes
TKT002985,CUST_109,Central,Chat,Billing,Low,AGENT_03,2026-04-16,2026-04-18,34.3,50.3,2,Resolved,No
TKT002286,CUST_038,North,Chat,Other,Critical,AGENT_11,2026-03-12,2026-03-12,2.0,4.0,2,Resolved,No
TKT001632,CUST_106,Central,Email,Account Access,Low,AGENT_08,2026-03-31,2026-04-02,1.7,56.1,2,Resolved,No
TKT004132,CUST_012,Central,Email,Account Access,Medium,AGENT_02,2026-05-05,2026-05-08,10.8,75.4,4,Resolved,Yes
TKT000385,CUST_129,South,Phone,Delivery Delay,Low,AGENT_03,2026-05-13,,30.1,,5,Resolved,No
TKT000062,CUST_044,Central,Phone,Billing,Medium,AGENT_12,2026-01-22,2026-01-22,1.3,,4,Closed,No
TKT002031,CUST_019,Central,Email,Delivery Delay,Medium,AGENT_06,2026-06-11,2026-06-14,20.2,88.5,2,Resolved,Yes
TKT001212,CUST_014,Central,Email,Damaged Goods,Medium,AGENT_07,2026-04-05,2026-05-06,19.7,747.4,3,Resolved,Yes
TKT004642,CUST_079,South,Chat,Other,High,AGENT_04,2026-01-29,2026-01-30,5.5,26.3,5,Closed,Yes
TKT001507,CUST_098,Central,Email,Account Access,Medium,AGENT_04,2026-03-06,2026-03-08,19.2,59.9,5,Resolved,Yes
TKT003902,CUST_116,South,Chat,Billing,Medium,AGENT_14,2026-04-30,2026-05-02,4.5,48.0,4,Resolved,Yes
TKT000615,CUST_023,North,Email,Delivery Delay,Low,AGENT_12,2026-03-03,2026-03-07,17.3,-5.6,4,Closed,Yes
TKT001913,CUST_109,Central,Email,Delivery Delay,Medium,AGENT_14,2026-05-17,2026-05-18,20.6,-18.2,4,Resolved,Yes
TKT000429,CUST_148,West,Email,Damaged Goods,Low,AGENT_12,2026-05-04,,15.4,124.6,5,Resolved,Yes
TKT001444,CUST_095,North,Chat,Billing,Medium,AGENT_07,2026-01-14,,18.9,247.0,5,Closed,Yes
TKT002202,CUST_136,North,Phone,Delivery Delay,Low,AGENT_09,2026-06-22,2026-06-23,10.2,,5,Closed,No
TKT001796,CUST_060,East,Phone,Billing,Low,AGENT_11,2026-03-17,2026-03-19,48.0,,2,Resolved,No
TKT001969,CUST_004,South,Phone,Delivery Delay,High,AGENT_07,2026-05-01,2026-05-08,3.6,,3,Resolved,Yes
TKT001808,CUST_061,East,Email,Damaged Goods,High,AGENT_05,2026-05-07,2026-05-07,1.0,20.5,2,Resolved,Yes
TKT002136,CUST_141,Central,Phone,Damaged Goods,Medium,AGENT_03,2026-04-09,2026-04-10,13.6,32.9,4,Closed,No
TKT000312,CUST_086,West,Chat,Account Access,High,AGENT_04,2026-01-07,,5.1,23.1,4,Resolved,Yes
TKT001749,CUST_039,South,Chat,Damaged Goods,Medium,AGENT_07,2026-04-19,2026-05-16,16.2,648.7,5,Closed,Yes
TKT004782,CUST_021,Central,Portal,Damaged Goods,Medium,AGENT_01,2026-03-25,2026-03-28,20.8,75.7,5,Resolved,Yes
TKT001073,CUST_137,West,Email,Other,Critical,AGENT_15,2026-04-29,2026-04-29,1.6,4.4,5,Resolved,Yes
TKT004482,CUST_001,South,Email,Delivery Delay,Critical,AGENT_15,2026-04-16,2026-04-16,0.9,5.9,4,Resolved,Yes
TKT000083,CUST_015,East,Phone,Delivery Delay,Medium,AGENT_13,2026-06-03,2026-06-04,15.5,,4,Resolved,No
TKT003024,CUST_077,South,Chat,Billing,Low,AGENT_02,2026-05-20,2026-05-26,39.6,166.7,5,Resolved,Yes
TKT001656,CUST_124,East,Email,Billing,Critical,AGENT_02,2026-05-19,2026-05-19,1.2,6.4,5,Closed,Yes
TKT001491,CUST_009,South,Chat,Account Access,Low,AGENT_08,2026-03-09,,19.7,,,Open,No
TKT003305,CUST_139,North,Email,Billing,Critical,AGENT_01,2026-01-14,2026-01-14,1.8,4.3,1,Resolved,Yes
TKT003989,CUST_009,Central,Email,Billing,Medium,AGENT_14,2026-01-09,,4.9,,,Open,No
TKT001090,CUST_032,Central,Portal,Other,Medium,AGENT_13,2026-03-11,2026-03-12,20.2,47.8,4,Resolved,Yes
TKT002282,CUST_113,Central,Chat,Billing,High,AGENT_05,2026-06-05,2026-06-05,6.8,9.7,2,Closed,No
TKT000913,CUST_113,Central,Portal,Account Access,Medium,AGENT_08,2026-06-22,2026-06-25,20.1,91.4,5,Closed,Yes
TKT002120,CUST_036,East,Chat,Other,Low,AGENT_08,2026-02-15,2026-02-18,1.1,85.3,4,Resolved,Yes
TKT000563,CUST_097,West,Email,Delivery Delay,High,AGENT_11,2026-04-11,2026-04-11,6.7,17.2,1,Resolved,Yes
TKT003478,CUST_087,East,Email,Delivery Delay,Medium,AGENT_14,2026-01-20,2026-01-23,3.3,72.7,5,Resolved,Yes
TKT003277,CUST_081,East,Phone,Delivery Delay,Low,AGENT_01,2026-01-12,2026-01-16,39.8,,1,Resolved,Yes
TKT001638,CUST_045,Central,Phone,Delivery Delay,Low,AGENT_01,2026-02-13,2026-02-16,43.0,,4,Resolved,Yes
TKT001953,CUST_076,West,Chat,Delivery Delay,High,AGENT_12,2026-04-03,2026-04-04,0.5,24.3,,Reopened,Yes
TKT001344,CUST_088,East,Chat,Account Access,Medium,AGENT_07,2026-03-11,,17.3,,,Open,No
TKT001719,CUST_116,South,Phone,Delivery Delay,Low,AGENT_01,2026-01-31,2026-02-03,14.9,,,Reopened,Yes
TKT000340,CUST_106,East,Portal,Billing,Medium,AGENT_07,2026-03-29,2026-04-03,3.0,143.5,4,Closed,Yes
TKT001048,CUST_081,North,Email,Delivery Delay,Medium,AGENT_05,2026-06-29,,6.3,23.5,4,Closed,No
TKT000700,CUST_100,Central,Phone,Billing,Critical,AGENT_14,2026-05-07,2026-05-07,1.5,,2,Closed,Yes
TKT004343,CUST_126,South,Email,Delivery Delay,Medium,AGENT_15,2026-04-08,2026-04-09,9.2,29.9,4,Resolved,No
TKT004367,CUST_127,Central,Email,Account Access,Low,AGENT_10,2026-03-01,2026-03-08,38.5,182.0,,Reopened,Yes
TKT003211,CUST_080,East,Portal,Delivery Delay,Medium,AGENT_09,2026-06-26,2026-06-27,14.4,38.5,4,Closed,Yes
TKT001499,CUST_001,Central,Portal,Delivery Delay,Medium,AGENT_10,2026-01-27,2026-01-29,9.6,59.4,4,Resolved,Yes
TKT004645,CUST_077,North,Email,Damaged Goods,Medium,AGENT_02,2026-06-26,2026-06-28,5.8,55.7,5,Resolved,Yes
TKT001139,CUST_104,South,Email,Delivery Delay,Critical,AGENT_15,2026-05-25,2026-05-25,1.8,6.8,,Reopened,Yes
TKT004270,CUST_009,North,Email,Account Access,Medium,AGENT_14,2026-05-23,2026-05-26,3.9,73.6,4,Closed,Yes
TKT004094,CUST_079,West,Phone,Account Access,Medium,AGENT_07,2026-04-09,2026-05-05,7.1,,5,Resolved,Yes
TKT003658,CUST_002,East,Chat,Damaged Goods,Medium,AGENT_11,2026-06-14,2026-06-15,1.7,36.9,2,Resolved,Yes
TKT002088,CUST_146,South,Email,Damaged Goods,Low,AGENT_14,2026-06-24,2026-06-26,4.2,52.2,5,Resolved,No
TKT000610,CUST_090,East,Email,Other,Critical,AGENT_13,2026-02-12,,1.6,,,Open,No
TKT001003,CUST_075,East,Chat,Damaged Goods,High,AGENT_10,2026-03-25,2026-03-25,7.6,12.2,3,Resolved,Yes
TKT001161,CUST_047,West,Email,Billing,Medium,AGENT_09,2026-03-07,2026-03-07,1.1,16.2,4,Resolved,No
TKT003273,CUST_145,South,Phone,Delivery Delay,Medium,AGENT_05,2026-05-06,2026-05-07,23.2,,4,Resolved,Yes
TKT002890,CUST_108,South,Chat,Billing,Medium,AGENT_04,2026-03-19,2026-03-21,5.3,56.2,5,Resolved,Yes
TKT003009,CUST_065,West,Email,Billing,Critical,AGENT_01,2026-06-19,2026-06-19,1.7,6.8,5,Resolved,Yes
TKT002774,CUST_041,North,Phone,Billing,Critical,AGENT_01,2026-04-20,2026-04-20,1.0,6.2,,Reopened,Yes
TKT001881,CUST_015,Central,Email,Billing,Low,AGENT_08,2026-03-02,,9.9,139.1,3,Resolved,Yes
TKT003288,CUST_119,North,Phone,Billing,Low,AGENT_13,2026-02-11,2026-02-16,23.1,,5,Resolved,Yes
TKT002040,CUST_127,East,Chat,Billing,Low,AGENT_02,2026-01-05,,6.0,93.8,3,Resolved,Yes
TKT000730,CUST_137,South,Portal,Billing,High,AGENT_05,2026-06-23,,7.0,12.1,4,Closed,Yes
TKT003653,CUST_041,West,Phone,Other,Low,AGENT_12,2026-03-30,2026-04-02,7.9,,5,Resolved,Yes
TKT002177,CUST_022,North,Email,Billing,Low,AGENT_02,,2026-06-19,18.3,42.0,4,Resolved,No
TKT004222,CUST_134,North,Email,Delivery Delay,Medium,AGENT_15,2026-06-03,2026-06-05,13.9,66.9,,Reopened,Yes
TKT000551,CUST_118,South,Phone,Billing,Low,AGENT_04,2026-03-09,2026-03-13,25.1,,4,Resolved,Yes
TKT002486,CUST_083,South,Portal,Billing,Low,AGENT_04,2026-05-26,2026-05-31,8.4,121.4,5,Closed,Yes
TKT003381,CUST_080,South,Chat,Other,Low,AGENT_04,2026-02-06,2026-02-09,14.4,94.6,4,Resolved,Yes
TKT002497,CUST_046,East,Email,Account Access,Critical,AGENT_07,2026-02-07,2026-02-08,0.6,33.1,2,Resolved,Yes
TKT003567,CUST_027,South,Portal,Damaged Goods,Low,AGENT_14,2026-03-17,,15.3,,,Open,No
TKT004525,CUST_099,North,Email,Billing,Low,AGENT_13,2026-01-17,2026-01-19,7.9,63.0,5,Resolved,No
TKT003190,CUST_112,East,Email,Billing,Medium,AGENT_02,2026-04-13,2026-04-14,14.2,25.4,2,Resolved,No
TKT000366,CUST_003,North,Email,Damaged Goods,High,AGENT_08,2026-06-24,2026-06-24,0.9,13.6,5,Resolved,Yes
TKT000007,CUST_062,North,Chat,Other,Critical,AGENT_10,2026-03-30,2026-03-30,1.2,4.7,3,Closed,Yes
TKT001647,CUST_062,South,Email,Delivery Delay,Medium,AGENT_01,2026-03-30,2026-04-01,16.4,56.4,5,Resolved,Yes
TKT001815,CUST_149,North,Email,Billing,Medium,AGENT_01,2026-06-09,2026-06-11,9.4,63.7,5,Closed,Yes
TKT002723,CUST_141,North,Chat,Account Access,Low,AGENT_12,2026-06-22,2026-06-23,6.1,31.0,4,Closed,No
TKT004386,CUST_090,North,Email,Other,Critical,AGENT_06,2026-02-26,2026-02-26,1.8,7.0,2,Resolved,Yes
TKT003300,CUST_052,West,Phone,Account Access,Medium,AGENT_15,2026-04-06,,13.4,,,Reopened,No
TKT000025,CUST_091,North,Email,Damaged Goods,Low,AGENT_13,2026-06-21,2026-06-24,3.7,78.4,3,Resolved,Yes
TKT002836,CUST_144,North,Email,Delivery Delay,Low,AGENT_14,2026-06-13,,38.4,-11.6,1,Resolved,Yes
TKT003122,CUST_074,Central,Phone,Billing,Low,AGENT_14,2026-02-02,2026-02-05,4.9,,2,Resolved,Yes
TKT004056,CUST_032,West,Email,Billing,High,AGENT_10,2026-03-04,,0.9,,,Open,No
TKT002962,CUST_024,West,Chat,Delivery Delay,Low,AGENT_12,2026-01-17,2026-01-23,37.4,165.9,4,Resolved,Yes
TKT003860,CUST_012,South,Email,Damaged Goods,Low,AGENT_07,2026-05-09,2026-07-21,20.0,1762.5,5,Resolved,Yes
TKT004073,CUST_048,East,Chat,Delivery Delay,High,AGENT_09,2026-05-26,2026-05-26,5.6,15.8,4,Resolved,Yes
TKT001841,CUST_061,South,Chat,Billing,Low,AGENT_12,2026-01-01,2026-01-03,16.5,48.2,5,Resolved,No
TKT002320,CUST_042,East,Phone,Other,Low,AGENT_14,2026-01-08,2026-01-12,41.6,,5,Resolved,Yes
TKT004986,CUST_043,North,Email,Damaged Goods,Low,AGENT_12,2026-03-22,,20.9,112.4,5,Resolved,Yes
TKT001152,CUST_115,East,Phone,Damaged Goods,Medium,AGENT_09,2026-04-28,,15.0,,,Open,No
TKT003189,CUST_027,South,Email,Delivery Delay,High,AGENT_08,2026-06-03,2026-06-03,6.2,9.2,5,Resolved,No
TKT000121,CUST_029,Central,Portal,Billing,Critical,AGENT_14,2026-03-25,,0.8,,,Open,No
TKT002923,CUST_095,South,Chat,Billing,Low,AGENT_09,2026-05-06,2026-05-09,46.3,84.4,5,Resolved,Yes
TKT002631,CUST_029,Central,Portal,Account Access,Critical,AGENT_04,2026-01-16,2026-01-16,1.1,7.0,2,Resolved,Yes
TKT003873,CUST_013,East,Email,Billing,High,AGENT_13,2026-05-01,2026-05-01,7.5,16.9,,Reopened,Yes
TKT004277,CUST_088,South,Chat,Account Access,High,AGENT_08,2026-03-01,2026-03-01,6.7,21.2,5,Closed,Yes
TKT001834,CUST_109,South,Phone,Account Access,Medium,AGENT_05,2026-04-14,2026-04-16,9.5,50.2,4,Closed,Yes
TKT004532,CUST_122,North,Email,Billing,Medium,AGENT_13,2026-05-26,2026-05-27,19.2,28.7,5,Resolved,No
TKT001551,CUST_109,South,Portal,Delivery Delay,Low,AGENT_14,2026-01-02,2026-01-08,16.0,150.8,4,Closed,Yes
TKT003800,CUST_141,East,Email,Account Access,Medium,AGENT_06,2026-01-28,2026-01-28,2.1,13.6,2,Resolved,No
TKT000409,CUST_016,South,Email,Delivery Delay,High,AGENT_14,2026-06-10,,1.0,,,Open,No
TKT004519,CUST_048,North,Chat,Delivery Delay,Low,AGENT_03,2026-05-24,2026-05-30,41.9,146.2,5,Resolved,Yes
TKT002158,CUST_061,East,Email,Account Access,Medium,AGENT_08,2026-02-22,2026-02-22,8.0,10.7,5,Closed,No
TKT001280,CUST_132,South,Email,Billing,Low,AGENT_04,2026-04-12,2026-04-17,19.3,143.3,4,Resolved,Yes
TKT001318,CUST_122,East,Phone,Account Access,Low,AGENT_02,2026-03-25,,4.0,,,Open,No
TKT002292,CUST_071,West,Chat,Billing,Medium,AGENT_05,2026-03-17,2026-03-20,19.7,83.8,5,Resolved,Yes
TKT001089,CUST_074,West,Phone,Damaged Goods,Medium,AGENT_14,2026-01-26,2026-01-29,5.5,,,Reopened,Yes
TKT001866,CUST_087,East,Email,Damaged Goods,Medium,AGENT_03,2026-03-20,2026-03-22,16.8,58.9,4,Closed,Yes
TKT002392,CUST_001,North,Chat,Delivery Delay,High,AGENT_08,,2026-03-02,1.3,18.7,4,Resolved,Yes
TKT001684,CUST_019,North,Email,Other,High,AGENT_08,2026-04-29,,1.1,,,Open,No
TKT003553,CUST_047,Central,Email,Other,High,AGENT_05,2026-05-05,2026-05-05,6.6,-12.9,2,Resolved,Yes
TKT004600,CUST_068,Central,Chat,Billing,Medium,AGENT_11,2026-05-01,2026-05-02,22.3,30.9,,Reopened,No
TKT000788,CUST_083,South,Chat,Damaged Goods,High,AGENT_11,2026-05-04,2026-05-04,5.4,13.1,4,Resolved,Yes
TKT002257,CUST_007,West,Chat,Delivery Delay,Medium,AGENT_01,2026-04-06,2026-04-06,11.6,16.2,4,Resolved,No
TKT001445,CUST_084,North,Email,Delivery Delay,High,AGENT_03,2026-01-23,2026-01-23,7.3,18.1,,Reopened,Yes
TKT002891,CUST_077,South,Email,Billing,Critical,AGENT_08,2026-02-07,2026-02-07,1.7,5.0,5,Resolved,Yes
TKT003019,CUST_108,North,Portal,Account Access,Low,AGENT_06,2026-01-11,2026-01-13,24.4,70.5,,Reopened,No
TKT000808,CUST_019,Central,Phone,Billing,Low,AGENT_08,2026-05-17,2026-05-20,37.2,,1,Resolved,Yes
TKT000124,CUST_013,West,Email,Account Access,Medium,AGENT_15,2026-05-25,2026-05-26,13.2,45.6,5,Resolved,Yes
TKT003258,CUST_128,South,Chat,Damaged Goods,Low,AGENT_15,2026-03-13,,47.5,,,Open,No
TKT000220,CUST_021,West,Email,Delivery Delay,Low,AGENT_09,2026-01-24,2026-01-30,39.0,157.4,3,Resolved,Yes
TKT001956,CUST_140,Central,Email,Account Access,Medium,AGENT_05,2026-06-18,2026-06-19,9.3,33.9,3,Resolved,No
TKT001603,CUST_107,North,Chat,Damaged Goods,Critical,AGENT_04,2026-02-17,,0.7,,,Open,No
TKT005000,CUST_101,East,Portal,Billing,Medium,AGENT_06,2026-01-06,2026-01-06,12.7,23.4,5,Closed,No
TKT003482,CUST_064,South,Phone,Damaged Goods,Low,AGENT_11,2026-04-05,2026-04-10,31.8,142.8,5,Resolved,Yes
TKT003358,CUST_025,South,Portal,Billing,Critical,AGENT_07,2026-04-21,2026-04-22,1.5,32.3,,Reopened,Yes
TKT000853,CUST_150,Central,Portal,Account Access,Low,AGENT_04,2026-06-24,2026-06-27,23.8,84.1,5,Resolved,Yes
TKT004157,CUST_003,South,Chat,Billing,Medium,AGENT_14,2026-01-13,2026-01-15,22.2,50.1,4,Resolved,Yes
TKT002002,CUST_025,Central,Phone,Account Access,Low,AGENT_12,2026-03-10,,35.1,,,Open,No
TKT003128,CUST_063,West,Portal,Billing,Medium,AGENT_06,2026-01-26,2026-01-27,18.4,25.9,5,Resolved,No
TKT002937,CUST_051,Central,Portal,Billing,Medium,AGENT_06,2026-03-17,2026-03-20,9.6,74.1,1,Resolved,Yes
TKT001736,CUST_080,Central,Chat,Other,Medium,AGENT_04,2026-06-09,2026-06-10,9.6,39.1,4,Closed,Yes
TKT003495,CUST_048,Central,Email,Account Access,High,AGENT_08,2026-06-30,2026-06-30,1.5,9.3,4,Resolved,No
TKT003424,CUST_137,East,Email,Billing,Low,AGENT_09,2026-02-24,2026-02-28,35.8,111.9,2,Resolved,Yes
TKT004937,CUST_027,Central,Email,Account Access,High,AGENT_02,2026-05-18,2026-05-18,0.5,-18.5,4,Closed,Yes
TKT000306,CUST_008,South,Email,Other,High,AGENT_01,2026-02-25,2026-02-25,7.7,12.4,4,Resolved,Yes
TKT002332,CUST_010,Central,Chat,Other,Critical,AGENT_10,2026-03-16,2026-03-16,0.7,5.2,4,Closed,Yes
TKT004795,CUST_049,West,Email,Account Access,High,AGENT_08,2026-03-25,2026-03-26,5.5,29.0,3,Resolved,Yes
TKT004113,CUST_010,West,Chat,Damaged Goods,Critical,AGENT_01,2026-04-28,2026-04-28,0.6,2.8,5,Resolved,No
TKT000569,CUST_127,East,Phone,Delivery Delay,Medium,AGENT_04,2026-04-21,2026-04-21,17.9,,,Reopened,No
TKT003002,CUST_144,West,Chat,Billing,Low,AGENT_01,2026-04-21,2026-04-25,31.6,111.2,,Reopened,Yes
TKT002784,CUST_073,Central,Phone,Account Access,Medium,AGENT_15,2026-05-09,2026-05-11,13.0,,4,Closed,Yes
TKT003795,CUST_133,East,Chat,Delivery Delay,Medium,AGENT_08,2026-06-26,2026-06-26,9.0,17.9,5,Resolved,No
TKT002692,CUST_008,North,Email,Billing,Low,AGENT_15,2026-02-20,2026-02-25,7.4,133.2,4,Resolved,Yes
TKT003306,CUST_002,North,Portal,Billing,Medium,AGENT_07,2026-06-16,2026-07-16,19.7,730.3,3,Resolved,Yes
TKT002904,CUST_060,North,Portal,Damaged Goods,Medium,AGENT_06,2026-06-12,2026-06-13,1.8,25.4,3,Resolved,No
TKT001975,CUST_037,South,Email,Other,Medium,AGENT_03,2026-05-28,,13.8,52.5,5,Closed,Yes
TKT002457,CUST_053,South,Chat,Billing,High,AGENT_04,2026-04-14,2026-04-14,6.4,11.3,4,Resolved,No
TKT000842,CUST_042,East,Email,Billing,Low,AGENT_07,2026-03-05,2026-04-14,19.1,969.8,5,Resolved,Yes
TKT001356,CUST_121,East,Chat,Delivery Delay,Critical,AGENT_04,2026-06-17,2026-06-17,0.9,4.3,5,Resolved,Yes
TKT002280,CUST_142,East,Email,Billing,High,AGENT_03,2026-06-25,2026-06-25,4.5,8.9,4,Closed,No
TKT000038,CUST_150,East,Phone,Delivery Delay,Low,AGENT_01,2026-03-25,2026-03-28,33.4,,3,Resolved,Yes
TKT003747,CUST_099,South,Chat,Damaged Goods,Medium,AGENT_11,2026-02-12,2026-02-12,3.5,9.8,5,Resolved,No
TKT002015,CUST_003,North,Email,Account Access,Critical,AGENT_15,2026-01-07,,1.3,4.3,5,Resolved,Yes
TKT001676,CUST_037,East,Portal,Delivery Delay,Medium,AGENT_03,2026-02-21,2026-02-21,6.5,17.4,1,Resolved,No
TKT003062,CUST_010,South,Chat,Account Access,High,AGENT_09,2026-03-04,2026-03-04,3.4,20.6,1,Resolved,Yes
TKT000201,CUST_098,Central,Phone,Account Access,Medium,AGENT_04,2026-05-05,2026-05-07,17.2,,3,Resolved,Yes
TKT004550,CUST_124,West,Chat,Billing,High,AGENT_03,2026-05-19,,2.6,13.8,,Reopened,Yes
TKT004660,CUST_079,West,Email,Billing,Low,AGENT_13,2026-03-28,,12.7,,,Open,No
TKT001820,CUST_005,North,Email,Account Access,Medium,AGENT_06,2026-03-22,2026-03-23,12.3,47.8,,Reopened,Yes
TKT002137,CUST_013,North,Portal,Damaged Goods,High,AGENT_15,2026-06-27,,0.6,,,Open,No
TKT000075,CUST_088,West,Email,Damaged Goods,Low,AGENT_03,2026-06-15,,30.7,,,Open,No
TKT003317,CUST_068,South,Chat,Other,High,AGENT_05,2026-01-18,,5.6,,,Open,No
TKT004777,CUST_036,North,Portal,Billing,Medium,AGENT_07,2026-05-05,2026-05-19,5.3,339.8,4,Resolved,Yes
TKT001456,CUST_026,South,Email,Billing,Low,AGENT_04,2026-05-31,2026-06-03,6.2,92.7,4,Closed,Yes
TKT001978,CUST_144,South,Portal,Billing,Low,AGENT_07,2026-05-25,,9.6,,,Open,No
TKT002770,CUST_036,West,Chat,Billing,Low,AGENT_01,2026-04-23,2026-04-26,22.7,83.7,5,Resolved,Yes
TKT002625,CUST_118,North,Portal,Delivery Delay,High,AGENT_09,2026-06-20,2026-06-20,3.7,5.8,5,Resolved,No
TKT003736,CUST_044,West,Phone,Billing,Medium,AGENT_10,2026-03-25,,19.0,,5,Closed,Yes
TKT000591,CUST_082,North,Portal,Delivery Delay,Low,AGENT_05,2026-06-17,,25.4,157.5,4,Closed,Yes
TKT004810,CUST_098,West,Chat,Billing,Medium,AGENT_11,2026-02-28,2026-03-01,0.8,29.3,5,Resolved,No
TKT003103,CUST_079,Central,Chat,Billing,High,AGENT_09,2026-02-19,2026-02-19,7.7,18.2,4,Resolved,Yes
TKT000423,CUST_017,East,Chat,Billing,Medium,AGENT_12,2026-03-21,2026-03-23,23.1,67.0,4,Closed,Yes
TKT001334,CUST_078,South,Portal,Delivery Delay,Medium,AGENT_03,2026-04-24,,11.0,,,Open,No
TKT004239,CUST_021,Central,Chat,Account Access,Medium,AGENT_09,2026-06-05,2026-06-05,1.4,17.4,3,Closed,No
TKT000224,CUST_146,North,Email,Account Access,Medium,AGENT_04,2026-03-22,2026-03-24,15.1,71.0,5,Resolved,Yes
TKT001268,CUST_122,South,Portal,Delivery Delay,High,AGENT_15,2026-03-09,2026-03-09,6.2,14.8,5,Closed,Yes
TKT000378,CUST_031,North,Phone,Delivery Delay,High,AGENT_05,2026-05-28,2026-05-29,6.5,,5,Resolved,Yes
TKT001377,CUST_009,Central,Email,Delivery Delay,High,AGENT_01,2026-03-11,2026-03-12,6.4,27.2,4,Closed,Yes
TKT003863,CUST_020,Central,Email,Damaged Goods,Low,AGENT_10,2026-03-07,2026-03-10,47.3,92.9,3,Resolved,Yes
TKT002493,CUST_148,South,Chat,Delivery Delay,High,AGENT_12,,2026-06-10,2.6,24.0,4,Resolved,Yes
TKT000661,CUST_111,East,Chat,Billing,Medium,AGENT_11,2026-02-13,,2.9,,,Open,No
TKT004845,CUST_063,East,Phone,Billing,Medium,AGENT_04,2026-05-02,2026-05-04,4.7,,3,Resolved,Yes
TKT003453,CUST_093,South,Email,Delivery Delay,Low,AGENT_02,2026-06-05,2026-06-07,0.8,70.6,4,Closed,No
TKT003562,CUST_108,Central,Email,Billing,Low,AGENT_04,2026-05-17,2026-05-18,31.2,44.3,,Reopened,No
TKT002098,CUST_115,West,Email,Billing,High,AGENT_03,2026-05-29,2026-05-29,3.7,20.8,5,Resolved,Yes
TKT003542,CUST_082,Central,Email,Delivery Delay,Low,AGENT_10,2026-03-05,2026-03-10,44.1,127.6,3,Resolved,Yes
TKT004729,CUST_074,Central,Chat,Billing,Medium,AGENT_11,2026-06-10,,4.5,,,Open,No
TKT002251,CUST_017,South,Email,Billing,Low,AGENT_12,2026-06-11,2026-06-12,27.1,31.7,4,Resolved,No
TKT003054,CUST_051,South,Phone,Delivery Delay,Low,AGENT_01,2026-06-27,2026-07-01,28.5,,4,Closed,Yes
TKT004505,CUST_116,North,Portal,Billing,High,AGENT_08,2026-05-22,2026-05-23,6.9,26.4,5,Resolved,Yes
TKT000166,CUST_002,Central,Chat,Damaged Goods,Low,AGENT_12,2026-06-22,,40.6,,,Open,No
TKT004989,CUST_095,Central,Email,Other,Low,AGENT_06,2026-01-16,2026-01-20,31.2,-2.3,4,Resolved,Yes
TKT004702,CUST_028,West,Email,Account Access,Medium,AGENT_10,2026-02-06,2026-02-09,18.1,80.9,3,Resolved,Yes
TKT000381,CUST_015,West,Chat,Billing,Medium,AGENT_04,2026-02-13,2026-02-15,17.7,62.4,,Reopened,Yes
TKT000305,CUST_100,Central,Email,Damaged Goods,Low,AGENT_14,2026-04-11,2026-04-13,6.9,57.8,4,Resolved,No
TKT002430,CUST_146,West,Phone,Account Access,Medium,AGENT_10,2026-03-21,2026-03-22,13.7,,5,Resolved,No
TKT002452,CUST_113,Central,Phone,Billing,Low,AGENT_01,2026-02-15,,3.6,,,Open,No
TKT003389,CUST_034,North,Portal,Account Access,Critical,AGENT_05,2026-03-16,2026-03-16,1.5,6.1,1,Closed,Yes
TKT004167,CUST_022,West,Phone,Delivery Delay,High,AGENT_10,2026-06-03,2026-06-03,4.5,11.8,4,Closed,No
TKT003278,CUST_131,South,Chat,Delivery Delay,Low,AGENT_03,2026-05-27,2026-05-31,29.9,103.9,5,Resolved,Yes
TKT001330,CUST_119,North,Email,Billing,Critical,AGENT_13,,2026-03-06,1.8,6.1,5,Resolved,Yes
TKT004269,CUST_117,West,Phone,Other,High,AGENT_08,2026-01-16,2026-01-16,1.3,,,Reopened,Yes
TKT002777,CUST_104,East,Chat,Billing,Medium,AGENT_03,2026-01-31,2026-02-02,8.6,54.0,4,Closed,Yes
TKT003977,CUST_069,North,Phone,Billing,High,AGENT_02,2026-03-27,2026-03-27,7.9,11.0,1,Resolved,No
TKT002006,CUST_071,West,Portal,Account Access,Low,AGENT_02,2026-02-26,2026-02-28,5.5,51.2,,Reopened,No
TKT004849,CUST_074,Central,Email,Other,Low,AGENT_10,2026-03-25,2026-03-31,45.5,144.1,5,Closed,Yes
TKT004673,CUST_135,North,Chat,Other,Low,AGENT_14,2026-01-19,,0.7,46.1,2,Resolved,No
TKT003323,CUST_010,Central,Email,Account Access,Low,AGENT_08,2026-03-28,2026-04-02,5.4,137.6,4,Resolved,Yes
TKT003565,CUST_082,North,Email,Delivery Delay,Medium,AGENT_06,2026-03-04,2026-03-07,21.1,84.2,,Reopened,Yes
TKT004426,CUST_069,North,Email,Delivery Delay,Low,AGENT_14,2026-06-05,2026-06-11,14.1,156.5,5,Resolved,Yes
TKT001853,CUST_118,North,Chat,Billing,High,AGENT_02,2026-01-02,,5.7,,,Open,No
TKT000887,CUST_145,East,Chat,Damaged Goods,Low,AGENT_06,2026-02-24,2026-03-01,35.8,123.1,,Reopened,Yes
TKT003214,CUST_079,West,Chat,Damaged Goods,Medium,AGENT_15,2026-01-12,2026-01-14,10.7,64.2,5,Closed,Yes
TKT003988,CUST_053,East,Email,Delivery Delay,High,AGENT_12,2026-04-08,2026-04-08,2.4,21.6,4,Resolved,Yes
TKT002617,CUST_078,South,Chat,Damaged Goods,Low,AGENT_13,2026-05-17,2026-05-17,1.1,4.7,5,Resolved,No
TKT003621,CUST_054,West,Chat,Damaged Goods,Medium,AGENT_03,2026-05-20,2026-05-22,4.6,68.9,4,Closed,Yes
TKT002274,CUST_076,Central,Chat,Billing,Critical,AGENT_03,2026-01-22,2026-01-22,1.0,6.5,1,Resolved,Yes
TKT004501,CUST_011,Central,Phone,Billing,Medium,AGENT_01,2026-04-22,2026-04-23,8.7,,5,Resolved,Yes
TKT000999,CUST_101,West,Email,Delivery Delay,Low,AGENT_06,2026-05-19,,44.1,128.5,5,Closed,Yes
TKT003292,CUST_056,South,Email,Other,Critical,AGENT_08,2026-04-11,2026-04-11,0.8,5.9,2,Resolved,Yes
TKT000890,CUST_041,West,Portal,Billing,Low,AGENT_02,2026-01-07,2026-01-08,9.2,30.4,5,Resolved,No
TKT003801,CUST_103,North,Email,Billing,High,AGENT_03,2026-06-15,2026-06-15,2.6,5.5,4,Resolved,No
TKT003833,CUST_008,East,Portal,Damaged Goods,Critical,AGENT_14,2026-03-16,2026-03-16,0.9,4.6,5,Resolved,Yes
TKT003602,CUST_065,South,Phone,Account Access,High,AGENT_09,2026-03-06,,5.7,,,Open,No
TKT002558,CUST_115,Central,Email,Billing,High,AGENT_06,2026-04-30,2026-04-30,3.3,18.6,4,Resolved,Yes
TKT003056,CUST_147,Central,Phone,Billing,Critical,AGENT_06,2026-04-20,2026-04-20,0.6,,,Reopened,Yes
TKT003057,CUST_085,West,Chat,Billing,Low,AGENT_02,2026-05-28,,29.6,36.2,5,Resolved,No
TKT001454,CUST_028,West,Chat,Account Access,High,AGENT_11,2026-06-20,2026-06-20,4.4,9.4,,Reopened,No
TKT000202,CUST_013,West,Email,Delivery Delay,Low,AGENT_07,2026-06-04,2026-07-17,36.5,1032.6,4,Resolved,Yes
TKT002995,CUST_039,West,Phone,Other,Critical,AGENT_10,2026-06-26,2026-06-26,1.2,,5,Closed,Yes
TKT004490,CUST_122,West,Email,Other,Medium,AGENT_11,2026-05-15,2026-05-18,11.3,77.9,5,Resolved,Yes
TKT003339,CUST_071,Central,Portal,Billing,Medium,AGENT_01,2026-02-19,,17.8,72.4,,Reopened,Yes
TKT003191,CUST_024,West,Chat,Account Access,High,AGENT_11,2026-03-09,2026-03-09,2.9,6.9,4,Resolved,No
TKT003959,CUST_021,North,Email,Billing,High,AGENT_12,2026-04-05,2026-04-05,7.4,16.1,1,Resolved,Yes
TKT000296,CUST_046,Central,Email,Delivery Delay,Medium,AGENT_05,2026-05-08,2026-05-10,21.9,65.2,4,Resolved,Yes
TKT004651,CUST_091,Central,Email,Delivery Delay,Critical,AGENT_08,2026-05-10,2026-05-10,1.9,6.4,3,Resolved,Yes
TKT000035,CUST_068,South,Email,Damaged Goods,Medium,AGENT_09,2026-02-04,2026-02-06,12.2,64.1,4,Resolved,Yes
TKT001822,CUST_106,Central,Chat,Account Access,Low,AGENT_10,2026-03-18,2026-03-21,25.6,78.4,3,Resolved,Yes
TKT000380,CUST_076,West,Chat,Other,Medium,AGENT_02,2026-03-28,2026-03-30,10.9,59.6,5,Resolved,Yes
TKT003264,CUST_015,North,Chat,Delivery Delay,Low,AGENT_15,2026-01-11,2026-01-15,38.1,118.6,5,Resolved,Yes
TKT002746,CUST_009,South,Chat,Account Access,Medium,AGENT_02,2026-06-10,2026-06-13,20.7,81.2,5,Resolved,Yes
TKT004761,CUST_118,West,Phone,Billing,High,AGENT_13,2026-03-13,,4.3,,,Open,No
TKT004933,CUST_148,South,Email,Billing,Low,AGENT_09,2026-04-21,,4.8,48.9,4,Resolved,No
TKT004072,CUST_009,South,Chat,Damaged Goods,High,AGENT_10,2026-06-15,2026-06-15,2.7,22.6,5,Closed,Yes
TKT002427,CUST_053,West,Phone,Other,Medium,AGENT_10,2026-02-20,2026-02-22,18.1,,3,Resolved,Yes
TKT003696,CUST_024,South,Phone,Billing,Low,AGENT_01,2026-05-07,2026-05-10,43.0,,5,Resolved,Yes
TKT004984,CUST_093,South,Phone,Billing,Medium,AGENT_13,2026-01-28,2026-01-30,10.2,,4,Closed,Yes
TKT003941,CUST_082,South,Chat,Delivery Delay,Medium,AGENT_09,2026-03-24,2026-03-25,23.9,47.3,,Reopened,Yes
TKT001208,CUST_102,North,Chat,Billing,Medium,AGENT_09,2026-03-09,2026-03-12,23.2,77.6,5,Closed,Yes
TKT004495,CUST_074,East,Chat,Damaged Goods,Medium,AGENT_01,2026-05-31,2026-06-02,7.8,48.1,4,Resolved,Yes
TKT002596,CUST_069,Central,Portal,Damaged Goods,Critical,AGENT_01,2026-06-28,,0.5,,,Open,No
TKT004911,CUST_135,Central,Chat,Account Access,Critical,AGENT_13,2026-06-08,2026-06-08,1.0,3.2,5,Resolved,No
TKT002720,CUST_032,West,Portal,Account Access,Critical,AGENT_15,2026-02-24,,1.6,5.5,3,Resolved,Yes
